id	caption
TorringtonSq3_EQR_720p_0041	urban soundscape
CamdenTown3_EQR_720p_0139	urban soundscape
RegentsParkPath1_EQR_702_0216	urban soundscape
CamdenTown4_EQR_720p_0062	urban soundscape
MarchmontGarden3_EQR_720p_0229	urban soundscape
RusselSq1_EQR_720p_0162	urban soundscape
TorringtonSq3_EQR_720p_0056	urban soundscape
MarchmontGarden1_EQR_720p_0240	urban soundscape
PancrasLock2_0058_0098	urban soundscape
CamdenMarket1_EQR_720p_0214	urban soundscape
RegentsParkJapan1_0060_0169	urban soundscape
RusselSq2_EQR_720p_0154	urban soundscape
EustonTap1_EQR_720p_0209	urban soundscape
EustonTap1_EQR_720p_0089	urban soundscape
MarchmontGarden1_EQR_720p_0172	urban soundscape
CamdenMarket1_EQR_720p_0173	urban soundscape
StPaulsRow1_0097_0259	urban soundscape
CamdenMarket1_EQR_720p_0065	urban soundscape
CamdenTown4_EQR_720p_0222	urban soundscape
CamdenTown4_EQR_720p_0065	urban soundscape
EustonTap1_EQR_720p_0215	urban soundscape
StPaulsCross1_EQR_720p_0223	urban soundscape
RegentsParkJapan2_0061_0232	urban soundscape
TateModern3_0093_0035	urban soundscape
PancrasLock1_EQR_720p_0043	urban soundscape
CamdenTown4_EQR_720p_0093	urban soundscape
RusselSq1_EQR_720p_0115	urban soundscape
MarchmontGarden2_EQR_720p_0196	urban soundscape
TateModernSq1_0075_0017	urban soundscape
EustonTap3_0347_0102	urban soundscape
StPaulsRow1_0097_0258	urban soundscape
EustonTap1_EQR_720p_0186	urban soundscape
RegentsParkJapan1_0060_0088	urban soundscape
EustonTap1_EQR_720p_0177	urban soundscape
PancrasLock1_EQR_720p_0028	urban soundscape
StPaulsCross1_EQR_720p_0143	urban soundscape
RusselSq2_EQR_720p_0212	urban soundscape
CamdenTown4_EQR_720p_0027	urban soundscape
CamdenTown4_EQR_720p_0014	urban soundscape
TateModern3_0093_0233	urban soundscape
CamdenTown3_EQR_720p_0058	urban soundscape
CamdenTown1_EQR_720p_0002	urban soundscape
EustonTap2_EQR_720p_0168	urban soundscape
RegentsParkJapan1_0060_0092	urban soundscape
CamdenTown4_EQR_720p_0211	urban soundscape
RegentsParkJapan1_0060_0173	urban soundscape
RusselSq3_EQR_720p_0062	urban soundscape
CamdenTown1_EQR_720p_0009	urban soundscape
TateModern3_0093_0017	urban soundscape
RegentsParkJapan2_0061_0167	urban soundscape
TateModern1_EQR_720p_0053	urban soundscape
MarchmontGarden3_EQR_720p_0226	urban soundscape
MarchmontGarden1_EQR_720p_0238	urban soundscape
TorringtonSq2_EQR_720p_0054	urban soundscape
RusselSq1_EQR_720p_0255	urban soundscape
RegentsParkFields2_EQR_720p_0176	urban soundscape
RusselSq1_EQR_720p_0116	urban soundscape
RegentsParkPath1_EQR_702_0188	urban soundscape
CamdenTown2_EQR_720p_0121	urban soundscape
TateModern1_EQR_720p_0089	urban soundscape
TateModern3_0093_0243	urban soundscape
RegentsParkJapan2_0061_0154	urban soundscape
RegentsParkJapan1_0060_0208	urban soundscape
CamdenTown2_EQR_720p_0165	urban soundscape
CamdenMarket1_EQR_720p_0090	urban soundscape
CamdenTown2_EQR_720p_0133	urban soundscape
MarchmontGarden1_EQR_720p_0209	urban soundscape
EustonTap1_EQR_720p_0159	urban soundscape
RegentsParkJapan2_0061_0007	urban soundscape
StPaulsRow1_0097_0113	urban soundscape
CamdenTown1_EQR_720p_0171	urban soundscape
MarchmontGarden2_EQR_720p_0031	urban soundscape
EustonTap2_EQR_720p_0152	urban soundscape
MarchmontGarden2_EQR_720p_0151	urban soundscape
EustonTap1_EQR_720p_0149	urban soundscape
MarchmontGarden3_EQR_720p_0045	urban soundscape
RegentsParkJapan1_0060_0132	urban soundscape
RegentsParkJapan2_0061_0180	urban soundscape
RegentsParkJapan2_0061_0111	urban soundscape
MarchmontGarden3_EQR_720p_0275	urban soundscape
StPaulsCross1_EQR_720p_0016	urban soundscape
MarchmontGarden1_EQR_720p_0267	urban soundscape
StPaulsCross1_EQR_720p_0151	urban soundscape
MarchmontGarden3_EQR_720p_0110	urban soundscape
TorringtonSq4_EQR_720p_0144	urban soundscape
EustonTap1_EQR_720p_0213	urban soundscape
RusselSq2_EQR_720p_0151	urban soundscape
RusselSq3_EQR_720p_0074	urban soundscape
CamdenMarket1_EQR_720p_0071	urban soundscape
CamdenTown1_EQR_720p_0011	urban soundscape
StPaulsCross1_EQR_720p_0085	urban soundscape
StPaulsCross1_EQR_720p_0075	urban soundscape
RegentsParkJapan1_0060_0224	urban soundscape
RegentsParkJapan2_0061_0063	urban soundscape
StPaulsRow1_0097_0248	urban soundscape
RusselSq2_EQR_720p_0125	urban soundscape
TorringtonSq4_EQR_720p_0127	urban soundscape
MarchmontGarden1_EQR_720p_0034	urban soundscape
RegentsParkJapan2_0061_0259	urban soundscape
StPaulsCross1_EQR_720p_0114	urban soundscape
TateModernSq1_0075_0137	urban soundscape
StPaulsRow1_0097_0088	urban soundscape
CamdenMarket1_EQR_720p_0084	urban soundscape
CamdenMarket1_EQR_720p_0208	urban soundscape
RegentsParkPath1_EQR_702_0193	urban soundscape
TateModernSq1_0075_0003	urban soundscape
EustonTap3_0347_0024	urban soundscape
EustonTap3_0347_0084	urban soundscape
EustonTap2_EQR_720p_0001	urban soundscape
TateModernSq1_0075_0108	urban soundscape
RusselSq2_EQR_720p_0062	urban soundscape
TorringtonSq3_EQR_720p_0052	urban soundscape
MarchmontGarden3_EQR_720p_0027	urban soundscape
CamdenTown1_EQR_720p_0006	urban soundscape
TorringtonSq3_EQR_720p_0029	urban soundscape
CamdenMarket1_EQR_720p_0001	urban soundscape
StPaulsRow1_0097_0025	urban soundscape
TorringtonSq4_EQR_720p_0011	urban soundscape
RegentsParkJapan2_0061_0015	urban soundscape
CamdenTown2_EQR_720p_0081	urban soundscape
RegentsParkJapan2_0061_0225	urban soundscape
MarchmontGarden3_EQR_720p_0002	urban soundscape
PancrasLock1_EQR_720p_0003	urban soundscape
RegentsParkJapan2_0061_0029	urban soundscape
RusselSq3_EQR_720p_0014	urban soundscape
TateModernSq2_0076_0127	urban soundscape
RegentsParkFields2_EQR_720p_0023	urban soundscape
EustonTap2_EQR_720p_0014	urban soundscape
PancrasLock1_EQR_720p_0194	urban soundscape
StPaulsCross1_EQR_720p_0013	urban soundscape
CamdenTown4_EQR_720p_0203	urban soundscape
TorringtonSq3_EQR_720p_0028	urban soundscape
CamdenTown3_EQR_720p_0062	urban soundscape
CamdenMarket1_EQR_720p_0037	urban soundscape
EustonTap2_EQR_720p_0213	urban soundscape
RegentsParkJapan1_0060_0165	urban soundscape
PancrasLock1_EQR_720p_0177	urban soundscape
RusselSq3_EQR_720p_0044	urban soundscape
TorringtonSq4_EQR_720p_0116	urban soundscape
RegentsParkJapan2_0061_0153	urban soundscape
RegentsParkFields2_EQR_720p_0086	urban soundscape
PancrasLock2_0058_0129	urban soundscape
RegentsParkPath1_EQR_702_0100	urban soundscape
RegentsParkPath1_EQR_702_0077	urban soundscape
RegentsParkJapan2_0061_0058	urban soundscape
MarchmontGarden2_EQR_720p_0075	urban soundscape
MarchmontGarden2_EQR_720p_0274	urban soundscape
StPaulsRow1_0097_0193	urban soundscape
TateModern1_EQR_720p_0221	urban soundscape
RegentsParkJapan1_0060_0025	urban soundscape
TateModernSq2_0076_0144	urban soundscape
TorringtonSq4_EQR_720p_0201	urban soundscape
TateModernSq2_0076_0139	urban soundscape
RusselSq1_EQR_720p_0028	urban soundscape
TorringtonSq4_EQR_720p_0124	urban soundscape
TateModern3_0093_0113	urban soundscape
PancrasLock2_0058_0277	urban soundscape
CamdenMarket1_EQR_720p_0151	urban soundscape
RegentsParkJapan1_0060_0162	urban soundscape
RegentsParkFields2_EQR_720p_0161	urban soundscape
CamdenTown4_EQR_720p_0121	urban soundscape
TateModern3_0093_0000	urban soundscape
TateModern1_EQR_720p_0239	urban soundscape
CamdenTown3_EQR_720p_0158	urban soundscape
TorringtonSq2_EQR_720p_0181	urban soundscape
RegentsParkJapan1_0060_0205	urban soundscape
PancrasLock2_0058_0099	urban soundscape
EustonTap3_0347_0028	urban soundscape
PancrasLock1_EQR_720p_0036	urban soundscape
RusselSq3_EQR_720p_0060	urban soundscape
TateModernSq2_0076_0169	urban soundscape
StPaulsRow1_0097_0236	urban soundscape
MarchmontGarden3_EQR_720p_0175	urban soundscape
PancrasLock2_0058_0250	urban soundscape
EustonTap2_EQR_720p_0015	urban soundscape
TateModern3_0093_0238	urban soundscape
RegentsParkFields2_EQR_720p_0030	urban soundscape
EustonTap2_EQR_720p_0216	urban soundscape
RegentsParkFields2_EQR_720p_0180	urban soundscape
PancrasLock2_0058_0121	urban soundscape
TateModernSq1_0075_0088	urban soundscape
CamdenTown1_EQR_720p_0190	urban soundscape
MarchmontGarden3_EQR_720p_0065	urban soundscape
TateModern3_0093_0096	urban soundscape
RegentsParkJapan1_0060_0256	urban soundscape
RegentsParkPath1_EQR_702_0191	urban soundscape
RusselSq1_EQR_720p_0134	urban soundscape
TateModernSq1_0075_0080	urban soundscape
CamdenTown1_EQR_720p_0132	urban soundscape
PancrasLock2_0058_0006	urban soundscape
TateModern1_EQR_720p_0167	urban soundscape
TateModernSq2_0076_0140	urban soundscape
MarchmontGarden2_EQR_720p_0177	urban soundscape
TateModernSq2_0076_0189	urban soundscape
StPaulsRow1_0097_0056	urban soundscape
RegentsParkJapan2_0061_0245	urban soundscape
StPaulsCross1_EQR_720p_0038	urban soundscape
RegentsParkJapan2_0061_0253	urban soundscape
RegentsParkJapan1_0060_0060	urban soundscape
MarchmontGarden2_EQR_720p_0064	urban soundscape
RusselSq2_EQR_720p_0060	urban soundscape
TateModernSq2_0076_0132	urban soundscape
TateModern1_EQR_720p_0148	urban soundscape
RegentsParkFields2_EQR_720p_0217	urban soundscape
TateModern3_0093_0019	urban soundscape
RegentsParkJapan1_0060_0064	urban soundscape
RusselSq1_EQR_720p_0199	urban soundscape
TorringtonSq2_EQR_720p_0166	urban soundscape
RegentsParkJapan1_0060_0267	urban soundscape
RusselSq3_EQR_720p_0068	urban soundscape
CamdenTown2_EQR_720p_0003	urban soundscape
CamdenTown2_EQR_720p_0233	urban soundscape
MarchmontGarden3_EQR_720p_0194	urban soundscape
TorringtonSq2_EQR_720p_0073	urban soundscape
MarchmontGarden2_EQR_720p_0265	urban soundscape
EustonTap2_EQR_720p_0088	urban soundscape
PancrasLock2_0058_0182	urban soundscape
RegentsParkPath1_EQR_702_0022	urban soundscape
RusselSq1_EQR_720p_0239	urban soundscape
RusselSq2_EQR_720p_0241	urban soundscape
TorringtonSq2_EQR_720p_0156	urban soundscape
MarchmontGarden1_EQR_720p_0071	urban soundscape
StPaulsRow1_0097_0241	urban soundscape
RegentsParkJapan1_0060_0265	urban soundscape
RegentsParkJapan1_0060_0191	urban soundscape
PancrasLock1_EQR_720p_0002	urban soundscape
TorringtonSq4_EQR_720p_0190	urban soundscape
PancrasLock2_0058_0020	urban soundscape
TorringtonSq4_EQR_720p_0153	urban soundscape
RusselSq3_EQR_720p_0029	urban soundscape
TateModernSq1_0075_0046	urban soundscape
TateModern3_0093_0224	urban soundscape
MarchmontGarden1_EQR_720p_0088	urban soundscape
StPaulsRow1_0097_0142	urban soundscape
CamdenTown2_EQR_720p_0183	urban soundscape
MarchmontGarden1_EQR_720p_0212	urban soundscape
TateModern3_0093_0208	urban soundscape
EustonTap2_EQR_720p_0177	urban soundscape
PancrasLock2_0058_0272	urban soundscape
TateModern3_0093_0241	urban soundscape
RegentsParkJapan1_0060_0062	urban soundscape
EustonTap1_EQR_720p_0191	urban soundscape
EustonTap2_EQR_720p_0076	urban soundscape
RegentsParkPath1_EQR_702_0180	urban soundscape
EustonTap2_EQR_720p_0000	urban soundscape
RegentsParkPath1_EQR_702_0227	urban soundscape
RegentsParkJapan1_0060_0263	urban soundscape
CamdenTown3_EQR_720p_0184	urban soundscape
EustonTap3_0347_0152	urban soundscape
TorringtonSq2_EQR_720p_0083	urban soundscape
RegentsParkPath1_EQR_702_0200	urban soundscape
RegentsParkJapan1_0060_0033	urban soundscape
CamdenTown2_EQR_720p_0095	urban soundscape
CamdenTown3_EQR_720p_0112	urban soundscape
CamdenTown1_EQR_720p_0212	urban soundscape
RegentsParkJapan1_0060_0194	urban soundscape
StPaulsRow1_0097_0112	urban soundscape
TorringtonSq2_EQR_720p_0101	urban soundscape
MarchmontGarden2_EQR_720p_0002	urban soundscape
StPaulsRow1_0097_0198	urban soundscape
RusselSq2_EQR_720p_0123	urban soundscape
EustonTap2_EQR_720p_0167	urban soundscape
CamdenTown2_EQR_720p_0094	urban soundscape
TorringtonSq2_EQR_720p_0096	urban soundscape
TorringtonSq3_EQR_720p_0022	urban soundscape
RegentsParkFields2_EQR_720p_0191	urban soundscape
RegentsParkPath1_EQR_702_0008	urban soundscape
MarchmontGarden1_EQR_720p_0232	urban soundscape
TateModern1_EQR_720p_0045	urban soundscape
RegentsParkFields2_EQR_720p_0219	urban soundscape
TateModernSq2_0076_0037	urban soundscape
MarchmontGarden2_EQR_720p_0041	urban soundscape
RusselSq3_EQR_720p_0024	urban soundscape
PancrasLock2_0058_0291	urban soundscape
TorringtonSq2_EQR_720p_0011	urban soundscape
EustonTap1_EQR_720p_0024	urban soundscape
TorringtonSq2_EQR_720p_0122	urban soundscape
RegentsParkPath1_EQR_702_0065	urban soundscape
TorringtonSq3_EQR_720p_0007	urban soundscape
CamdenTown1_EQR_720p_0105	urban soundscape
TorringtonSq2_EQR_720p_0125	urban soundscape
EustonTap1_EQR_720p_0069	urban soundscape
EustonTap1_EQR_720p_0143	urban soundscape
MarchmontGarden1_EQR_720p_0056	urban soundscape
EustonTap2_EQR_720p_0203	urban soundscape
TateModernSq2_0076_0066	urban soundscape
StPaulsRow1_0097_0150	urban soundscape
EustonTap1_EQR_720p_0204	urban soundscape
RegentsParkFields2_EQR_720p_0184	urban soundscape
RusselSq1_EQR_720p_0067	urban soundscape
CamdenMarket1_EQR_720p_0060	urban soundscape
RusselSq2_EQR_720p_0087	urban soundscape
RusselSq2_EQR_720p_0220	urban soundscape
TateModernSq1_0075_0085	urban soundscape
CamdenTown3_EQR_720p_0055	urban soundscape
RegentsParkPath1_EQR_702_0099	urban soundscape
MarchmontGarden1_EQR_720p_0064	urban soundscape
RegentsParkJapan2_0061_0244	urban soundscape
RegentsParkFields2_EQR_720p_0189	urban soundscape
PancrasLock2_0058_0009	urban soundscape
TorringtonSq4_EQR_720p_0028	urban soundscape
StPaulsCross1_EQR_720p_0113	urban soundscape
StPaulsRow1_0097_0055	urban soundscape
MarchmontGarden2_EQR_720p_0099	urban soundscape
MarchmontGarden2_EQR_720p_0145	urban soundscape
PancrasLock1_EQR_720p_0160	urban soundscape
MarchmontGarden3_EQR_720p_0000	urban soundscape
RegentsParkFields2_EQR_720p_0091	urban soundscape
TorringtonSq2_EQR_720p_0239	urban soundscape
TateModernSq1_0075_0154	urban soundscape
PancrasLock2_0058_0246	urban soundscape
MarchmontGarden1_EQR_720p_0012	urban soundscape
RegentsParkJapan2_0061_0117	urban soundscape
CamdenTown2_EQR_720p_0090	urban soundscape
TateModern3_0093_0003	urban soundscape
PancrasLock1_EQR_720p_0126	urban soundscape
EustonTap3_0347_0135	urban soundscape
TorringtonSq2_EQR_720p_0247	urban soundscape
TateModern3_0093_0144	urban soundscape
CamdenMarket1_EQR_720p_0116	urban soundscape
StPaulsCross1_EQR_720p_0002	urban soundscape
RegentsParkJapan1_0060_0108	urban soundscape
EustonTap2_EQR_720p_0156	urban soundscape
MarchmontGarden3_EQR_720p_0124	urban soundscape
StPaulsRow1_0097_0161	urban soundscape
StPaulsCross1_EQR_720p_0141	urban soundscape
PancrasLock1_EQR_720p_0254	urban soundscape
MarchmontGarden2_EQR_720p_0251	urban soundscape
EustonTap3_0347_0083	urban soundscape
CamdenMarket1_EQR_720p_0143	urban soundscape
TorringtonSq2_EQR_720p_0238	urban soundscape
StPaulsCross1_EQR_720p_0130	urban soundscape
CamdenTown1_EQR_720p_0157	urban soundscape
EustonTap1_EQR_720p_0099	urban soundscape
MarchmontGarden2_EQR_720p_0092	urban soundscape
EustonTap1_EQR_720p_0056	urban soundscape
PancrasLock2_0058_0027	urban soundscape
RegentsParkFields2_EQR_720p_0022	urban soundscape
PancrasLock1_EQR_720p_0157	urban soundscape
CamdenTown3_EQR_720p_0109	urban soundscape
TateModern1_EQR_720p_0037	urban soundscape
StPaulsRow1_0097_0246	urban soundscape
TateModern1_EQR_720p_0134	urban soundscape
CamdenTown2_EQR_720p_0126	urban soundscape
TateModern3_0093_0156	urban soundscape
TateModern3_0093_0002	urban soundscape
MarchmontGarden3_EQR_720p_0055	urban soundscape
CamdenTown1_EQR_720p_0028	urban soundscape
RusselSq2_EQR_720p_0180	urban soundscape
MarchmontGarden2_EQR_720p_0311	urban soundscape
CamdenTown2_EQR_720p_0219	urban soundscape
MarchmontGarden3_EQR_720p_0160	urban soundscape
CamdenMarket1_EQR_720p_0020	urban soundscape
RegentsParkJapan1_0060_0178	urban soundscape
RusselSq1_EQR_720p_0005	urban soundscape
CamdenTown4_EQR_720p_0189	urban soundscape
EustonTap2_EQR_720p_0090	urban soundscape
TateModernSq1_0075_0115	urban soundscape
RegentsParkJapan1_0060_0230	urban soundscape
RegentsParkPath1_EQR_702_0018	urban soundscape
MarchmontGarden3_EQR_720p_0147	urban soundscape
StPaulsCross1_EQR_720p_0057	urban soundscape
RegentsParkJapan2_0061_0045	urban soundscape
TorringtonSq2_EQR_720p_0136	urban soundscape
RusselSq3_EQR_720p_0005	urban soundscape
PancrasLock1_EQR_720p_0168	urban soundscape
StPaulsCross1_EQR_720p_0089	urban soundscape
CamdenTown2_EQR_720p_0124	urban soundscape
MarchmontGarden2_EQR_720p_0178	urban soundscape
CamdenTown3_EQR_720p_0036	urban soundscape
TateModernSq2_0076_0076	urban soundscape
TorringtonSq2_EQR_720p_0109	urban soundscape
MarchmontGarden1_EQR_720p_0279	urban soundscape
TateModernSq2_0076_0118	urban soundscape
CamdenTown4_EQR_720p_0001	urban soundscape
StPaulsCross1_EQR_720p_0219	urban soundscape
CamdenTown1_EQR_720p_0173	urban soundscape
TorringtonSq4_EQR_720p_0067	urban soundscape
RusselSq3_EQR_720p_0079	urban soundscape
MarchmontGarden1_EQR_720p_0261	urban soundscape
PancrasLock1_EQR_720p_0010	urban soundscape
RegentsParkPath1_EQR_702_0184	urban soundscape
MarchmontGarden3_EQR_720p_0127	urban soundscape
RegentsParkJapan2_0061_0258	urban soundscape
RegentsParkFields2_EQR_720p_0154	urban soundscape
MarchmontGarden3_EQR_720p_0224	urban soundscape
RegentsParkJapan2_0061_0216	urban soundscape
PancrasLock2_0058_0195	urban soundscape
RegentsParkJapan1_0060_0032	urban soundscape
CamdenMarket1_EQR_720p_0145	urban soundscape
MarchmontGarden3_EQR_720p_0013	urban soundscape
RegentsParkJapan1_0060_0155	urban soundscape
EustonTap2_EQR_720p_0059	urban soundscape
StPaulsCross1_EQR_720p_0200	urban soundscape
TateModernSq2_0076_0053	urban soundscape
RegentsParkFields2_EQR_720p_0146	urban soundscape
RusselSq2_EQR_720p_0011	urban soundscape
CamdenTown3_EQR_720p_0127	urban soundscape
MarchmontGarden3_EQR_720p_0098	urban soundscape
PancrasLock2_0058_0241	urban soundscape
RegentsParkFields2_EQR_720p_0051	urban soundscape
TateModern1_EQR_720p_0213	urban soundscape
CamdenTown2_EQR_720p_0194	urban soundscape
MarchmontGarden3_EQR_720p_0230	urban soundscape
TorringtonSq2_EQR_720p_0248	urban soundscape
TateModern1_EQR_720p_0063	urban soundscape
CamdenTown2_EQR_720p_0005	urban soundscape
TateModern3_0093_0202	urban soundscape
EustonTap1_EQR_720p_0079	urban soundscape
RegentsParkJapan2_0061_0102	urban soundscape
EustonTap3_0347_0074	urban soundscape
CamdenTown3_EQR_720p_0119	urban soundscape
RegentsParkFields2_EQR_720p_0183	urban soundscape
CamdenTown3_EQR_720p_0117	urban soundscape
TateModernSq2_0076_0071	urban soundscape
RegentsParkJapan2_0061_0181	urban soundscape
TateModern3_0093_0111	urban soundscape
MarchmontGarden2_EQR_720p_0060	urban soundscape
MarchmontGarden2_EQR_720p_0310	urban soundscape
MarchmontGarden3_EQR_720p_0125	urban soundscape
EustonTap3_0347_0071	urban soundscape
EustonTap1_EQR_720p_0014	urban soundscape
EustonTap3_0347_0075	urban soundscape
RegentsParkFields2_EQR_720p_0102	urban soundscape
EustonTap2_EQR_720p_0002	urban soundscape
CamdenTown4_EQR_720p_0140	urban soundscape
RusselSq2_EQR_720p_0253	urban soundscape
RegentsParkFields2_EQR_720p_0068	urban soundscape
RusselSq1_EQR_720p_0274	urban soundscape
RegentsParkJapan1_0060_0156	urban soundscape
CamdenTown3_EQR_720p_0220	urban soundscape
CamdenTown1_EQR_720p_0255	urban soundscape
RegentsParkJapan2_0061_0124	urban soundscape
TateModernSq2_0076_0121	urban soundscape
RusselSq1_EQR_720p_0024	urban soundscape
MarchmontGarden1_EQR_720p_0057	urban soundscape
RusselSq1_EQR_720p_0035	urban soundscape
RegentsParkJapan2_0061_0156	urban soundscape
RusselSq2_EQR_720p_0033	urban soundscape
TateModern3_0093_0226	urban soundscape
TateModern1_EQR_720p_0022	urban soundscape
TateModern1_EQR_720p_0109	urban soundscape
CamdenMarket1_EQR_720p_0102	urban soundscape
RegentsParkJapan1_0060_0186	urban soundscape
RusselSq1_EQR_720p_0266	urban soundscape
EustonTap1_EQR_720p_0047	urban soundscape
CamdenTown4_EQR_720p_0036	urban soundscape
RusselSq3_EQR_720p_0057	urban soundscape
RegentsParkPath1_EQR_702_0052	urban soundscape
EustonTap1_EQR_720p_0174	urban soundscape
MarchmontGarden3_EQR_720p_0184	urban soundscape
EustonTap2_EQR_720p_0128	urban soundscape
TorringtonSq4_EQR_720p_0160	urban soundscape
TorringtonSq4_EQR_720p_0073	urban soundscape
RegentsParkFields2_EQR_720p_0015	urban soundscape
RegentsParkFields2_EQR_720p_0071	urban soundscape
TateModernSq1_0075_0104	urban soundscape
TateModern3_0093_0271	urban soundscape
MarchmontGarden3_EQR_720p_0238	urban soundscape
PancrasLock2_0058_0047	urban soundscape
CamdenMarket1_EQR_720p_0176	urban soundscape
TorringtonSq4_EQR_720p_0045	urban soundscape
MarchmontGarden2_EQR_720p_0083	urban soundscape
RusselSq1_EQR_720p_0022	urban soundscape
RegentsParkPath1_EQR_702_0094	urban soundscape
CamdenMarket1_EQR_720p_0216	urban soundscape
RusselSq3_EQR_720p_0065	urban soundscape
RegentsParkPath1_EQR_702_0050	urban soundscape
MarchmontGarden2_EQR_720p_0188	urban soundscape
RegentsParkJapan2_0061_0023	urban soundscape
TateModern1_EQR_720p_0193	urban soundscape
MarchmontGarden3_EQR_720p_0093	urban soundscape
PancrasLock2_0058_0001	urban soundscape
TateModernSq1_0075_0173	urban soundscape
TateModern3_0093_0124	urban soundscape
PancrasLock1_EQR_720p_0008	urban soundscape
TateModern3_0093_0246	urban soundscape
PancrasLock2_0058_0105	urban soundscape
RegentsParkJapan2_0061_0010	urban soundscape
TateModern3_0093_0108	urban soundscape
RegentsParkJapan1_0060_0146	urban soundscape
RegentsParkFields2_EQR_720p_0052	urban soundscape
PancrasLock1_EQR_720p_0173	urban soundscape
RegentsParkJapan1_0060_0247	urban soundscape
StPaulsRow1_0097_0182	urban soundscape
TateModernSq1_0075_0127	urban soundscape
StPaulsRow1_0097_0048	urban soundscape
RusselSq2_EQR_720p_0120	urban soundscape
RegentsParkFields2_EQR_720p_0115	urban soundscape
TateModern1_EQR_720p_0235	urban soundscape
TateModern3_0093_0022	urban soundscape
CamdenMarket1_EQR_720p_0069	urban soundscape
StPaulsRow1_0097_0260	urban soundscape
RegentsParkJapan2_0061_0233	urban soundscape
EustonTap1_EQR_720p_0161	urban soundscape
RegentsParkJapan2_0061_0074	urban soundscape
RusselSq3_EQR_720p_0004	urban soundscape
RusselSq2_EQR_720p_0073	urban soundscape
MarchmontGarden2_EQR_720p_0193	urban soundscape
CamdenTown3_EQR_720p_0092	urban soundscape
TateModernSq2_0076_0109	urban soundscape
PancrasLock2_0058_0226	urban soundscape
RegentsParkFields2_EQR_720p_0047	urban soundscape
CamdenMarket1_EQR_720p_0025	urban soundscape
RusselSq3_EQR_720p_0020	urban soundscape
TateModern1_EQR_720p_0078	urban soundscape
TorringtonSq2_EQR_720p_0079	urban soundscape
TateModernSq2_0076_0041	urban soundscape
TorringtonSq3_EQR_720p_0035	urban soundscape
CamdenMarket1_EQR_720p_0067	urban soundscape
EustonTap2_EQR_720p_0153	urban soundscape
RegentsParkJapan1_0060_0269	urban soundscape
PancrasLock2_0058_0000	urban soundscape
MarchmontGarden2_EQR_720p_0175	urban soundscape
TorringtonSq4_EQR_720p_0149	urban soundscape
RegentsParkPath1_EQR_702_0156	urban soundscape
RegentsParkJapan1_0060_0172	urban soundscape
MarchmontGarden3_EQR_720p_0223	urban soundscape
RusselSq2_EQR_720p_0208	urban soundscape
MarchmontGarden1_EQR_720p_0220	urban soundscape
EustonTap3_0347_0091	urban soundscape
RusselSq3_EQR_720p_0099	urban soundscape
MarchmontGarden1_EQR_720p_0157	urban soundscape
StPaulsRow1_0097_0230	urban soundscape
MarchmontGarden2_EQR_720p_0181	urban soundscape
EustonTap2_EQR_720p_0119	urban soundscape
TorringtonSq4_EQR_720p_0193	urban soundscape
EustonTap2_EQR_720p_0208	urban soundscape
RusselSq1_EQR_720p_0086	urban soundscape
PancrasLock2_0058_0053	urban soundscape
EustonTap1_EQR_720p_0164	urban soundscape
CamdenTown3_EQR_720p_0215	urban soundscape
CamdenMarket1_EQR_720p_0123	urban soundscape
RegentsParkJapan1_0060_0253	urban soundscape
MarchmontGarden3_EQR_720p_0270	urban soundscape
PancrasLock1_EQR_720p_0245	urban soundscape
CamdenTown4_EQR_720p_0064	urban soundscape
EustonTap1_EQR_720p_0037	urban soundscape
StPaulsCross1_EQR_720p_0077	urban soundscape
RusselSq1_EQR_720p_0147	urban soundscape
EustonTap2_EQR_720p_0052	urban soundscape
CamdenTown2_EQR_720p_0189	urban soundscape
TateModern3_0093_0045	urban soundscape
MarchmontGarden3_EQR_720p_0139	urban soundscape
TorringtonSq4_EQR_720p_0211	urban soundscape
TateModernSq1_0075_0123	urban soundscape
TorringtonSq2_EQR_720p_0142	urban soundscape
RegentsParkPath1_EQR_702_0007	urban soundscape
EustonTap2_EQR_720p_0040	urban soundscape
TorringtonSq2_EQR_720p_0245	urban soundscape
TorringtonSq4_EQR_720p_0050	urban soundscape
RusselSq2_EQR_720p_0021	urban soundscape
RegentsParkPath1_EQR_702_0088	urban soundscape
RegentsParkPath1_EQR_702_0061	urban soundscape
RegentsParkPath1_EQR_702_0162	urban soundscape
EustonTap2_EQR_720p_0217	urban soundscape
CamdenTown1_EQR_720p_0049	urban soundscape
RusselSq3_EQR_720p_0053	urban soundscape
RegentsParkJapan2_0061_0251	urban soundscape
EustonTap1_EQR_720p_0053	urban soundscape
TorringtonSq4_EQR_720p_0213	urban soundscape
TorringtonSq2_EQR_720p_0040	urban soundscape
RegentsParkJapan1_0060_0103	urban soundscape
EustonTap2_EQR_720p_0064	urban soundscape
CamdenTown2_EQR_720p_0026	urban soundscape
EustonTap1_EQR_720p_0220	urban soundscape
TateModernSq1_0075_0079	urban soundscape
RegentsParkPath1_EQR_702_0017	urban soundscape
TorringtonSq4_EQR_720p_0085	urban soundscape
TorringtonSq4_EQR_720p_0117	urban soundscape
PancrasLock1_EQR_720p_0093	urban soundscape
CamdenMarket1_EQR_720p_0006	urban soundscape
RusselSq2_EQR_720p_0251	urban soundscape
RusselSq2_EQR_720p_0248	urban soundscape
MarchmontGarden2_EQR_720p_0235	urban soundscape
StPaulsRow1_0097_0163	urban soundscape
RegentsParkJapan1_0060_0096	urban soundscape
RusselSq1_EQR_720p_0061	urban soundscape
RusselSq2_EQR_720p_0048	urban soundscape
CamdenTown1_EQR_720p_0184	urban soundscape
TorringtonSq4_EQR_720p_0106	urban soundscape
CamdenTown3_EQR_720p_0132	urban soundscape
MarchmontGarden2_EQR_720p_0096	urban soundscape
TorringtonSq4_EQR_720p_0206	urban soundscape
RegentsParkJapan1_0060_0095	urban soundscape
RegentsParkPath1_EQR_702_0177	urban soundscape
TorringtonSq4_EQR_720p_0145	urban soundscape
PancrasLock1_EQR_720p_0083	urban soundscape
PancrasLock2_0058_0078	urban soundscape
TorringtonSq4_EQR_720p_0169	urban soundscape
CamdenTown4_EQR_720p_0177	urban soundscape
RusselSq2_EQR_720p_0197	urban soundscape
MarchmontGarden1_EQR_720p_0154	urban soundscape
CamdenTown3_EQR_720p_0018	urban soundscape
RusselSq2_EQR_720p_0161	urban soundscape
TateModern3_0093_0273	urban soundscape
PancrasLock2_0058_0018	urban soundscape
MarchmontGarden2_EQR_720p_0026	urban soundscape
RegentsParkPath1_EQR_702_0212	urban soundscape
TorringtonSq4_EQR_720p_0068	urban soundscape
EustonTap1_EQR_720p_0131	urban soundscape
RusselSq1_EQR_720p_0021	urban soundscape
RegentsParkFields2_EQR_720p_0053	urban soundscape
StPaulsCross1_EQR_720p_0190	urban soundscape
TorringtonSq2_EQR_720p_0129	urban soundscape
MarchmontGarden1_EQR_720p_0147	urban soundscape
TateModern3_0093_0098	urban soundscape
TateModern1_EQR_720p_0207	urban soundscape
CamdenTown1_EQR_720p_0215	urban soundscape
EustonTap1_EQR_720p_0178	urban soundscape
EustonTap3_0347_0078	urban soundscape
TorringtonSq4_EQR_720p_0130	urban soundscape
MarchmontGarden1_EQR_720p_0217	urban soundscape
MarchmontGarden3_EQR_720p_0103	urban soundscape
CamdenTown2_EQR_720p_0118	urban soundscape
RusselSq1_EQR_720p_0047	urban soundscape
RegentsParkJapan1_0060_0218	urban soundscape
EustonTap3_0347_0001	urban soundscape
RusselSq1_EQR_720p_0075	urban soundscape
RegentsParkJapan2_0061_0272	urban soundscape
CamdenTown2_EQR_720p_0238	urban soundscape
TorringtonSq2_EQR_720p_0130	urban soundscape
RegentsParkJapan1_0060_0021	urban soundscape
TateModernSq1_0075_0026	urban soundscape
CamdenTown3_EQR_720p_0182	urban soundscape
TateModernSq1_0075_0082	urban soundscape
CamdenMarket1_EQR_720p_0099	urban soundscape
TateModern1_EQR_720p_0101	urban soundscape
RegentsParkJapan1_0060_0262	urban soundscape
RegentsParkJapan2_0061_0114	urban soundscape
TateModern1_EQR_720p_0225	urban soundscape
EustonTap2_EQR_720p_0204	urban soundscape
CamdenMarket1_EQR_720p_0041	urban soundscape
EustonTap1_EQR_720p_0229	urban soundscape
PancrasLock2_0058_0233	urban soundscape
TateModernSq1_0075_0148	urban soundscape
CamdenMarket1_EQR_720p_0059	urban soundscape
CamdenTown1_EQR_720p_0155	urban soundscape
TateModern1_EQR_720p_0019	urban soundscape
StPaulsRow1_0097_0227	urban soundscape
CamdenTown3_EQR_720p_0042	urban soundscape
TateModern1_EQR_720p_0149	urban soundscape
StPaulsRow1_0097_0116	urban soundscape
TateModernSq1_0075_0051	urban soundscape
EustonTap3_0347_0110	urban soundscape
MarchmontGarden2_EQR_720p_0079	urban soundscape
TorringtonSq4_EQR_720p_0087	urban soundscape
MarchmontGarden2_EQR_720p_0020	urban soundscape
TorringtonSq3_EQR_720p_0003	urban soundscape
TateModernSq2_0076_0222	urban soundscape
RusselSq1_EQR_720p_0159	urban soundscape
TateModern3_0093_0073	urban soundscape
EustonTap1_EQR_720p_0142	urban soundscape
TateModern3_0093_0094	urban soundscape
CamdenTown2_EQR_720p_0141	urban soundscape
EustonTap1_EQR_720p_0135	urban soundscape
CamdenTown2_EQR_720p_0223	urban soundscape
StPaulsCross1_EQR_720p_0186	urban soundscape
MarchmontGarden1_EQR_720p_0038	urban soundscape
TateModern3_0093_0143	urban soundscape
RegentsParkFields2_EQR_720p_0171	urban soundscape
CamdenMarket1_EQR_720p_0101	urban soundscape
RegentsParkJapan2_0061_0136	urban soundscape
PancrasLock1_EQR_720p_0242	urban soundscape
TateModern3_0093_0088	urban soundscape
RegentsParkJapan1_0060_0115	urban soundscape
CamdenTown3_EQR_720p_0095	urban soundscape
PancrasLock2_0058_0225	urban soundscape
TateModern3_0093_0225	urban soundscape
CamdenMarket1_EQR_720p_0044	urban soundscape
EustonTap1_EQR_720p_0077	urban soundscape
PancrasLock2_0058_0271	urban soundscape
CamdenMarket1_EQR_720p_0098	urban soundscape
PancrasLock1_EQR_720p_0203	urban soundscape
EustonTap1_EQR_720p_0109	urban soundscape
RusselSq2_EQR_720p_0164	urban soundscape
RusselSq1_EQR_720p_0242	urban soundscape
RusselSq1_EQR_720p_0038	urban soundscape
TateModernSq2_0076_0153	urban soundscape
TateModernSq1_0075_0169	urban soundscape
TorringtonSq4_EQR_720p_0182	urban soundscape
TateModernSq1_0075_0116	urban soundscape
CamdenTown2_EQR_720p_0012	urban soundscape
CamdenTown3_EQR_720p_0224	urban soundscape
TorringtonSq2_EQR_720p_0149	urban soundscape
EustonTap2_EQR_720p_0218	urban soundscape
TateModernSq1_0075_0069	urban soundscape
CamdenTown2_EQR_720p_0177	urban soundscape
TorringtonSq2_EQR_720p_0117	urban soundscape
TorringtonSq4_EQR_720p_0032	urban soundscape
TateModernSq2_0076_0079	urban soundscape
CamdenTown2_EQR_720p_0138	urban soundscape
TorringtonSq4_EQR_720p_0091	urban soundscape
TateModernSq2_0076_0058	urban soundscape
TateModernSq2_0076_0185	urban soundscape
RusselSq2_EQR_720p_0038	urban soundscape
CamdenTown1_EQR_720p_0166	urban soundscape
CamdenTown2_EQR_720p_0021	urban soundscape
CamdenTown3_EQR_720p_0045	urban soundscape
MarchmontGarden1_EQR_720p_0036	urban soundscape
CamdenTown1_EQR_720p_0242	urban soundscape
TorringtonSq4_EQR_720p_0148	urban soundscape
RegentsParkJapan2_0061_0126	urban soundscape
RegentsParkJapan1_0060_0259	urban soundscape
RegentsParkJapan2_0061_0039	urban soundscape
RusselSq2_EQR_720p_0106	urban soundscape
TateModernSq1_0075_0048	urban soundscape
RegentsParkPath1_EQR_702_0011	urban soundscape
TateModern1_EQR_720p_0162	urban soundscape
CamdenMarket1_EQR_720p_0164	urban soundscape
CamdenTown2_EQR_720p_0070	urban soundscape
CamdenTown2_EQR_720p_0116	urban soundscape
CamdenTown1_EQR_720p_0059	urban soundscape
EustonTap2_EQR_720p_0102	urban soundscape
TateModernSq2_0076_0143	urban soundscape
TateModernSq1_0075_0077	urban soundscape
TateModernSq2_0076_0215	urban soundscape
CamdenMarket1_EQR_720p_0191	urban soundscape
RegentsParkPath1_EQR_702_0226	urban soundscape
CamdenMarket1_EQR_720p_0194	urban soundscape
StPaulsCross1_EQR_720p_0047	urban soundscape
TorringtonSq4_EQR_720p_0107	urban soundscape
PancrasLock2_0058_0159	urban soundscape
StPaulsCross1_EQR_720p_0123	urban soundscape
CamdenTown4_EQR_720p_0141	urban soundscape
TateModern3_0093_0161	urban soundscape
RusselSq2_EQR_720p_0105	urban soundscape
StPaulsRow1_0097_0264	urban soundscape
CamdenTown4_EQR_720p_0100	urban soundscape
CamdenTown4_EQR_720p_0010	urban soundscape
EustonTap3_0347_0015	urban soundscape
TateModernSq1_0075_0020	urban soundscape
CamdenTown1_EQR_720p_0164	urban soundscape
MarchmontGarden1_EQR_720p_0095	urban soundscape
EustonTap1_EQR_720p_0082	urban soundscape
TorringtonSq3_EQR_720p_0012	urban soundscape
PancrasLock1_EQR_720p_0128	urban soundscape
PancrasLock2_0058_0227	urban soundscape
EustonTap1_EQR_720p_0141	urban soundscape
TateModern1_EQR_720p_0033	urban soundscape
CamdenTown1_EQR_720p_0102	urban soundscape
CamdenTown3_EQR_720p_0111	urban soundscape
MarchmontGarden2_EQR_720p_0195	urban soundscape
StPaulsCross1_EQR_720p_0140	urban soundscape
RegentsParkFields2_EQR_720p_0002	urban soundscape
StPaulsRow1_0097_0147	urban soundscape
PancrasLock1_EQR_720p_0069	urban soundscape
MarchmontGarden2_EQR_720p_0294	urban soundscape
TateModernSq2_0076_0128	urban soundscape
EustonTap3_0347_0128	urban soundscape
StPaulsCross1_EQR_720p_0023	urban soundscape
CamdenMarket1_EQR_720p_0061	urban soundscape
CamdenTown3_EQR_720p_0159	urban soundscape
RegentsParkJapan2_0061_0165	urban soundscape
CamdenTown2_EQR_720p_0136	urban soundscape
TateModernSq2_0076_0179	urban soundscape
EustonTap3_0347_0099	urban soundscape
RusselSq1_EQR_720p_0118	urban soundscape
StPaulsRow1_0097_0065	urban soundscape
RegentsParkJapan1_0060_0105	urban soundscape
PancrasLock2_0058_0030	urban soundscape
RegentsParkJapan1_0060_0174	urban soundscape
RegentsParkPath1_EQR_702_0111	urban soundscape
MarchmontGarden1_EQR_720p_0225	urban soundscape
EustonTap3_0347_0004	urban soundscape
MarchmontGarden3_EQR_720p_0061	urban soundscape
PancrasLock1_EQR_720p_0205	urban soundscape
MarchmontGarden2_EQR_720p_0024	urban soundscape
TateModern1_EQR_720p_0156	urban soundscape
EustonTap1_EQR_720p_0043	urban soundscape
PancrasLock2_0058_0260	urban soundscape
CamdenTown1_EQR_720p_0183	urban soundscape
CamdenTown4_EQR_720p_0112	urban soundscape
RusselSq1_EQR_720p_0017	urban soundscape
RegentsParkPath1_EQR_702_0104	urban soundscape
EustonTap1_EQR_720p_0171	urban soundscape
RegentsParkPath1_EQR_702_0042	urban soundscape
CamdenTown1_EQR_720p_0110	urban soundscape
TateModern3_0093_0064	urban soundscape
TateModernSq2_0076_0029	urban soundscape
StPaulsRow1_0097_0162	urban soundscape
MarchmontGarden2_EQR_720p_0021	urban soundscape
RusselSq2_EQR_720p_0019	urban soundscape
CamdenTown2_EQR_720p_0185	urban soundscape
CamdenTown4_EQR_720p_0049	urban soundscape
RegentsParkPath1_EQR_702_0231	urban soundscape
RusselSq2_EQR_720p_0010	urban soundscape
TorringtonSq2_EQR_720p_0127	urban soundscape
TateModernSq2_0076_0023	urban soundscape
TateModern3_0093_0109	urban soundscape
MarchmontGarden2_EQR_720p_0065	urban soundscape
MarchmontGarden3_EQR_720p_0064	urban soundscape
RegentsParkPath1_EQR_702_0194	urban soundscape
CamdenTown4_EQR_720p_0188	urban soundscape
TorringtonSq4_EQR_720p_0003	urban soundscape
RegentsParkJapan1_0060_0270	urban soundscape
TorringtonSq2_EQR_720p_0004	urban soundscape
PancrasLock2_0058_0160	urban soundscape
RegentsParkJapan1_0060_0161	urban soundscape
EustonTap2_EQR_720p_0038	urban soundscape
EustonTap3_0347_0043	urban soundscape
TateModern3_0093_0207	urban soundscape
PancrasLock2_0058_0005	urban soundscape
RusselSq1_EQR_720p_0136	urban soundscape
CamdenMarket1_EQR_720p_0213	urban soundscape
TateModernSq2_0076_0092	urban soundscape
EustonTap2_EQR_720p_0151	urban soundscape
RegentsParkJapan1_0060_0109	urban soundscape
TateModern1_EQR_720p_0247	urban soundscape
CamdenTown3_EQR_720p_0009	urban soundscape
MarchmontGarden1_EQR_720p_0282	urban soundscape
MarchmontGarden3_EQR_720p_0277	urban soundscape
MarchmontGarden1_EQR_720p_0190	urban soundscape
RusselSq3_EQR_720p_0047	urban soundscape
CamdenTown4_EQR_720p_0032	urban soundscape
MarchmontGarden1_EQR_720p_0092	urban soundscape
StPaulsCross1_EQR_720p_0199	urban soundscape
StPaulsRow1_0097_0118	urban soundscape
TateModernSq1_0075_0138	urban soundscape
StPaulsRow1_0097_0045	urban soundscape
CamdenTown3_EQR_720p_0043	urban soundscape
CamdenMarket1_EQR_720p_0124	urban soundscape
MarchmontGarden2_EQR_720p_0012	urban soundscape
StPaulsRow1_0097_0219	urban soundscape
EustonTap1_EQR_720p_0036	urban soundscape
MarchmontGarden1_EQR_720p_0011	urban soundscape
EustonTap2_EQR_720p_0133	urban soundscape
TateModern3_0093_0131	urban soundscape
TorringtonSq2_EQR_720p_0180	urban soundscape
RusselSq2_EQR_720p_0152	urban soundscape
MarchmontGarden2_EQR_720p_0185	urban soundscape
RegentsParkFields2_EQR_720p_0124	urban soundscape
CamdenTown1_EQR_720p_0050	urban soundscape
RegentsParkFields2_EQR_720p_0050	urban soundscape
TateModern1_EQR_720p_0241	urban soundscape
MarchmontGarden2_EQR_720p_0004	urban soundscape
StPaulsRow1_0097_0261	urban soundscape
TateModernSq2_0076_0059	urban soundscape
TateModernSq1_0075_0153	urban soundscape
CamdenTown3_EQR_720p_0067	urban soundscape
TorringtonSq2_EQR_720p_0099	urban soundscape
EustonTap1_EQR_720p_0073	urban soundscape
RegentsParkJapan2_0061_0269	urban soundscape
RusselSq1_EQR_720p_0210	urban soundscape
PancrasLock1_EQR_720p_0120	urban soundscape
CamdenTown3_EQR_720p_0061	urban soundscape
CamdenTown4_EQR_720p_0200	urban soundscape
EustonTap3_0347_0045	urban soundscape
CamdenTown1_EQR_720p_0128	urban soundscape
RegentsParkJapan2_0061_0260	urban soundscape
TateModernSq1_0075_0090	urban soundscape
TorringtonSq4_EQR_720p_0216	urban soundscape
EustonTap2_EQR_720p_0198	urban soundscape
RegentsParkJapan1_0060_0214	urban soundscape
EustonTap1_EQR_720p_0012	urban soundscape
RegentsParkPath1_EQR_702_0021	urban soundscape
RusselSq1_EQR_720p_0034	urban soundscape
EustonTap2_EQR_720p_0108	urban soundscape
MarchmontGarden1_EQR_720p_0247	urban soundscape
StPaulsRow1_0097_0024	urban soundscape
TateModern1_EQR_720p_0046	urban soundscape
CamdenTown1_EQR_720p_0066	urban soundscape
TorringtonSq2_EQR_720p_0095	urban soundscape
RegentsParkPath1_EQR_702_0067	urban soundscape
RegentsParkJapan2_0061_0143	urban soundscape
TateModernSq1_0075_0117	urban soundscape
TateModern3_0093_0051	urban soundscape
EustonTap2_EQR_720p_0209	urban soundscape
StPaulsRow1_0097_0111	urban soundscape
CamdenTown1_EQR_720p_0106	urban soundscape
RusselSq2_EQR_720p_0222	urban soundscape
TateModernSq1_0075_0078	urban soundscape
StPaulsRow1_0097_0015	urban soundscape
EustonTap2_EQR_720p_0035	urban soundscape
EustonTap2_EQR_720p_0193	urban soundscape
RegentsParkPath1_EQR_702_0102	urban soundscape
MarchmontGarden1_EQR_720p_0249	urban soundscape
EustonTap3_0347_0121	urban soundscape
TateModernSq1_0075_0059	urban soundscape
CamdenMarket1_EQR_720p_0113	urban soundscape
TateModernSq2_0076_0094	urban soundscape
RusselSq1_EQR_720p_0039	urban soundscape
RegentsParkJapan2_0061_0095	urban soundscape
CamdenMarket1_EQR_720p_0070	urban soundscape
TateModern1_EQR_720p_0125	urban soundscape
CamdenMarket1_EQR_720p_0192	urban soundscape
TateModernSq1_0075_0021	urban soundscape
MarchmontGarden2_EQR_720p_0098	urban soundscape
CamdenTown4_EQR_720p_0080	urban soundscape
CamdenTown2_EQR_720p_0047	urban soundscape
CamdenTown4_EQR_720p_0191	urban soundscape
CamdenTown2_EQR_720p_0167	urban soundscape
PancrasLock2_0058_0248	urban soundscape
TateModern3_0093_0194	urban soundscape
StPaulsCross1_EQR_720p_0096	urban soundscape
RusselSq1_EQR_720p_0094	urban soundscape
TateModernSq2_0076_0047	urban soundscape
TateModernSq1_0075_0042	urban soundscape
TorringtonSq2_EQR_720p_0137	urban soundscape
CamdenTown3_EQR_720p_0039	urban soundscape
RusselSq2_EQR_720p_0203	urban soundscape
RusselSq1_EQR_720p_0265	urban soundscape
RegentsParkJapan2_0061_0065	urban soundscape
TateModern3_0093_0266	urban soundscape
MarchmontGarden3_EQR_720p_0290	urban soundscape
TorringtonSq4_EQR_720p_0030	urban soundscape
PancrasLock2_0058_0208	urban soundscape
EustonTap1_EQR_720p_0165	urban soundscape
TorringtonSq4_EQR_720p_0126	urban soundscape
TorringtonSq2_EQR_720p_0220	urban soundscape
StPaulsRow1_0097_0188	urban soundscape
CamdenTown3_EQR_720p_0011	urban soundscape
EustonTap3_0347_0095	urban soundscape
EustonTap2_EQR_720p_0174	urban soundscape
TorringtonSq2_EQR_720p_0148	urban soundscape
MarchmontGarden3_EQR_720p_0038	urban soundscape
PancrasLock1_EQR_720p_0166	urban soundscape
EustonTap2_EQR_720p_0173	urban soundscape
RegentsParkJapan1_0060_0066	urban soundscape
StPaulsCross1_EQR_720p_0216	urban soundscape
TorringtonSq2_EQR_720p_0015	urban soundscape
MarchmontGarden2_EQR_720p_0086	urban soundscape
CamdenTown4_EQR_720p_0008	urban soundscape
RegentsParkFields2_EQR_720p_0131	urban soundscape
CamdenTown4_EQR_720p_0115	urban soundscape
MarchmontGarden3_EQR_720p_0077	urban soundscape
CamdenTown4_EQR_720p_0109	urban soundscape
RegentsParkJapan2_0061_0155	urban soundscape
RusselSq2_EQR_720p_0043	urban soundscape
CamdenTown1_EQR_720p_0218	urban soundscape
CamdenTown3_EQR_720p_0041	urban soundscape
EustonTap1_EQR_720p_0242	urban soundscape
RusselSq1_EQR_720p_0137	urban soundscape
TateModern3_0093_0142	urban soundscape
CamdenTown3_EQR_720p_0030	urban soundscape
CamdenTown2_EQR_720p_0006	urban soundscape
EustonTap2_EQR_720p_0007	urban soundscape
MarchmontGarden1_EQR_720p_0292	urban soundscape
MarchmontGarden2_EQR_720p_0061	urban soundscape
RusselSq2_EQR_720p_0199	urban soundscape
CamdenTown1_EQR_720p_0071	urban soundscape
CamdenTown1_EQR_720p_0130	urban soundscape
MarchmontGarden1_EQR_720p_0103	urban soundscape
TorringtonSq4_EQR_720p_0164	urban soundscape
CamdenTown3_EQR_720p_0033	urban soundscape
EustonTap3_0347_0119	urban soundscape
RusselSq1_EQR_720p_0244	urban soundscape
PancrasLock2_0058_0236	urban soundscape
StPaulsRow1_0097_0159	urban soundscape
CamdenTown1_EQR_720p_0088	urban soundscape
TateModern3_0093_0256	urban soundscape
MarchmontGarden1_EQR_720p_0129	urban soundscape
RegentsParkFields2_EQR_720p_0060	urban soundscape
MarchmontGarden1_EQR_720p_0241	urban soundscape
RegentsParkJapan2_0061_0057	urban soundscape
StPaulsRow1_0097_0175	urban soundscape
CamdenMarket1_EQR_720p_0091	urban soundscape
CamdenTown3_EQR_720p_0081	urban soundscape
RusselSq2_EQR_720p_0084	urban soundscape
CamdenTown4_EQR_720p_0003	urban soundscape
RegentsParkJapan1_0060_0043	urban soundscape
RusselSq1_EQR_720p_0065	urban soundscape
CamdenTown3_EQR_720p_0187	urban soundscape
MarchmontGarden2_EQR_720p_0290	urban soundscape
MarchmontGarden1_EQR_720p_0213	urban soundscape
CamdenTown2_EQR_720p_0157	urban soundscape
RegentsParkJapan1_0060_0201	urban soundscape
RegentsParkPath1_EQR_702_0095	urban soundscape
CamdenTown1_EQR_720p_0223	urban soundscape
CamdenTown2_EQR_720p_0080	urban soundscape
PancrasLock2_0058_0197	urban soundscape
StPaulsCross1_EQR_720p_0091	urban soundscape
StPaulsRow1_0097_0225	urban soundscape
EustonTap3_0347_0108	urban soundscape
CamdenTown4_EQR_720p_0075	urban soundscape
CamdenTown2_EQR_720p_0114	urban soundscape
RegentsParkPath1_EQR_702_0174	urban soundscape
RegentsParkJapan2_0061_0005	urban soundscape
CamdenTown4_EQR_720p_0135	urban soundscape
TateModern1_EQR_720p_0062	urban soundscape
RegentsParkPath1_EQR_702_0230	urban soundscape
RusselSq1_EQR_720p_0111	urban soundscape
RusselSq1_EQR_720p_0155	urban soundscape
MarchmontGarden2_EQR_720p_0156	urban soundscape
CamdenTown1_EQR_720p_0056	urban soundscape
CamdenTown3_EQR_720p_0214	urban soundscape
StPaulsCross1_EQR_720p_0125	urban soundscape
TorringtonSq2_EQR_720p_0031	urban soundscape
CamdenTown1_EQR_720p_0256	urban soundscape
CamdenTown1_EQR_720p_0265	urban soundscape
StPaulsRow1_0097_0192	urban soundscape
CamdenTown1_EQR_720p_0111	urban soundscape
RegentsParkFields2_EQR_720p_0066	urban soundscape
CamdenTown3_EQR_720p_0138	urban soundscape
StPaulsRow1_0097_0242	urban soundscape
EustonTap2_EQR_720p_0187	urban soundscape
CamdenMarket1_EQR_720p_0035	urban soundscape
TorringtonSq2_EQR_720p_0085	urban soundscape
EustonTap3_0347_0047	urban soundscape
PancrasLock2_0058_0280	urban soundscape
EustonTap1_EQR_720p_0000	urban soundscape
TorringtonSq2_EQR_720p_0055	urban soundscape
TorringtonSq3_EQR_720p_0016	urban soundscape
RegentsParkFields2_EQR_720p_0126	urban soundscape
RusselSq1_EQR_720p_0226	urban soundscape
RegentsParkJapan1_0060_0134	urban soundscape
TorringtonSq2_EQR_720p_0044	urban soundscape
CamdenTown1_EQR_720p_0031	urban soundscape
TorringtonSq3_EQR_720p_0015	urban soundscape
TateModernSq2_0076_0000	urban soundscape
MarchmontGarden3_EQR_720p_0187	urban soundscape
TateModernSq1_0075_0113	urban soundscape
StPaulsRow1_0097_0160	urban soundscape
TateModern1_EQR_720p_0199	urban soundscape
CamdenTown4_EQR_720p_0193	urban soundscape
EustonTap2_EQR_720p_0072	urban soundscape
StPaulsCross1_EQR_720p_0082	urban soundscape
EustonTap1_EQR_720p_0168	urban soundscape
MarchmontGarden2_EQR_720p_0091	urban soundscape
TateModernSq2_0076_0167	urban soundscape
StPaulsCross1_EQR_720p_0060	urban soundscape
EustonTap1_EQR_720p_0009	urban soundscape
CamdenTown2_EQR_720p_0039	urban soundscape
EustonTap1_EQR_720p_0032	urban soundscape
TorringtonSq4_EQR_720p_0186	urban soundscape
CamdenTown4_EQR_720p_0180	urban soundscape
RegentsParkPath1_EQR_702_0150	urban soundscape
CamdenMarket1_EQR_720p_0130	urban soundscape
CamdenMarket1_EQR_720p_0195	urban soundscape
TateModernSq1_0075_0112	urban soundscape
PancrasLock1_EQR_720p_0216	urban soundscape
CamdenTown1_EQR_720p_0119	urban soundscape
RegentsParkJapan1_0060_0116	urban soundscape
StPaulsRow1_0097_0097	urban soundscape
RegentsParkJapan2_0061_0164	urban soundscape
StPaulsCross1_EQR_720p_0043	urban soundscape
RegentsParkJapan1_0060_0168	urban soundscape
RusselSq1_EQR_720p_0195	urban soundscape
PancrasLock1_EQR_720p_0189	urban soundscape
MarchmontGarden1_EQR_720p_0010	urban soundscape
TateModernSq2_0076_0082	urban soundscape
EustonTap2_EQR_720p_0215	urban soundscape
CamdenTown3_EQR_720p_0000	urban soundscape
CamdenTown3_EQR_720p_0168	urban soundscape
RegentsParkJapan2_0061_0130	urban soundscape
MarchmontGarden2_EQR_720p_0005	urban soundscape
CamdenTown2_EQR_720p_0050	urban soundscape
RegentsParkPath1_EQR_702_0143	urban soundscape
MarchmontGarden2_EQR_720p_0238	urban soundscape
TateModern1_EQR_720p_0169	urban soundscape
MarchmontGarden2_EQR_720p_0000	urban soundscape
CamdenTown2_EQR_720p_0206	urban soundscape
RusselSq1_EQR_720p_0097	urban soundscape
CamdenMarket1_EQR_720p_0162	urban soundscape
MarchmontGarden2_EQR_720p_0016	urban soundscape
RegentsParkJapan2_0061_0145	urban soundscape
MarchmontGarden1_EQR_720p_0250	urban soundscape
RusselSq2_EQR_720p_0145	urban soundscape
EustonTap1_EQR_720p_0228	urban soundscape
CamdenTown1_EQR_720p_0074	urban soundscape
RegentsParkJapan1_0060_0196	urban soundscape
PancrasLock2_0058_0044	urban soundscape
RusselSq1_EQR_720p_0060	urban soundscape
PancrasLock1_EQR_720p_0073	urban soundscape
CamdenTown3_EQR_720p_0172	urban soundscape
EustonTap2_EQR_720p_0107	urban soundscape
RegentsParkJapan1_0060_0235	urban soundscape
RegentsParkPath1_EQR_702_0002	urban soundscape
TateModern1_EQR_720p_0145	urban soundscape
RusselSq1_EQR_720p_0059	urban soundscape
PancrasLock1_EQR_720p_0200	urban soundscape
RegentsParkFields2_EQR_720p_0127	urban soundscape
PancrasLock1_EQR_720p_0119	urban soundscape
RusselSq2_EQR_720p_0155	urban soundscape
CamdenTown3_EQR_720p_0100	urban soundscape
CamdenMarket1_EQR_720p_0040	urban soundscape
EustonTap3_0347_0041	urban soundscape
TorringtonSq2_EQR_720p_0028	urban soundscape
RusselSq2_EQR_720p_0037	urban soundscape
TateModernSq2_0076_0159	urban soundscape
CamdenTown2_EQR_720p_0035	urban soundscape
RegentsParkJapan1_0060_0072	urban soundscape
CamdenTown3_EQR_720p_0178	urban soundscape
RusselSq1_EQR_720p_0124	urban soundscape
StPaulsCross1_EQR_720p_0197	urban soundscape
TateModernSq2_0076_0138	urban soundscape
StPaulsRow1_0097_0036	urban soundscape
CamdenMarket1_EQR_720p_0122	urban soundscape
CamdenTown1_EQR_720p_0112	urban soundscape
CamdenMarket1_EQR_720p_0202	urban soundscape
RegentsParkJapan2_0061_0195	urban soundscape
StPaulsCross1_EQR_720p_0101	urban soundscape
TorringtonSq4_EQR_720p_0158	urban soundscape
PancrasLock2_0058_0050	urban soundscape
TateModern1_EQR_720p_0184	urban soundscape
TorringtonSq4_EQR_720p_0133	urban soundscape
CamdenTown4_EQR_720p_0118	urban soundscape
RegentsParkJapan2_0061_0224	urban soundscape
EustonTap2_EQR_720p_0020	urban soundscape
PancrasLock1_EQR_720p_0247	urban soundscape
CamdenTown3_EQR_720p_0120	urban soundscape
TorringtonSq2_EQR_720p_0086	urban soundscape
EustonTap3_0347_0073	urban soundscape
PancrasLock1_EQR_720p_0135	urban soundscape
TateModern3_0093_0033	urban soundscape
PancrasLock2_0058_0265	urban soundscape
TorringtonSq2_EQR_720p_0002	urban soundscape
RegentsParkJapan2_0061_0090	urban soundscape
TateModernSq1_0075_0114	urban soundscape
TateModern3_0093_0277	urban soundscape
TorringtonSq3_EQR_720p_0023	urban soundscape
MarchmontGarden1_EQR_720p_0284	urban soundscape
TorringtonSq2_EQR_720p_0188	urban soundscape
MarchmontGarden3_EQR_720p_0088	urban soundscape
EustonTap2_EQR_720p_0011	urban soundscape
MarchmontGarden2_EQR_720p_0263	urban soundscape
PancrasLock1_EQR_720p_0243	urban soundscape
TateModern3_0093_0213	urban soundscape
StPaulsRow1_0097_0146	urban soundscape
TateModernSq1_0075_0015	urban soundscape
MarchmontGarden1_EQR_720p_0236	urban soundscape
CamdenTown4_EQR_720p_0163	urban soundscape
TateModern1_EQR_720p_0218	urban soundscape
StPaulsCross1_EQR_720p_0210	urban soundscape
StPaulsCross1_EQR_720p_0221	urban soundscape
PancrasLock1_EQR_720p_0109	urban soundscape
CamdenTown2_EQR_720p_0205	urban soundscape
StPaulsCross1_EQR_720p_0195	urban soundscape
CamdenTown4_EQR_720p_0213	urban soundscape
CamdenTown1_EQR_720p_0263	urban soundscape
TateModern3_0093_0189	urban soundscape
CamdenTown4_EQR_720p_0148	urban soundscape
CamdenTown1_EQR_720p_0161	urban soundscape
RusselSq2_EQR_720p_0173	urban soundscape
TateModern1_EQR_720p_0185	urban soundscape
PancrasLock1_EQR_720p_0011	urban soundscape
TorringtonSq4_EQR_720p_0132	urban soundscape
MarchmontGarden2_EQR_720p_0303	urban soundscape
MarchmontGarden3_EQR_720p_0253	urban soundscape
RusselSq1_EQR_720p_0019	urban soundscape
RegentsParkPath1_EQR_702_0221	urban soundscape
TateModernSq1_0075_0172	urban soundscape
CamdenTown3_EQR_720p_0199	urban soundscape
RusselSq1_EQR_720p_0050	urban soundscape
CamdenTown1_EQR_720p_0024	urban soundscape
CamdenTown3_EQR_720p_0193	urban soundscape
RegentsParkJapan2_0061_0190	urban soundscape
TateModern1_EQR_720p_0183	urban soundscape
RegentsParkJapan1_0060_0124	urban soundscape
RegentsParkJapan2_0061_0120	urban soundscape
MarchmontGarden1_EQR_720p_0196	urban soundscape
PancrasLock1_EQR_720p_0163	urban soundscape
TateModern3_0093_0265	urban soundscape
CamdenTown3_EQR_720p_0123	urban soundscape
StPaulsCross1_EQR_720p_0224	urban soundscape
MarchmontGarden1_EQR_720p_0160	urban soundscape
RegentsParkJapan2_0061_0183	urban soundscape
PancrasLock1_EQR_720p_0077	urban soundscape
CamdenTown3_EQR_720p_0071	urban soundscape
TateModernSq1_0075_0004	urban soundscape
MarchmontGarden3_EQR_720p_0054	urban soundscape
CamdenTown4_EQR_720p_0212	urban soundscape
CamdenTown4_EQR_720p_0030	urban soundscape
MarchmontGarden2_EQR_720p_0258	urban soundscape
TateModernSq2_0076_0078	urban soundscape
PancrasLock1_EQR_720p_0082	urban soundscape
TateModern1_EQR_720p_0001	urban soundscape
TorringtonSq4_EQR_720p_0092	urban soundscape
CamdenMarket1_EQR_720p_0086	urban soundscape
TateModernSq2_0076_0005	urban soundscape
MarchmontGarden1_EQR_720p_0125	urban soundscape
CamdenTown4_EQR_720p_0033	urban soundscape
TateModernSq2_0076_0028	urban soundscape
PancrasLock2_0058_0067	urban soundscape
PancrasLock2_0058_0181	urban soundscape
PancrasLock2_0058_0127	urban soundscape
CamdenTown2_EQR_720p_0232	urban soundscape
CamdenTown2_EQR_720p_0014	urban soundscape
TorringtonSq2_EQR_720p_0120	urban soundscape
TateModern3_0093_0145	urban soundscape
RegentsParkJapan2_0061_0040	urban soundscape
MarchmontGarden1_EQR_720p_0233	urban soundscape
StPaulsCross1_EQR_720p_0160	urban soundscape
EustonTap3_0347_0003	urban soundscape
TorringtonSq4_EQR_720p_0062	urban soundscape
MarchmontGarden3_EQR_720p_0076	urban soundscape
MarchmontGarden2_EQR_720p_0106	urban soundscape
TateModern1_EQR_720p_0009	urban soundscape
TateModernSq2_0076_0202	urban soundscape
EustonTap3_0347_0146	urban soundscape
MarchmontGarden1_EQR_720p_0061	urban soundscape
MarchmontGarden2_EQR_720p_0246	urban soundscape
MarchmontGarden2_EQR_720p_0047	urban soundscape
PancrasLock2_0058_0070	urban soundscape
TorringtonSq4_EQR_720p_0157	urban soundscape
RegentsParkFields2_EQR_720p_0201	urban soundscape
TateModern1_EQR_720p_0166	urban soundscape
CamdenTown2_EQR_720p_0203	urban soundscape
RegentsParkFields2_EQR_720p_0200	urban soundscape
MarchmontGarden1_EQR_720p_0202	urban soundscape
CamdenTown2_EQR_720p_0091	urban soundscape
RegentsParkFields2_EQR_720p_0122	urban soundscape
MarchmontGarden3_EQR_720p_0258	urban soundscape
MarchmontGarden3_EQR_720p_0196	urban soundscape
TateModernSq1_0075_0171	urban soundscape
RegentsParkPath1_EQR_702_0128	urban soundscape
TateModern1_EQR_720p_0210	urban soundscape
CamdenTown3_EQR_720p_0101	urban soundscape
RegentsParkJapan1_0060_0055	urban soundscape
StPaulsRow1_0097_0061	urban soundscape
CamdenTown1_EQR_720p_0229	urban soundscape
CamdenTown3_EQR_720p_0040	urban soundscape
CamdenMarket1_EQR_720p_0138	urban soundscape
PancrasLock1_EQR_720p_0260	urban soundscape
CamdenTown1_EQR_720p_0016	urban soundscape
TorringtonSq2_EQR_720p_0053	urban soundscape
RegentsParkFields2_EQR_720p_0151	urban soundscape
CamdenTown4_EQR_720p_0226	urban soundscape
TorringtonSq4_EQR_720p_0113	urban soundscape
CamdenTown3_EQR_720p_0196	urban soundscape
TateModernSq1_0075_0008	urban soundscape
StPaulsRow1_0097_0196	urban soundscape
EustonTap1_EQR_720p_0128	urban soundscape
RegentsParkJapan2_0061_0223	urban soundscape
StPaulsRow1_0097_0187	urban soundscape
TorringtonSq4_EQR_720p_0081	urban soundscape
CamdenTown2_EQR_720p_0015	urban soundscape
EustonTap1_EQR_720p_0041	urban soundscape
TateModern3_0093_0041	urban soundscape
EustonTap1_EQR_720p_0166	urban soundscape
PancrasLock1_EQR_720p_0030	urban soundscape
PancrasLock1_EQR_720p_0155	urban soundscape
PancrasLock1_EQR_720p_0070	urban soundscape
TateModernSq1_0075_0132	urban soundscape
StPaulsCross1_EQR_720p_0227	urban soundscape
StPaulsRow1_0097_0164	urban soundscape
CamdenTown4_EQR_720p_0169	urban soundscape
EustonTap2_EQR_720p_0042	urban soundscape
TateModern3_0093_0242	urban soundscape
CamdenTown3_EQR_720p_0090	urban soundscape
StPaulsRow1_0097_0053	urban soundscape
PancrasLock1_EQR_720p_0104	urban soundscape
TateModernSq2_0076_0218	urban soundscape
EustonTap3_0347_0123	urban soundscape
RusselSq2_EQR_720p_0014	urban soundscape
EustonTap2_EQR_720p_0094	urban soundscape
PancrasLock2_0058_0267	urban soundscape
TorringtonSq3_EQR_720p_0048	urban soundscape
RegentsParkJapan1_0060_0107	urban soundscape
TateModernSq2_0076_0178	urban soundscape
MarchmontGarden1_EQR_720p_0257	urban soundscape
PancrasLock1_EQR_720p_0253	urban soundscape
RegentsParkFields2_EQR_720p_0222	urban soundscape
TorringtonSq4_EQR_720p_0134	urban soundscape
TateModernSq2_0076_0115	urban soundscape
StPaulsRow1_0097_0095	urban soundscape
CamdenMarket1_EQR_720p_0184	urban soundscape
EustonTap1_EQR_720p_0222	urban soundscape
CamdenMarket1_EQR_720p_0031	urban soundscape
RegentsParkFields2_EQR_720p_0094	urban soundscape
RusselSq3_EQR_720p_0022	urban soundscape
CamdenTown4_EQR_720p_0225	urban soundscape
TateModern3_0093_0197	urban soundscape
StPaulsRow1_0097_0265	urban soundscape
CamdenTown2_EQR_720p_0226	urban soundscape
TateModern3_0093_0012	urban soundscape
MarchmontGarden1_EQR_720p_0252	urban soundscape
RegentsParkFields2_EQR_720p_0117	urban soundscape
EustonTap2_EQR_720p_0047	urban soundscape
MarchmontGarden3_EQR_720p_0247	urban soundscape
RusselSq1_EQR_720p_0069	urban soundscape
TateModernSq1_0075_0063	urban soundscape
TorringtonSq2_EQR_720p_0208	urban soundscape
RegentsParkJapan2_0061_0257	urban soundscape
RegentsParkFields2_EQR_720p_0074	urban soundscape
RegentsParkJapan1_0060_0129	urban soundscape
StPaulsCross1_EQR_720p_0119	urban soundscape
MarchmontGarden2_EQR_720p_0088	urban soundscape
MarchmontGarden1_EQR_720p_0108	urban soundscape
TorringtonSq2_EQR_720p_0167	urban soundscape
RegentsParkPath1_EQR_702_0202	urban soundscape
StPaulsCross1_EQR_720p_0127	urban soundscape
PancrasLock2_0058_0189	urban soundscape
TorringtonSq4_EQR_720p_0179	urban soundscape
EustonTap2_EQR_720p_0129	urban soundscape
CamdenTown3_EQR_720p_0156	urban soundscape
TateModern1_EQR_720p_0055	urban soundscape
StPaulsRow1_0097_0239	urban soundscape
CamdenMarket1_EQR_720p_0117	urban soundscape
RegentsParkJapan2_0061_0243	urban soundscape
RegentsParkPath1_EQR_702_0151	urban soundscape
RegentsParkJapan1_0060_0141	urban soundscape
EustonTap3_0347_0155	urban soundscape
EustonTap1_EQR_720p_0114	urban soundscape
CamdenTown3_EQR_720p_0044	urban soundscape
TateModernSq2_0076_0021	urban soundscape
MarchmontGarden2_EQR_720p_0013	urban soundscape
TateModern1_EQR_720p_0231	urban soundscape
TorringtonSq4_EQR_720p_0173	urban soundscape
RusselSq1_EQR_720p_0175	urban soundscape
RusselSq2_EQR_720p_0149	urban soundscape
CamdenMarket1_EQR_720p_0131	urban soundscape
PancrasLock2_0058_0149	urban soundscape
EustonTap3_0347_0143	urban soundscape
MarchmontGarden2_EQR_720p_0296	urban soundscape
MarchmontGarden1_EQR_720p_0228	urban soundscape
MarchmontGarden1_EQR_720p_0218	urban soundscape
TateModern1_EQR_720p_0216	urban soundscape
MarchmontGarden3_EQR_720p_0152	urban soundscape
StPaulsCross1_EQR_720p_0109	urban soundscape
MarchmontGarden3_EQR_720p_0232	urban soundscape
MarchmontGarden2_EQR_720p_0142	urban soundscape
PancrasLock1_EQR_720p_0161	urban soundscape
PancrasLock2_0058_0274	urban soundscape
PancrasLock2_0058_0224	urban soundscape
CamdenTown2_EQR_720p_0196	urban soundscape
MarchmontGarden2_EQR_720p_0257	urban soundscape
MarchmontGarden1_EQR_720p_0022	urban soundscape
TateModern3_0093_0212	urban soundscape
TateModern1_EQR_720p_0074	urban soundscape
MarchmontGarden2_EQR_720p_0249	urban soundscape
MarchmontGarden2_EQR_720p_0281	urban soundscape
TateModern3_0093_0177	urban soundscape
PancrasLock1_EQR_720p_0100	urban soundscape
TateModernSq2_0076_0211	urban soundscape
MarchmontGarden3_EQR_720p_0071	urban soundscape
RusselSq3_EQR_720p_0051	urban soundscape
EustonTap1_EQR_720p_0162	urban soundscape
StPaulsCross1_EQR_720p_0164	urban soundscape
StPaulsRow1_0097_0013	urban soundscape
RegentsParkJapan2_0061_0118	urban soundscape
MarchmontGarden2_EQR_720p_0279	urban soundscape
PancrasLock1_EQR_720p_0184	urban soundscape
EustonTap1_EQR_720p_0192	urban soundscape
MarchmontGarden2_EQR_720p_0264	urban soundscape
TateModern3_0093_0269	urban soundscape
CamdenTown4_EQR_720p_0166	urban soundscape
RegentsParkJapan2_0061_0141	urban soundscape
MarchmontGarden3_EQR_720p_0040	urban soundscape
MarchmontGarden1_EQR_720p_0199	urban soundscape
StPaulsCross1_EQR_720p_0067	urban soundscape
TorringtonSq2_EQR_720p_0064	urban soundscape
RusselSq3_EQR_720p_0075	urban soundscape
RusselSq2_EQR_720p_0086	urban soundscape
RegentsParkPath1_EQR_702_0098	urban soundscape
MarchmontGarden3_EQR_720p_0179	urban soundscape
RegentsParkJapan1_0060_0046	urban soundscape
RegentsParkJapan1_0060_0131	urban soundscape
PancrasLock2_0058_0186	urban soundscape
RegentsParkFields2_EQR_720p_0214	urban soundscape
RegentsParkJapan2_0061_0187	urban soundscape
RegentsParkFields2_EQR_720p_0037	urban soundscape
CamdenTown1_EQR_720p_0094	urban soundscape
MarchmontGarden1_EQR_720p_0263	urban soundscape
EustonTap2_EQR_720p_0046	urban soundscape
TorringtonSq4_EQR_720p_0174	urban soundscape
RusselSq2_EQR_720p_0142	urban soundscape
TateModernSq2_0076_0207	urban soundscape
PancrasLock2_0058_0111	urban soundscape
RusselSq1_EQR_720p_0167	urban soundscape
TateModern3_0093_0154	urban soundscape
TorringtonSq4_EQR_720p_0147	urban soundscape
CamdenTown1_EQR_720p_0019	urban soundscape
TorringtonSq4_EQR_720p_0086	urban soundscape
TateModern1_EQR_720p_0002	urban soundscape
CamdenMarket1_EQR_720p_0014	urban soundscape
TateModern1_EQR_720p_0014	urban soundscape
PancrasLock2_0058_0075	urban soundscape
TorringtonSq2_EQR_720p_0172	urban soundscape
CamdenTown3_EQR_720p_0093	urban soundscape
TorringtonSq4_EQR_720p_0112	urban soundscape
RegentsParkFields2_EQR_720p_0057	urban soundscape
EustonTap2_EQR_720p_0003	urban soundscape
CamdenMarket1_EQR_720p_0171	urban soundscape
CamdenTown1_EQR_720p_0254	urban soundscape
PancrasLock2_0058_0217	urban soundscape
RegentsParkJapan2_0061_0217	urban soundscape
RusselSq1_EQR_720p_0100	urban soundscape
TorringtonSq4_EQR_720p_0026	urban soundscape
PancrasLock2_0058_0218	urban soundscape
CamdenTown4_EQR_720p_0204	urban soundscape
PancrasLock1_EQR_720p_0146	urban soundscape
CamdenTown2_EQR_720p_0220	urban soundscape
TorringtonSq4_EQR_720p_0014	urban soundscape
PancrasLock1_EQR_720p_0001	urban soundscape
StPaulsRow1_0097_0223	urban soundscape
CamdenTown3_EQR_720p_0135	urban soundscape
TorringtonSq2_EQR_720p_0008	urban soundscape
PancrasLock1_EQR_720p_0172	urban soundscape
CamdenTown3_EQR_720p_0015	urban soundscape
CamdenTown3_EQR_720p_0118	urban soundscape
MarchmontGarden2_EQR_720p_0323	urban soundscape
MarchmontGarden1_EQR_720p_0275	urban soundscape
RegentsParkJapan2_0061_0270	urban soundscape
EustonTap1_EQR_720p_0187	urban soundscape
PancrasLock2_0058_0082	urban soundscape
RegentsParkJapan2_0061_0193	urban soundscape
RusselSq2_EQR_720p_0200	urban soundscape
MarchmontGarden1_EQR_720p_0116	urban soundscape
EustonTap1_EQR_720p_0231	urban soundscape
TorringtonSq2_EQR_720p_0243	urban soundscape
RegentsParkJapan1_0060_0266	urban soundscape
StPaulsCross1_EQR_720p_0021	urban soundscape
RegentsParkJapan2_0061_0137	urban soundscape
CamdenTown4_EQR_720p_0113	urban soundscape
TateModernSq1_0075_0040	urban soundscape
EustonTap1_EQR_720p_0026	urban soundscape
RegentsParkFields2_EQR_720p_0205	urban soundscape
PancrasLock1_EQR_720p_0046	urban soundscape
MarchmontGarden1_EQR_720p_0130	urban soundscape
TateModernSq1_0075_0037	urban soundscape
RegentsParkJapan2_0061_0048	urban soundscape
MarchmontGarden2_EQR_720p_0042	urban soundscape
RegentsParkJapan1_0060_0011	urban soundscape
PancrasLock1_EQR_720p_0062	urban soundscape
TorringtonSq2_EQR_720p_0162	urban soundscape
RusselSq2_EQR_720p_0198	urban soundscape
TateModern3_0093_0026	urban soundscape
RegentsParkFields2_EQR_720p_0076	urban soundscape
PancrasLock1_EQR_720p_0259	urban soundscape
PancrasLock2_0058_0222	urban soundscape
RusselSq1_EQR_720p_0235	urban soundscape
TateModern1_EQR_720p_0042	urban soundscape
CamdenTown1_EQR_720p_0248	urban soundscape
RegentsParkPath1_EQR_702_0059	urban soundscape
MarchmontGarden3_EQR_720p_0283	urban soundscape
TorringtonSq4_EQR_720p_0131	urban soundscape
CamdenTown3_EQR_720p_0185	urban soundscape
RusselSq3_EQR_720p_0064	urban soundscape
TorringtonSq3_EQR_720p_0014	urban soundscape
StPaulsCross1_EQR_720p_0105	urban soundscape
PancrasLock1_EQR_720p_0068	urban soundscape
RegentsParkJapan1_0060_0073	urban soundscape
TateModernSq1_0075_0031	urban soundscape
EustonTap1_EQR_720p_0074	urban soundscape
MarchmontGarden2_EQR_720p_0158	urban soundscape
TorringtonSq4_EQR_720p_0210	urban soundscape
CamdenTown1_EQR_720p_0070	urban soundscape
MarchmontGarden3_EQR_720p_0105	urban soundscape
EustonTap2_EQR_720p_0028	urban soundscape
CamdenTown1_EQR_720p_0227	urban soundscape
CamdenTown1_EQR_720p_0127	urban soundscape
StPaulsCross1_EQR_720p_0069	urban soundscape
TateModern1_EQR_720p_0240	urban soundscape
RegentsParkPath1_EQR_702_0176	urban soundscape
TateModern1_EQR_720p_0237	urban soundscape
TorringtonSq2_EQR_720p_0256	urban soundscape
CamdenMarket1_EQR_720p_0175	urban soundscape
RusselSq2_EQR_720p_0017	urban soundscape
StPaulsCross1_EQR_720p_0058	urban soundscape
PancrasLock1_EQR_720p_0248	urban soundscape
PancrasLock1_EQR_720p_0005	urban soundscape
RusselSq2_EQR_720p_0056	urban soundscape
StPaulsRow1_0097_0119	urban soundscape
PancrasLock2_0058_0028	urban soundscape
TateModern3_0093_0262	urban soundscape
MarchmontGarden2_EQR_720p_0125	urban soundscape
MarchmontGarden2_EQR_720p_0213	urban soundscape
CamdenTown1_EQR_720p_0118	urban soundscape
TateModern1_EQR_720p_0058	urban soundscape
TateModern3_0093_0078	urban soundscape
RegentsParkFields2_EQR_720p_0194	urban soundscape
TateModern3_0093_0048	urban soundscape
StPaulsCross1_EQR_720p_0050	urban soundscape
MarchmontGarden1_EQR_720p_0001	urban soundscape
TateModernSq2_0076_0106	urban soundscape
EustonTap3_0347_0035	urban soundscape
TorringtonSq2_EQR_720p_0062	urban soundscape
CamdenTown4_EQR_720p_0199	urban soundscape
RegentsParkJapan2_0061_0021	urban soundscape
CamdenMarket1_EQR_720p_0088	urban soundscape
TorringtonSq2_EQR_720p_0165	urban soundscape
TateModernSq2_0076_0102	urban soundscape
MarchmontGarden2_EQR_720p_0163	urban soundscape
RegentsParkJapan1_0060_0113	urban soundscape
CamdenTown1_EQR_720p_0108	urban soundscape
MarchmontGarden2_EQR_720p_0140	urban soundscape
TateModern3_0093_0037	urban soundscape
CamdenTown4_EQR_720p_0006	urban soundscape
PancrasLock2_0058_0289	urban soundscape
EustonTap1_EQR_720p_0180	urban soundscape
RegentsParkFields2_EQR_720p_0070	urban soundscape
RegentsParkJapan2_0061_0235	urban soundscape
RegentsParkJapan1_0060_0188	urban soundscape
RusselSq2_EQR_720p_0193	urban soundscape
RusselSq3_EQR_720p_0043	urban soundscape
EustonTap2_EQR_720p_0055	urban soundscape
EustonTap3_0347_0080	urban soundscape
TateModernSq1_0075_0062	urban soundscape
StPaulsCross1_EQR_720p_0020	urban soundscape
EustonTap1_EQR_720p_0030	urban soundscape
TorringtonSq4_EQR_720p_0150	urban soundscape
RusselSq1_EQR_720p_0023	urban soundscape
StPaulsRow1_0097_0224	urban soundscape
PancrasLock2_0058_0206	urban soundscape
EustonTap3_0347_0040	urban soundscape
TateModern1_EQR_720p_0072	urban soundscape
TorringtonSq2_EQR_720p_0049	urban soundscape
RusselSq1_EQR_720p_0208	urban soundscape
CamdenMarket1_EQR_720p_0157	urban soundscape
RegentsParkJapan1_0060_0215	urban soundscape
RusselSq2_EQR_720p_0144	urban soundscape
TateModernSq2_0076_0170	urban soundscape
CamdenTown1_EQR_720p_0062	urban soundscape
CamdenTown4_EQR_720p_0052	urban soundscape
TateModernSq2_0076_0198	urban soundscape
MarchmontGarden3_EQR_720p_0018	urban soundscape
PancrasLock1_EQR_720p_0145	urban soundscape
PancrasLock2_0058_0210	urban soundscape
RegentsParkJapan1_0060_0138	urban soundscape
CamdenTown2_EQR_720p_0225	urban soundscape
CamdenTown3_EQR_720p_0088	urban soundscape
RusselSq2_EQR_720p_0130	urban soundscape
CamdenTown1_EQR_720p_0234	urban soundscape
CamdenTown3_EQR_720p_0027	urban soundscape
PancrasLock2_0058_0219	urban soundscape
RegentsParkPath1_EQR_702_0041	urban soundscape
TorringtonSq4_EQR_720p_0008	urban soundscape
RusselSq1_EQR_720p_0257	urban soundscape
MarchmontGarden2_EQR_720p_0292	urban soundscape
TateModern3_0093_0116	urban soundscape
CamdenTown3_EQR_720p_0032	urban soundscape
TateModern1_EQR_720p_0015	urban soundscape
RusselSq1_EQR_720p_0256	urban soundscape
TateModern1_EQR_720p_0232	urban soundscape
MarchmontGarden3_EQR_720p_0049	urban soundscape
PancrasLock2_0058_0177	urban soundscape
PancrasLock1_EQR_720p_0061	urban soundscape
RusselSq1_EQR_720p_0227	urban soundscape
TateModernSq2_0076_0131	urban soundscape
TateModern1_EQR_720p_0191	urban soundscape
MarchmontGarden3_EQR_720p_0257	urban soundscape
TateModern3_0093_0237	urban soundscape
StPaulsCross1_EQR_720p_0045	urban soundscape
StPaulsRow1_0097_0228	urban soundscape
CamdenTown2_EQR_720p_0166	urban soundscape
TorringtonSq3_EQR_720p_0071	urban soundscape
TateModern3_0093_0133	urban soundscape
CamdenMarket1_EQR_720p_0095	urban soundscape
PancrasLock1_EQR_720p_0223	urban soundscape
RegentsParkPath1_EQR_702_0133	urban soundscape
RegentsParkFields2_EQR_720p_0108	urban soundscape
StPaulsCross1_EQR_720p_0163	urban soundscape
PancrasLock2_0058_0155	urban soundscape
RusselSq3_EQR_720p_0000	urban soundscape
RusselSq3_EQR_720p_0097	urban soundscape
CamdenMarket1_EQR_720p_0087	urban soundscape
TorringtonSq2_EQR_720p_0161	urban soundscape
TorringtonSq2_EQR_720p_0090	urban soundscape
MarchmontGarden3_EQR_720p_0237	urban soundscape
RegentsParkPath1_EQR_702_0013	urban soundscape
RegentsParkJapan1_0060_0044	urban soundscape
RusselSq1_EQR_720p_0179	urban soundscape
StPaulsRow1_0097_0042	urban soundscape
StPaulsRow1_0097_0087	urban soundscape
TateModern3_0093_0183	urban soundscape
TorringtonSq4_EQR_720p_0180	urban soundscape
EustonTap2_EQR_720p_0054	urban soundscape
RegentsParkPath1_EQR_702_0085	urban soundscape
TorringtonSq4_EQR_720p_0100	urban soundscape
RegentsParkJapan1_0060_0180	urban soundscape
MarchmontGarden2_EQR_720p_0018	urban soundscape
CamdenTown4_EQR_720p_0184	urban soundscape
CamdenTown1_EQR_720p_0144	urban soundscape
MarchmontGarden1_EQR_720p_0076	urban soundscape
TorringtonSq3_EQR_720p_0068	urban soundscape
CamdenTown1_EQR_720p_0065	urban soundscape
RusselSq2_EQR_720p_0189	urban soundscape
MarchmontGarden2_EQR_720p_0033	urban soundscape
CamdenTown1_EQR_720p_0117	urban soundscape
TorringtonSq4_EQR_720p_0122	urban soundscape
MarchmontGarden2_EQR_720p_0280	urban soundscape
RusselSq1_EQR_720p_0217	urban soundscape
MarchmontGarden2_EQR_720p_0278	urban soundscape
RegentsParkJapan2_0061_0199	urban soundscape
CamdenTown4_EQR_720p_0053	urban soundscape
PancrasLock1_EQR_720p_0058	urban soundscape
StPaulsRow1_0097_0168	urban soundscape
CamdenMarket1_EQR_720p_0185	urban soundscape
TorringtonSq2_EQR_720p_0143	urban soundscape
StPaulsRow1_0097_0123	urban soundscape
TateModernSq2_0076_0004	urban soundscape
MarchmontGarden3_EQR_720p_0166	urban soundscape
EustonTap3_0347_0122	urban soundscape
MarchmontGarden3_EQR_720p_0025	urban soundscape
PancrasLock1_EQR_720p_0007	urban soundscape
EustonTap2_EQR_720p_0136	urban soundscape
CamdenTown1_EQR_720p_0235	urban soundscape
CamdenTown3_EQR_720p_0060	urban soundscape
TorringtonSq4_EQR_720p_0115	urban soundscape
TateModern1_EQR_720p_0027	urban soundscape
RegentsParkJapan2_0061_0067	urban soundscape
EustonTap1_EQR_720p_0137	urban soundscape
CamdenTown3_EQR_720p_0223	urban soundscape
MarchmontGarden2_EQR_720p_0157	urban soundscape
RegentsParkFields2_EQR_720p_0218	urban soundscape
CamdenTown2_EQR_720p_0036	urban soundscape
RegentsParkJapan2_0061_0242	urban soundscape
RusselSq2_EQR_720p_0171	urban soundscape
MarchmontGarden1_EQR_720p_0287	urban soundscape
PancrasLock1_EQR_720p_0191	urban soundscape
MarchmontGarden1_EQR_720p_0251	urban soundscape
CamdenTown3_EQR_720p_0086	urban soundscape
RegentsParkFields2_EQR_720p_0213	urban soundscape
PancrasLock2_0058_0163	urban soundscape
RusselSq1_EQR_720p_0161	urban soundscape
RusselSq1_EQR_720p_0144	urban soundscape
StPaulsRow1_0097_0217	urban soundscape
TateModernSq1_0075_0152	urban soundscape
TateModernSq2_0076_0003	urban soundscape
TateModernSq1_0075_0043	urban soundscape
CamdenMarket1_EQR_720p_0156	urban soundscape
TorringtonSq2_EQR_720p_0018	urban soundscape
TateModernSq2_0076_0209	urban soundscape
StPaulsCross1_EQR_720p_0122	urban soundscape
MarchmontGarden2_EQR_720p_0087	urban soundscape
MarchmontGarden3_EQR_720p_0102	urban soundscape
CamdenTown1_EQR_720p_0064	urban soundscape
RegentsParkJapan1_0060_0099	urban soundscape
CamdenMarket1_EQR_720p_0167	urban soundscape
RusselSq2_EQR_720p_0137	urban soundscape
RusselSq1_EQR_720p_0245	urban soundscape
PancrasLock2_0058_0173	urban soundscape
RegentsParkJapan1_0060_0264	urban soundscape
CamdenTown4_EQR_720p_0154	urban soundscape
StPaulsRow1_0097_0040	urban soundscape
RegentsParkJapan2_0061_0263	urban soundscape
TorringtonSq4_EQR_720p_0080	urban soundscape
MarchmontGarden1_EQR_720p_0195	urban soundscape
MarchmontGarden1_EQR_720p_0021	urban soundscape
TateModernSq2_0076_0206	urban soundscape
StPaulsRow1_0097_0033	urban soundscape
RegentsParkJapan1_0060_0017	urban soundscape
RusselSq1_EQR_720p_0248	urban soundscape
EustonTap1_EQR_720p_0189	urban soundscape
StPaulsRow1_0097_0199	urban soundscape
PancrasLock1_EQR_720p_0162	urban soundscape
RegentsParkJapan1_0060_0223	urban soundscape
RegentsParkFields2_EQR_720p_0009	urban soundscape
EustonTap1_EQR_720p_0110	urban soundscape
EustonTap2_EQR_720p_0070	urban soundscape
EustonTap2_EQR_720p_0013	urban soundscape
MarchmontGarden1_EQR_720p_0069	urban soundscape
RegentsParkJapan2_0061_0184	urban soundscape
MarchmontGarden1_EQR_720p_0268	urban soundscape
CamdenTown2_EQR_720p_0144	urban soundscape
TateModern3_0093_0069	urban soundscape
TateModern3_0093_0184	urban soundscape
MarchmontGarden1_EQR_720p_0120	urban soundscape
MarchmontGarden3_EQR_720p_0276	urban soundscape
CamdenTown3_EQR_720p_0003	urban soundscape
CamdenTown4_EQR_720p_0185	urban soundscape
StPaulsCross1_EQR_720p_0110	urban soundscape
CamdenTown1_EQR_720p_0090	urban soundscape
TorringtonSq2_EQR_720p_0224	urban soundscape
RusselSq1_EQR_720p_0271	urban soundscape
CamdenTown2_EQR_720p_0129	urban soundscape
EustonTap1_EQR_720p_0148	urban soundscape
StPaulsRow1_0097_0212	urban soundscape
RegentsParkFields2_EQR_720p_0210	urban soundscape
MarchmontGarden3_EQR_720p_0041	urban soundscape
CamdenTown4_EQR_720p_0020	urban soundscape
MarchmontGarden1_EQR_720p_0084	urban soundscape
MarchmontGarden2_EQR_720p_0230	urban soundscape
TateModern3_0093_0016	urban soundscape
TorringtonSq2_EQR_720p_0199	urban soundscape
RegentsParkFields2_EQR_720p_0035	urban soundscape
TorringtonSq4_EQR_720p_0220	urban soundscape
RegentsParkJapan1_0060_0015	urban soundscape
TateModern3_0093_0209	urban soundscape
TateModernSq1_0075_0142	urban soundscape
TorringtonSq4_EQR_720p_0103	urban soundscape
CamdenTown2_EQR_720p_0234	urban soundscape
MarchmontGarden2_EQR_720p_0043	urban soundscape
CamdenTown4_EQR_720p_0022	urban soundscape
CamdenTown4_EQR_720p_0214	urban soundscape
MarchmontGarden2_EQR_720p_0171	urban soundscape
CamdenTown1_EQR_720p_0182	urban soundscape
StPaulsRow1_0097_0126	urban soundscape
RegentsParkJapan1_0060_0052	urban soundscape
RegentsParkPath1_EQR_702_0062	urban soundscape
PancrasLock1_EQR_720p_0038	urban soundscape
CamdenTown2_EQR_720p_0098	urban soundscape
TorringtonSq4_EQR_720p_0185	urban soundscape
TateModernSq1_0075_0134	urban soundscape
StPaulsRow1_0097_0231	urban soundscape
TateModernSq2_0076_0221	urban soundscape
RusselSq1_EQR_720p_0160	urban soundscape
EustonTap2_EQR_720p_0093	urban soundscape
MarchmontGarden2_EQR_720p_0077	urban soundscape
RegentsParkJapan1_0060_0075	urban soundscape
EustonTap2_EQR_720p_0192	urban soundscape
RusselSq2_EQR_720p_0070	urban soundscape
RusselSq1_EQR_720p_0016	urban soundscape
TorringtonSq3_EQR_720p_0042	urban soundscape
PancrasLock2_0058_0136	urban soundscape
TateModern1_EQR_720p_0036	urban soundscape
TateModern1_EQR_720p_0083	urban soundscape
RegentsParkPath1_EQR_702_0182	urban soundscape
MarchmontGarden1_EQR_720p_0081	urban soundscape
TorringtonSq2_EQR_720p_0250	urban soundscape
MarchmontGarden3_EQR_720p_0145	urban soundscape
CamdenTown4_EQR_720p_0074	urban soundscape
RegentsParkFields2_EQR_720p_0142	urban soundscape
CamdenTown3_EQR_720p_0102	urban soundscape
TateModernSq1_0075_0074	urban soundscape
CamdenTown2_EQR_720p_0207	urban soundscape
StPaulsRow1_0097_0093	urban soundscape
RegentsParkPath1_EQR_702_0185	urban soundscape
TorringtonSq2_EQR_720p_0114	urban soundscape
RusselSq1_EQR_720p_0152	urban soundscape
CamdenTown2_EQR_720p_0127	urban soundscape
StPaulsCross1_EQR_720p_0126	urban soundscape
CamdenTown4_EQR_720p_0146	urban soundscape
MarchmontGarden3_EQR_720p_0116	urban soundscape
RegentsParkJapan2_0061_0163	urban soundscape
MarchmontGarden2_EQR_720p_0205	urban soundscape
TateModern3_0093_0157	urban soundscape
PancrasLock2_0058_0150	urban soundscape
CamdenMarket1_EQR_720p_0085	urban soundscape
MarchmontGarden3_EQR_720p_0212	urban soundscape
CamdenTown1_EQR_720p_0067	urban soundscape
PancrasLock2_0058_0238	urban soundscape
TorringtonSq2_EQR_720p_0139	urban soundscape
CamdenMarket1_EQR_720p_0022	urban soundscape
StPaulsRow1_0097_0177	urban soundscape
MarchmontGarden1_EQR_720p_0143	urban soundscape
TateModern3_0093_0201	urban soundscape
MarchmontGarden3_EQR_720p_0234	urban soundscape
EustonTap1_EQR_720p_0185	urban soundscape
MarchmontGarden2_EQR_720p_0126	urban soundscape
TorringtonSq2_EQR_720p_0066	urban soundscape
EustonTap1_EQR_720p_0096	urban soundscape
MarchmontGarden1_EQR_720p_0200	urban soundscape
CamdenTown4_EQR_720p_0142	urban soundscape
RusselSq1_EQR_720p_0140	urban soundscape
RusselSq1_EQR_720p_0081	urban soundscape
RusselSq1_EQR_720p_0000	urban soundscape
TorringtonSq3_EQR_720p_0030	urban soundscape
CamdenTown1_EQR_720p_0057	urban soundscape
MarchmontGarden3_EQR_720p_0217	urban soundscape
RegentsParkFields2_EQR_720p_0188	urban soundscape
RusselSq2_EQR_720p_0071	urban soundscape
RegentsParkJapan1_0060_0016	urban soundscape
StPaulsRow1_0097_0032	urban soundscape
EustonTap1_EQR_720p_0151	urban soundscape
MarchmontGarden1_EQR_720p_0027	urban soundscape
TateModernSq2_0076_0151	urban soundscape
MarchmontGarden1_EQR_720p_0037	urban soundscape
TorringtonSq4_EQR_720p_0219	urban soundscape
TateModern1_EQR_720p_0121	urban soundscape
StPaulsCross1_EQR_720p_0217	urban soundscape
CamdenMarket1_EQR_720p_0177	urban soundscape
TateModern3_0093_0211	urban soundscape
MarchmontGarden2_EQR_720p_0270	urban soundscape
TateModernSq1_0075_0009	urban soundscape
EustonTap2_EQR_720p_0166	urban soundscape
CamdenTown2_EQR_720p_0096	urban soundscape
TorringtonSq4_EQR_720p_0199	urban soundscape
CamdenTown4_EQR_720p_0054	urban soundscape
RusselSq1_EQR_720p_0135	urban soundscape
CamdenMarket1_EQR_720p_0148	urban soundscape
StPaulsRow1_0097_0256	urban soundscape
PancrasLock1_EQR_720p_0031	urban soundscape
RusselSq1_EQR_720p_0078	urban soundscape
RusselSq1_EQR_720p_0174	urban soundscape
TateModern1_EQR_720p_0230	urban soundscape
EustonTap2_EQR_720p_0103	urban soundscape
StPaulsRow1_0097_0221	urban soundscape
RegentsParkPath1_EQR_702_0219	urban soundscape
MarchmontGarden2_EQR_720p_0110	urban soundscape
TorringtonSq4_EQR_720p_0031	urban soundscape
RusselSq3_EQR_720p_0070	urban soundscape
TateModernSq1_0075_0165	urban soundscape
RegentsParkFields2_EQR_720p_0202	urban soundscape
PancrasLock1_EQR_720p_0086	urban soundscape
CamdenTown3_EQR_720p_0054	urban soundscape
PancrasLock2_0058_0093	urban soundscape
StPaulsRow1_0097_0009	urban soundscape
StPaulsRow1_0097_0117	urban soundscape
RegentsParkFields2_EQR_720p_0116	urban soundscape
RegentsParkPath1_EQR_702_0112	urban soundscape
PancrasLock1_EQR_720p_0040	urban soundscape
TorringtonSq3_EQR_720p_0000	urban soundscape
TateModernSq1_0075_0099	urban soundscape
CamdenTown2_EQR_720p_0032	urban soundscape
MarchmontGarden2_EQR_720p_0093	urban soundscape
RusselSq1_EQR_720p_0036	urban soundscape
CamdenTown4_EQR_720p_0202	urban soundscape
StPaulsCross1_EQR_720p_0207	urban soundscape
CamdenTown4_EQR_720p_0167	urban soundscape
CamdenTown2_EQR_720p_0018	urban soundscape
RegentsParkFields2_EQR_720p_0008	urban soundscape
MarchmontGarden2_EQR_720p_0129	urban soundscape
CamdenMarket1_EQR_720p_0111	urban soundscape
RegentsParkJapan2_0061_0025	urban soundscape
RusselSq1_EQR_720p_0057	urban soundscape
RegentsParkPath1_EQR_702_0031	urban soundscape
MarchmontGarden1_EQR_720p_0065	urban soundscape
RusselSq2_EQR_720p_0059	urban soundscape
TateModern3_0093_0150	urban soundscape
RegentsParkFields2_EQR_720p_0096	urban soundscape
TorringtonSq2_EQR_720p_0173	urban soundscape
MarchmontGarden2_EQR_720p_0302	urban soundscape
RegentsParkJapan1_0060_0121	urban soundscape
CamdenMarket1_EQR_720p_0147	urban soundscape
EustonTap3_0347_0007	urban soundscape
EustonTap1_EQR_720p_0122	urban soundscape
CamdenTown3_EQR_720p_0148	urban soundscape
MarchmontGarden3_EQR_720p_0227	urban soundscape
EustonTap2_EQR_720p_0073	urban soundscape
TorringtonSq4_EQR_720p_0111	urban soundscape
RegentsParkJapan1_0060_0010	urban soundscape
PancrasLock2_0058_0167	urban soundscape
MarchmontGarden1_EQR_720p_0008	urban soundscape
PancrasLock2_0058_0158	urban soundscape
RegentsParkFields2_EQR_720p_0100	urban soundscape
RusselSq1_EQR_720p_0254	urban soundscape
CamdenTown3_EQR_720p_0125	urban soundscape
RusselSq1_EQR_720p_0157	urban soundscape
TorringtonSq3_EQR_720p_0027	urban soundscape
MarchmontGarden1_EQR_720p_0067	urban soundscape
MarchmontGarden1_EQR_720p_0099	urban soundscape
StPaulsRow1_0097_0069	urban soundscape
TateModern3_0093_0257	urban soundscape
CamdenTown1_EQR_720p_0209	urban soundscape
RusselSq3_EQR_720p_0077	urban soundscape
MarchmontGarden2_EQR_720p_0245	urban soundscape
RegentsParkPath1_EQR_702_0124	urban soundscape
StPaulsRow1_0097_0253	urban soundscape
TateModernSq1_0075_0064	urban soundscape
RegentsParkFields2_EQR_720p_0006	urban soundscape
PancrasLock2_0058_0237	urban soundscape
RegentsParkJapan1_0060_0199	urban soundscape
CamdenMarket1_EQR_720p_0168	urban soundscape
MarchmontGarden3_EQR_720p_0117	urban soundscape
MarchmontGarden2_EQR_720p_0139	urban soundscape
CamdenTown1_EQR_720p_0172	urban soundscape
RegentsParkJapan2_0061_0086	urban soundscape
TorringtonSq4_EQR_720p_0090	urban soundscape
StPaulsCross1_EQR_720p_0184	urban soundscape
MarchmontGarden2_EQR_720p_0186	urban soundscape
CamdenTown4_EQR_720p_0021	urban soundscape
PancrasLock1_EQR_720p_0018	urban soundscape
RegentsParkJapan2_0061_0247	urban soundscape
TateModern1_EQR_720p_0080	urban soundscape
CamdenTown4_EQR_720p_0078	urban soundscape
TateModern1_EQR_720p_0195	urban soundscape
RegentsParkJapan2_0061_0171	urban soundscape
MarchmontGarden3_EQR_720p_0137	urban soundscape
StPaulsRow1_0097_0028	urban soundscape
MarchmontGarden2_EQR_720p_0062	urban soundscape
RegentsParkJapan1_0060_0119	urban soundscape
EustonTap2_EQR_720p_0037	urban soundscape
CamdenTown4_EQR_720p_0131	urban soundscape
MarchmontGarden1_EQR_720p_0256	urban soundscape
CamdenTown3_EQR_720p_0047	urban soundscape
RegentsParkJapan2_0061_0107	urban soundscape
PancrasLock2_0058_0255	urban soundscape
MarchmontGarden1_EQR_720p_0169	urban soundscape
RegentsParkPath1_EQR_702_0233	urban soundscape
TateModernSq2_0076_0191	urban soundscape
EustonTap1_EQR_720p_0195	urban soundscape
MarchmontGarden2_EQR_720p_0272	urban soundscape
RegentsParkPath1_EQR_702_0181	urban soundscape
RusselSq1_EQR_720p_0177	urban soundscape
TateModernSq2_0076_0176	urban soundscape
EustonTap1_EQR_720p_0113	urban soundscape
PancrasLock1_EQR_720p_0250	urban soundscape
MarchmontGarden3_EQR_720p_0183	urban soundscape
MarchmontGarden2_EQR_720p_0034	urban soundscape
MarchmontGarden3_EQR_720p_0181	urban soundscape
EustonTap1_EQR_720p_0167	urban soundscape
CamdenTown1_EQR_720p_0012	urban soundscape
RegentsParkJapan1_0060_0177	urban soundscape
StPaulsCross1_EQR_720p_0070	urban soundscape
TorringtonSq3_EQR_720p_0062	urban soundscape
RegentsParkJapan1_0060_0137	urban soundscape
RegentsParkFields2_EQR_720p_0186	urban soundscape
MarchmontGarden3_EQR_720p_0262	urban soundscape
MarchmontGarden3_EQR_720p_0266	urban soundscape
RegentsParkJapan2_0061_0140	urban soundscape
PancrasLock2_0058_0077	urban soundscape
StPaulsRow1_0097_0084	urban soundscape
CamdenTown2_EQR_720p_0104	urban soundscape
StPaulsCross1_EQR_720p_0005	urban soundscape
CamdenTown2_EQR_720p_0181	urban soundscape
RegentsParkJapan1_0060_0000	urban soundscape
PancrasLock1_EQR_720p_0107	urban soundscape
RegentsParkJapan2_0061_0201	urban soundscape
MarchmontGarden3_EQR_720p_0097	urban soundscape
RusselSq2_EQR_720p_0127	urban soundscape
TateModern3_0093_0020	urban soundscape
MarchmontGarden2_EQR_720p_0066	urban soundscape
RegentsParkJapan1_0060_0202	urban soundscape
RusselSq3_EQR_720p_0093	urban soundscape
CamdenTown4_EQR_720p_0137	urban soundscape
CamdenTown3_EQR_720p_0108	urban soundscape
TateModern3_0093_0122	urban soundscape
RegentsParkJapan2_0061_0229	urban soundscape
EustonTap2_EQR_720p_0165	urban soundscape
CamdenMarket1_EQR_720p_0139	urban soundscape
CamdenTown4_EQR_720p_0091	urban soundscape
PancrasLock2_0058_0190	urban soundscape
CamdenTown1_EQR_720p_0228	urban soundscape
RegentsParkPath1_EQR_702_0027	urban soundscape
CamdenTown2_EQR_720p_0153	urban soundscape
TateModern1_EQR_720p_0172	urban soundscape
EustonTap2_EQR_720p_0160	urban soundscape
StPaulsCross1_EQR_720p_0093	urban soundscape
PancrasLock2_0058_0141	urban soundscape
PancrasLock1_EQR_720p_0201	urban soundscape
TateModern1_EQR_720p_0152	urban soundscape
RegentsParkJapan1_0060_0004	urban soundscape
RegentsParkPath1_EQR_702_0034	urban soundscape
PancrasLock2_0058_0090	urban soundscape
PancrasLock1_EQR_720p_0094	urban soundscape
RusselSq2_EQR_720p_0095	urban soundscape
EustonTap1_EQR_720p_0058	urban soundscape
PancrasLock1_EQR_720p_0175	urban soundscape
MarchmontGarden1_EQR_720p_0087	urban soundscape
TateModernSq2_0076_0107	urban soundscape
TorringtonSq2_EQR_720p_0197	urban soundscape
StPaulsRow1_0097_0178	urban soundscape
RegentsParkPath1_EQR_702_0039	urban soundscape
MarchmontGarden2_EQR_720p_0116	urban soundscape
CamdenTown1_EQR_720p_0092	urban soundscape
PancrasLock1_EQR_720p_0111	urban soundscape
TorringtonSq2_EQR_720p_0024	urban soundscape
RegentsParkPath1_EQR_702_0197	urban soundscape
MarchmontGarden1_EQR_720p_0144	urban soundscape
TateModern1_EQR_720p_0030	urban soundscape
RusselSq2_EQR_720p_0252	urban soundscape
RusselSq2_EQR_720p_0111	urban soundscape
RusselSq1_EQR_720p_0013	urban soundscape
RegentsParkJapan1_0060_0111	urban soundscape
TateModern3_0093_0136	urban soundscape
TorringtonSq2_EQR_720p_0078	urban soundscape
CamdenTown1_EQR_720p_0044	urban soundscape
RusselSq2_EQR_720p_0088	urban soundscape
MarchmontGarden2_EQR_720p_0037	urban soundscape
TateModern3_0093_0013	urban soundscape
MarchmontGarden3_EQR_720p_0043	urban soundscape
TateModernSq1_0075_0032	urban soundscape
RegentsParkPath1_EQR_702_0199	urban soundscape
TorringtonSq4_EQR_720p_0205	urban soundscape
CamdenTown4_EQR_720p_0077	urban soundscape
TateModernSq1_0075_0011	urban soundscape
RegentsParkFields2_EQR_720p_0028	urban soundscape
TorringtonSq4_EQR_720p_0120	urban soundscape
CamdenMarket1_EQR_720p_0152	urban soundscape
RegentsParkJapan1_0060_0204	urban soundscape
TateModern1_EQR_720p_0087	urban soundscape
PancrasLock2_0058_0134	urban soundscape
RusselSq2_EQR_720p_0065	urban soundscape
TateModern3_0093_0004	urban soundscape
EustonTap2_EQR_720p_0039	urban soundscape
RegentsParkJapan2_0061_0002	urban soundscape
MarchmontGarden3_EQR_720p_0108	urban soundscape
RegentsParkFields2_EQR_720p_0000	urban soundscape
EustonTap2_EQR_720p_0067	urban soundscape
RegentsParkJapan2_0061_0236	urban soundscape
EustonTap1_EQR_720p_0003	urban soundscape
EustonTap2_EQR_720p_0101	urban soundscape
CamdenTown3_EQR_720p_0010	urban soundscape
TateModernSq2_0076_0113	urban soundscape
PancrasLock2_0058_0152	urban soundscape
EustonTap1_EQR_720p_0241	urban soundscape
TorringtonSq2_EQR_720p_0206	urban soundscape
TorringtonSq4_EQR_720p_0146	urban soundscape
PancrasLock2_0058_0286	urban soundscape
EustonTap3_0347_0034	urban soundscape
CamdenTown3_EQR_720p_0164	urban soundscape
EustonTap3_0347_0117	urban soundscape
RusselSq2_EQR_720p_0032	urban soundscape
EustonTap2_EQR_720p_0154	urban soundscape
PancrasLock2_0058_0213	urban soundscape
StPaulsCross1_EQR_720p_0098	urban soundscape
PancrasLock1_EQR_720p_0016	urban soundscape
RusselSq3_EQR_720p_0082	urban soundscape
TateModernSq2_0076_0006	urban soundscape
RegentsParkJapan2_0061_0051	urban soundscape
RegentsParkJapan2_0061_0069	urban soundscape
TateModern3_0093_0024	urban soundscape
MarchmontGarden1_EQR_720p_0259	urban soundscape
CamdenTown2_EQR_720p_0143	urban soundscape
RusselSq1_EQR_720p_0108	urban soundscape
TateModernSq2_0076_0190	urban soundscape
StPaulsCross1_EQR_720p_0056	urban soundscape
CamdenTown3_EQR_720p_0110	urban soundscape
StPaulsRow1_0097_0074	urban soundscape
RegentsParkPath1_EQR_702_0025	urban soundscape
RusselSq2_EQR_720p_0255	urban soundscape
CamdenMarket1_EQR_720p_0096	urban soundscape
RegentsParkJapan2_0061_0121	urban soundscape
EustonTap1_EQR_720p_0217	urban soundscape
MarchmontGarden3_EQR_720p_0126	urban soundscape
TorringtonSq2_EQR_720p_0241	urban soundscape
TateModern1_EQR_720p_0039	urban soundscape
RegentsParkJapan2_0061_0096	urban soundscape
MarchmontGarden2_EQR_720p_0127	urban soundscape
StPaulsCross1_EQR_720p_0099	urban soundscape
TateModernSq2_0076_0220	urban soundscape
RegentsParkJapan2_0061_0035	urban soundscape
CamdenTown4_EQR_720p_0174	urban soundscape
TateModern1_EQR_720p_0067	urban soundscape
EustonTap2_EQR_720p_0075	urban soundscape
RusselSq1_EQR_720p_0068	urban soundscape
EustonTap3_0347_0106	urban soundscape
RusselSq2_EQR_720p_0232	urban soundscape
EustonTap2_EQR_720p_0069	urban soundscape
TorringtonSq2_EQR_720p_0045	urban soundscape
RegentsParkPath1_EQR_702_0141	urban soundscape
TateModern3_0093_0030	urban soundscape
CamdenMarket1_EQR_720p_0209	urban soundscape
MarchmontGarden2_EQR_720p_0216	urban soundscape
PancrasLock1_EQR_720p_0195	urban soundscape
RusselSq2_EQR_720p_0238	urban soundscape
RusselSq1_EQR_720p_0178	urban soundscape
CamdenTown4_EQR_720p_0133	urban soundscape
EustonTap2_EQR_720p_0098	urban soundscape
TorringtonSq3_EQR_720p_0031	urban soundscape
RusselSq2_EQR_720p_0141	urban soundscape
EustonTap2_EQR_720p_0161	urban soundscape
TateModern3_0093_0090	urban soundscape
StPaulsCross1_EQR_720p_0064	urban soundscape
TorringtonSq3_EQR_720p_0058	urban soundscape
StPaulsCross1_EQR_720p_0187	urban soundscape
CamdenTown2_EQR_720p_0016	urban soundscape
EustonTap1_EQR_720p_0197	urban soundscape
RegentsParkPath1_EQR_702_0192	urban soundscape
RegentsParkJapan1_0060_0078	urban soundscape
RusselSq1_EQR_720p_0263	urban soundscape
RegentsParkFields2_EQR_720p_0187	urban soundscape
MarchmontGarden2_EQR_720p_0180	urban soundscape
TateModernSq2_0076_0173	urban soundscape
CamdenTown1_EQR_720p_0187	urban soundscape
RegentsParkFields2_EQR_720p_0204	urban soundscape
PancrasLock2_0058_0080	urban soundscape
CamdenMarket1_EQR_720p_0108	urban soundscape
RusselSq3_EQR_720p_0045	urban soundscape
TateModernSq1_0075_0055	urban soundscape
RusselSq3_EQR_720p_0054	urban soundscape
TateModernSq1_0075_0033	urban soundscape
CamdenTown4_EQR_720p_0095	urban soundscape
PancrasLock2_0058_0089	urban soundscape
TateModernSq2_0076_0180	urban soundscape
StPaulsRow1_0097_0038	urban soundscape
StPaulsRow1_0097_0210	urban soundscape
EustonTap3_0347_0044	urban soundscape
RusselSq1_EQR_720p_0040	urban soundscape
TateModernSq1_0075_0071	urban soundscape
TorringtonSq4_EQR_720p_0057	urban soundscape
EustonTap1_EQR_720p_0118	urban soundscape
CamdenTown2_EQR_720p_0231	urban soundscape
RegentsParkFields2_EQR_720p_0083	urban soundscape
RusselSq2_EQR_720p_0178	urban soundscape
MarchmontGarden3_EQR_720p_0228	urban soundscape
PancrasLock1_EQR_720p_0034	urban soundscape
TateModernSq2_0076_0057	urban soundscape
CamdenTown3_EQR_720p_0147	urban soundscape
EustonTap1_EQR_720p_0083	urban soundscape
TorringtonSq2_EQR_720p_0160	urban soundscape
EustonTap3_0347_0025	urban soundscape
RusselSq1_EQR_720p_0011	urban soundscape
PancrasLock2_0058_0051	urban soundscape
PancrasLock2_0058_0032	urban soundscape
TorringtonSq2_EQR_720p_0253	urban soundscape
EustonTap1_EQR_720p_0202	urban soundscape
RegentsParkFields2_EQR_720p_0149	urban soundscape
PancrasLock1_EQR_720p_0140	urban soundscape
RegentsParkFields2_EQR_720p_0063	urban soundscape
TorringtonSq2_EQR_720p_0190	urban soundscape
RusselSq2_EQR_720p_0112	urban soundscape
StPaulsCross1_EQR_720p_0116	urban soundscape
PancrasLock2_0058_0133	urban soundscape
EustonTap2_EQR_720p_0141	urban soundscape
PancrasLock2_0058_0231	urban soundscape
CamdenTown2_EQR_720p_0028	urban soundscape
MarchmontGarden3_EQR_720p_0080	urban soundscape
CamdenTown2_EQR_720p_0228	urban soundscape
StPaulsCross1_EQR_720p_0180	urban soundscape
TateModern3_0093_0038	urban soundscape
TorringtonSq2_EQR_720p_0036	urban soundscape
TorringtonSq2_EQR_720p_0214	urban soundscape
PancrasLock1_EQR_720p_0190	urban soundscape
RegentsParkPath1_EQR_702_0206	urban soundscape
MarchmontGarden1_EQR_720p_0243	urban soundscape
RusselSq2_EQR_720p_0221	urban soundscape
TorringtonSq4_EQR_720p_0070	urban soundscape
RegentsParkJapan1_0060_0084	urban soundscape
CamdenMarket1_EQR_720p_0190	urban soundscape
RegentsParkJapan1_0060_0002	urban soundscape
CamdenTown1_EQR_720p_0219	urban soundscape
PancrasLock1_EQR_720p_0071	urban soundscape
MarchmontGarden2_EQR_720p_0220	urban soundscape
MarchmontGarden1_EQR_720p_0050	urban soundscape
PancrasLock2_0058_0259	urban soundscape
RusselSq1_EQR_720p_0080	urban soundscape
PancrasLock2_0058_0017	urban soundscape
CamdenTown3_EQR_720p_0025	urban soundscape
TorringtonSq3_EQR_720p_0004	urban soundscape
CamdenTown4_EQR_720p_0066	urban soundscape
TateModernSq1_0075_0024	urban soundscape
StPaulsCross1_EQR_720p_0153	urban soundscape
CamdenTown2_EQR_720p_0078	urban soundscape
RegentsParkFields2_EQR_720p_0160	urban soundscape
RegentsParkFields2_EQR_720p_0041	urban soundscape
MarchmontGarden2_EQR_720p_0105	urban soundscape
RegentsParkFields2_EQR_720p_0010	urban soundscape
RegentsParkJapan2_0061_0219	urban soundscape
MarchmontGarden3_EQR_720p_0239	urban soundscape
RegentsParkJapan2_0061_0123	urban soundscape
EustonTap1_EQR_720p_0196	urban soundscape
CamdenMarket1_EQR_720p_0008	urban soundscape
RusselSq3_EQR_720p_0081	urban soundscape
MarchmontGarden3_EQR_720p_0146	urban soundscape
RusselSq3_EQR_720p_0006	urban soundscape
TorringtonSq2_EQR_720p_0140	urban soundscape
MarchmontGarden2_EQR_720p_0008	urban soundscape
RegentsParkFields2_EQR_720p_0036	urban soundscape
TateModern3_0093_0141	urban soundscape
MarchmontGarden1_EQR_720p_0039	urban soundscape
TorringtonSq4_EQR_720p_0039	urban soundscape
TateModernSq2_0076_0101	urban soundscape
TateModernSq1_0075_0162	urban soundscape
RusselSq1_EQR_720p_0228	urban soundscape
MarchmontGarden1_EQR_720p_0046	urban soundscape
MarchmontGarden3_EQR_720p_0242	urban soundscape
MarchmontGarden1_EQR_720p_0260	urban soundscape
RegentsParkJapan2_0061_0125	urban soundscape
RusselSq2_EQR_720p_0097	urban soundscape
CamdenMarket1_EQR_720p_0000	urban soundscape
CamdenMarket1_EQR_720p_0146	urban soundscape
RegentsParkPath1_EQR_702_0207	urban soundscape
PancrasLock2_0058_0103	urban soundscape
RegentsParkJapan2_0061_0024	urban soundscape
CamdenMarket1_EQR_720p_0072	urban soundscape
MarchmontGarden2_EQR_720p_0312	urban soundscape
CamdenTown1_EQR_720p_0264	urban soundscape
StPaulsRow1_0097_0127	urban soundscape
MarchmontGarden1_EQR_720p_0009	urban soundscape
TateModernSq2_0076_0091	urban soundscape
RusselSq1_EQR_720p_0139	urban soundscape
MarchmontGarden1_EQR_720p_0013	urban soundscape
MarchmontGarden2_EQR_720p_0170	urban soundscape
RegentsParkPath1_EQR_702_0164	urban soundscape
TateModern1_EQR_720p_0092	urban soundscape
TateModern3_0093_0032	urban soundscape
TateModernSq2_0076_0083	urban soundscape
EustonTap2_EQR_720p_0105	urban soundscape
TorringtonSq4_EQR_720p_0221	urban soundscape
MarchmontGarden1_EQR_720p_0254	urban soundscape
CamdenMarket1_EQR_720p_0206	urban soundscape
TorringtonSq2_EQR_720p_0088	urban soundscape
RegentsParkJapan1_0060_0200	urban soundscape
CamdenTown4_EQR_720p_0011	urban soundscape
RegentsParkJapan2_0061_0104	urban soundscape
PancrasLock2_0058_0100	urban soundscape
PancrasLock2_0058_0048	urban soundscape
RegentsParkFields2_EQR_720p_0101	urban soundscape
RegentsParkJapan2_0061_0132	urban soundscape
MarchmontGarden1_EQR_720p_0100	urban soundscape
PancrasLock2_0058_0052	urban soundscape
CamdenTown2_EQR_720p_0145	urban soundscape
CamdenMarket1_EQR_720p_0047	urban soundscape
TateModern3_0093_0149	urban soundscape
PancrasLock1_EQR_720p_0198	urban soundscape
EustonTap2_EQR_720p_0131	urban soundscape
RegentsParkJapan2_0061_0255	urban soundscape
TateModernSq2_0076_0022	urban soundscape
TorringtonSq3_EQR_720p_0049	urban soundscape
TorringtonSq2_EQR_720p_0249	urban soundscape
RegentsParkFields2_EQR_720p_0207	urban soundscape
MarchmontGarden3_EQR_720p_0161	urban soundscape
MarchmontGarden2_EQR_720p_0009	urban soundscape
EustonTap1_EQR_720p_0183	urban soundscape
CamdenTown3_EQR_720p_0174	urban soundscape
MarchmontGarden2_EQR_720p_0032	urban soundscape
TateModernSq1_0075_0019	urban soundscape
EustonTap1_EQR_720p_0085	urban soundscape
TateModern3_0093_0138	urban soundscape
RegentsParkFields2_EQR_720p_0152	urban soundscape
PancrasLock2_0058_0117	urban soundscape
TorringtonSq4_EQR_720p_0191	urban soundscape
EustonTap3_0347_0019	urban soundscape
RegentsParkPath1_EQR_702_0195	urban soundscape
TorringtonSq2_EQR_720p_0207	urban soundscape
RegentsParkJapan1_0060_0229	urban soundscape
StPaulsCross1_EQR_720p_0092	urban soundscape
MarchmontGarden3_EQR_720p_0081	urban soundscape
PancrasLock2_0058_0293	urban soundscape
RusselSq2_EQR_720p_0046	urban soundscape
CamdenTown2_EQR_720p_0245	urban soundscape
StPaulsRow1_0097_0176	urban soundscape
StPaulsCross1_EQR_720p_0073	urban soundscape
PancrasLock2_0058_0131	urban soundscape
CamdenTown1_EQR_720p_0202	urban soundscape
CamdenTown2_EQR_720p_0155	urban soundscape
CamdenTown1_EQR_720p_0018	urban soundscape
TorringtonSq4_EQR_720p_0005	urban soundscape
RegentsParkJapan1_0060_0049	urban soundscape
PancrasLock2_0058_0162	urban soundscape
EustonTap3_0347_0062	urban soundscape
MarchmontGarden1_EQR_720p_0136	urban soundscape
RusselSq1_EQR_720p_0110	urban soundscape
RegentsParkJapan1_0060_0164	urban soundscape
PancrasLock1_EQR_720p_0106	urban soundscape
TorringtonSq4_EQR_720p_0136	urban soundscape
StPaulsCross1_EQR_720p_0041	urban soundscape
MarchmontGarden3_EQR_720p_0203	urban soundscape
MarchmontGarden3_EQR_720p_0056	urban soundscape
MarchmontGarden2_EQR_720p_0197	urban soundscape
TateModern3_0093_0067	urban soundscape
CamdenTown1_EQR_720p_0158	urban soundscape
RegentsParkPath1_EQR_702_0158	urban soundscape
TateModernSq2_0076_0098	urban soundscape
PancrasLock1_EQR_720p_0152	urban soundscape
EustonTap1_EQR_720p_0144	urban soundscape
CamdenTown2_EQR_720p_0201	urban soundscape
TorringtonSq3_EQR_720p_0069	urban soundscape
PancrasLock2_0058_0081	urban soundscape
MarchmontGarden2_EQR_720p_0206	urban soundscape
RegentsParkFields2_EQR_720p_0088	urban soundscape
StPaulsCross1_EQR_720p_0059	urban soundscape
EustonTap3_0347_0079	urban soundscape
EustonTap1_EQR_720p_0078	urban soundscape
StPaulsCross1_EQR_720p_0137	urban soundscape
CamdenTown4_EQR_720p_0215	urban soundscape
RusselSq2_EQR_720p_0184	urban soundscape
CamdenTown2_EQR_720p_0218	urban soundscape
CamdenTown1_EQR_720p_0186	urban soundscape
TateModern1_EQR_720p_0043	urban soundscape
RegentsParkJapan2_0061_0006	urban soundscape
TorringtonSq4_EQR_720p_0094	urban soundscape
EustonTap1_EQR_720p_0010	urban soundscape
RusselSq2_EQR_720p_0128	urban soundscape
CamdenTown3_EQR_720p_0203	urban soundscape
CamdenTown4_EQR_720p_0073	urban soundscape
MarchmontGarden3_EQR_720p_0273	urban soundscape
MarchmontGarden3_EQR_720p_0288	urban soundscape
StPaulsRow1_0097_0049	urban soundscape
CamdenTown1_EQR_720p_0146	urban soundscape
CamdenTown2_EQR_720p_0113	urban soundscape
MarchmontGarden1_EQR_720p_0201	urban soundscape
CamdenTown1_EQR_720p_0230	urban soundscape
CamdenTown1_EQR_720p_0142	urban soundscape
RegentsParkPath1_EQR_702_0080	urban soundscape
CamdenMarket1_EQR_720p_0011	urban soundscape
CamdenTown3_EQR_720p_0217	urban soundscape
EustonTap1_EQR_720p_0152	urban soundscape
TateModernSq1_0075_0023	urban soundscape
PancrasLock2_0058_0137	urban soundscape
PancrasLock2_0058_0194	urban soundscape
MarchmontGarden2_EQR_720p_0128	urban soundscape
CamdenMarket1_EQR_720p_0161	urban soundscape
TorringtonSq2_EQR_720p_0179	urban soundscape
RegentsParkJapan2_0061_0218	urban soundscape
EustonTap3_0347_0013	urban soundscape
EustonTap2_EQR_720p_0021	urban soundscape
RegentsParkPath1_EQR_702_0205	urban soundscape
RegentsParkFields2_EQR_720p_0004	urban soundscape
PancrasLock2_0058_0174	urban soundscape
RegentsParkJapan2_0061_0076	urban soundscape
StPaulsRow1_0097_0269	urban soundscape
MarchmontGarden1_EQR_720p_0216	urban soundscape
CamdenTown1_EQR_720p_0213	urban soundscape
TorringtonSq4_EQR_720p_0082	urban soundscape
TateModern3_0093_0228	urban soundscape
TateModern3_0093_0028	urban soundscape
TateModernSq2_0076_0103	urban soundscape
StPaulsRow1_0097_0218	urban soundscape
EustonTap3_0347_0050	urban soundscape
RegentsParkFields2_EQR_720p_0056	urban soundscape
CamdenTown4_EQR_720p_0130	urban soundscape
MarchmontGarden2_EQR_720p_0202	urban soundscape
MarchmontGarden3_EQR_720p_0141	urban soundscape
TorringtonSq4_EQR_720p_0075	urban soundscape
RegentsParkJapan2_0061_0151	urban soundscape
TorringtonSq2_EQR_720p_0211	urban soundscape
TateModern3_0093_0121	urban soundscape
CamdenTown2_EQR_720p_0130	urban soundscape
MarchmontGarden3_EQR_720p_0057	urban soundscape
CamdenTown4_EQR_720p_0060	urban soundscape
RegentsParkFields2_EQR_720p_0138	urban soundscape
StPaulsCross1_EQR_720p_0146	urban soundscape
TateModern1_EQR_720p_0102	urban soundscape
EustonTap3_0347_0154	urban soundscape
StPaulsCross1_EQR_720p_0171	urban soundscape
TorringtonSq4_EQR_720p_0002	urban soundscape
RegentsParkJapan1_0060_0136	urban soundscape
CamdenMarket1_EQR_720p_0080	urban soundscape
MarchmontGarden3_EQR_720p_0006	urban soundscape
CamdenMarket1_EQR_720p_0196	urban soundscape
CamdenMarket1_EQR_720p_0199	urban soundscape
StPaulsRow1_0097_0101	urban soundscape
CamdenTown4_EQR_720p_0072	urban soundscape
RusselSq2_EQR_720p_0044	urban soundscape
RegentsParkFields2_EQR_720p_0181	urban soundscape
EustonTap2_EQR_720p_0056	urban soundscape
RegentsParkFields2_EQR_720p_0024	urban soundscape
CamdenTown2_EQR_720p_0195	urban soundscape
TateModernSq1_0075_0150	urban soundscape
TateModernSq2_0076_0212	urban soundscape
TateModern3_0093_0195	urban soundscape
CamdenTown2_EQR_720p_0040	urban soundscape
CamdenTown3_EQR_720p_0175	urban soundscape
TateModern1_EQR_720p_0127	urban soundscape
CamdenMarket1_EQR_720p_0078	urban soundscape
MarchmontGarden2_EQR_720p_0232	urban soundscape
RusselSq3_EQR_720p_0010	urban soundscape
RusselSq1_EQR_720p_0188	urban soundscape
EustonTap2_EQR_720p_0026	urban soundscape
MarchmontGarden1_EQR_720p_0185	urban soundscape
MarchmontGarden2_EQR_720p_0256	urban soundscape
RegentsParkJapan1_0060_0128	urban soundscape
RusselSq1_EQR_720p_0008	urban soundscape
MarchmontGarden3_EQR_720p_0113	urban soundscape
MarchmontGarden2_EQR_720p_0029	urban soundscape
TateModernSq1_0075_0160	urban soundscape
MarchmontGarden1_EQR_720p_0045	urban soundscape
CamdenTown4_EQR_720p_0216	urban soundscape
TorringtonSq2_EQR_720p_0068	urban soundscape
CamdenMarket1_EQR_720p_0187	urban soundscape
TateModern3_0093_0166	urban soundscape
MarchmontGarden3_EQR_720p_0180	urban soundscape
RusselSq2_EQR_720p_0124	urban soundscape
MarchmontGarden1_EQR_720p_0239	urban soundscape
RegentsParkJapan1_0060_0112	urban soundscape
RusselSq1_EQR_720p_0230	urban soundscape
CamdenTown2_EQR_720p_0031	urban soundscape
EustonTap1_EQR_720p_0076	urban soundscape
TorringtonSq2_EQR_720p_0153	urban soundscape
TorringtonSq4_EQR_720p_0109	urban soundscape
RusselSq3_EQR_720p_0008	urban soundscape
CamdenMarket1_EQR_720p_0016	urban soundscape
CamdenMarket1_EQR_720p_0073	urban soundscape
CamdenTown3_EQR_720p_0037	urban soundscape
RusselSq1_EQR_720p_0232	urban soundscape
RegentsParkFields2_EQR_720p_0193	urban soundscape
CamdenMarket1_EQR_720p_0057	urban soundscape
EustonTap2_EQR_720p_0083	urban soundscape
PancrasLock1_EQR_720p_0262	urban soundscape
MarchmontGarden2_EQR_720p_0069	urban soundscape
CamdenMarket1_EQR_720p_0154	urban soundscape
TateModernSq2_0076_0014	urban soundscape
EustonTap2_EQR_720p_0125	urban soundscape
TorringtonSq2_EQR_720p_0152	urban soundscape
TorringtonSq4_EQR_720p_0076	urban soundscape
RegentsParkPath1_EQR_702_0122	urban soundscape
RegentsParkJapan1_0060_0014	urban soundscape
EustonTap3_0347_0111	urban soundscape
CamdenTown2_EQR_720p_0033	urban soundscape
CamdenTown1_EQR_720p_0138	urban soundscape
TateModernSq2_0076_0104	urban soundscape
CamdenTown2_EQR_720p_0151	urban soundscape
TateModernSq2_0076_0068	urban soundscape
CamdenTown3_EQR_720p_0114	urban soundscape
TateModern1_EQR_720p_0099	urban soundscape
StPaulsRow1_0097_0114	urban soundscape
CamdenMarket1_EQR_720p_0019	urban soundscape
RegentsParkFields2_EQR_720p_0229	urban soundscape
RegentsParkFields2_EQR_720p_0059	urban soundscape
CamdenTown2_EQR_720p_0227	urban soundscape
TateModern1_EQR_720p_0179	urban soundscape
TateModernSq1_0075_0053	urban soundscape
CamdenTown1_EQR_720p_0109	urban soundscape
TateModern1_EQR_720p_0085	urban soundscape
TorringtonSq4_EQR_720p_0036	urban soundscape
CamdenTown2_EQR_720p_0089	urban soundscape
TateModern3_0093_0060	urban soundscape
MarchmontGarden2_EQR_720p_0215	urban soundscape
TateModernSq2_0076_0038	urban soundscape
StPaulsRow1_0097_0043	urban soundscape
RusselSq1_EQR_720p_0151	urban soundscape
PancrasLock2_0058_0296	urban soundscape
RegentsParkJapan1_0060_0249	urban soundscape
CamdenMarket1_EQR_720p_0221	urban soundscape
EustonTap3_0347_0027	urban soundscape
MarchmontGarden3_EQR_720p_0007	urban soundscape
PancrasLock2_0058_0071	urban soundscape
EustonTap2_EQR_720p_0118	urban soundscape
RusselSq2_EQR_720p_0081	urban soundscape
TateModern3_0093_0134	urban soundscape
TateModern1_EQR_720p_0023	urban soundscape
TateModern1_EQR_720p_0000	urban soundscape
CamdenTown1_EQR_720p_0069	urban soundscape
MarchmontGarden2_EQR_720p_0259	urban soundscape
MarchmontGarden3_EQR_720p_0274	urban soundscape
MarchmontGarden1_EQR_720p_0105	urban soundscape
TateModernSq2_0076_0110	urban soundscape
MarchmontGarden1_EQR_720p_0077	urban soundscape
EustonTap1_EQR_720p_0002	urban soundscape
CamdenTown4_EQR_720p_0092	urban soundscape
TorringtonSq2_EQR_720p_0178	urban soundscape
RusselSq2_EQR_720p_0047	urban soundscape
EustonTap3_0347_0057	urban soundscape
EustonTap1_EQR_720p_0055	urban soundscape
TateModern1_EQR_720p_0090	urban soundscape
EustonTap2_EQR_720p_0010	urban soundscape
TateModernSq2_0076_0142	urban soundscape
RegentsParkPath1_EQR_702_0189	urban soundscape
TateModernSq1_0075_0121	urban soundscape
RegentsParkJapan1_0060_0122	urban soundscape
MarchmontGarden2_EQR_720p_0172	urban soundscape
MarchmontGarden3_EQR_720p_0051	urban soundscape
TorringtonSq3_EQR_720p_0037	urban soundscape
RegentsParkJapan1_0060_0082	urban soundscape
TorringtonSq4_EQR_720p_0088	urban soundscape
EustonTap1_EQR_720p_0001	urban soundscape
CamdenTown2_EQR_720p_0244	urban soundscape
TorringtonSq2_EQR_720p_0007	urban soundscape
TateModernSq2_0076_0182	urban soundscape
RegentsParkJapan1_0060_0219	urban soundscape
RusselSq3_EQR_720p_0049	urban soundscape
TorringtonSq3_EQR_720p_0067	urban soundscape
MarchmontGarden1_EQR_720p_0126	urban soundscape
RegentsParkFields2_EQR_720p_0150	urban soundscape
StPaulsRow1_0097_0270	urban soundscape
StPaulsCross1_EQR_720p_0198	urban soundscape
CamdenTown3_EQR_720p_0034	urban soundscape
TateModern3_0093_0130	urban soundscape
MarchmontGarden2_EQR_720p_0271	urban soundscape
PancrasLock2_0058_0140	urban soundscape
PancrasLock1_EQR_720p_0139	urban soundscape
EustonTap2_EQR_720p_0212	urban soundscape
StPaulsCross1_EQR_720p_0094	urban soundscape
CamdenTown4_EQR_720p_0087	urban soundscape
PancrasLock2_0058_0294	urban soundscape
MarchmontGarden1_EQR_720p_0215	urban soundscape
CamdenMarket1_EQR_720p_0104	urban soundscape
RegentsParkPath1_EQR_702_0044	urban soundscape
MarchmontGarden3_EQR_720p_0167	urban soundscape
RusselSq1_EQR_720p_0164	urban soundscape
RusselSq2_EQR_720p_0099	urban soundscape
RegentsParkPath1_EQR_702_0000	urban soundscape
PancrasLock2_0058_0191	urban soundscape
PancrasLock2_0058_0142	urban soundscape
PancrasLock1_EQR_720p_0123	urban soundscape
EustonTap1_EQR_720p_0021	urban soundscape
PancrasLock1_EQR_720p_0004	urban soundscape
RegentsParkFields2_EQR_720p_0014	urban soundscape
RusselSq1_EQR_720p_0107	urban soundscape
CamdenTown4_EQR_720p_0157	urban soundscape
TorringtonSq3_EQR_720p_0026	urban soundscape
StPaulsCross1_EQR_720p_0128	urban soundscape
TorringtonSq4_EQR_720p_0001	urban soundscape
PancrasLock2_0058_0156	urban soundscape
RegentsParkPath1_EQR_702_0171	urban soundscape
CamdenTown4_EQR_720p_0182	urban soundscape
StPaulsCross1_EQR_720p_0222	urban soundscape
MarchmontGarden2_EQR_720p_0182	urban soundscape
TorringtonSq2_EQR_720p_0236	urban soundscape
MarchmontGarden1_EQR_720p_0273	urban soundscape
CamdenMarket1_EQR_720p_0030	urban soundscape
RegentsParkPath1_EQR_702_0009	urban soundscape
TorringtonSq2_EQR_720p_0065	urban soundscape
EustonTap2_EQR_720p_0181	urban soundscape
RusselSq2_EQR_720p_0188	urban soundscape
TateModern3_0093_0009	urban soundscape
MarchmontGarden1_EQR_720p_0089	urban soundscape
StPaulsRow1_0097_0207	urban soundscape
CamdenTown4_EQR_720p_0057	urban soundscape
MarchmontGarden1_EQR_720p_0058	urban soundscape
EustonTap1_EQR_720p_0226	urban soundscape
StPaulsCross1_EQR_720p_0152	urban soundscape
RegentsParkPath1_EQR_702_0135	urban soundscape
RusselSq2_EQR_720p_0204	urban soundscape
RegentsParkFields2_EQR_720p_0097	urban soundscape
StPaulsRow1_0097_0183	urban soundscape
TorringtonSq2_EQR_720p_0071	urban soundscape
RegentsParkJapan2_0061_0083	urban soundscape
MarchmontGarden3_EQR_720p_0021	urban soundscape
RusselSq2_EQR_720p_0207	urban soundscape
TateModernSq2_0076_0199	urban soundscape
MarchmontGarden1_EQR_720p_0119	urban soundscape
CamdenMarket1_EQR_720p_0036	urban soundscape
TateModernSq1_0075_0111	urban soundscape
MarchmontGarden1_EQR_720p_0280	urban soundscape
EustonTap3_0347_0012	urban soundscape
CamdenTown4_EQR_720p_0127	urban soundscape
TateModern1_EQR_720p_0170	urban soundscape
TorringtonSq2_EQR_720p_0228	urban soundscape
CamdenTown3_EQR_720p_0163	urban soundscape
CamdenTown3_EQR_720p_0134	urban soundscape
PancrasLock2_0058_0252	urban soundscape
StPaulsCross1_EQR_720p_0112	urban soundscape
TateModern3_0093_0163	urban soundscape
EustonTap2_EQR_720p_0138	urban soundscape
TateModernSq2_0076_0016	urban soundscape
RegentsParkFields2_EQR_720p_0005	urban soundscape
RusselSq2_EQR_720p_0202	urban soundscape
StPaulsCross1_EQR_720p_0192	urban soundscape
CamdenTown2_EQR_720p_0172	urban soundscape
EustonTap1_EQR_720p_0208	urban soundscape
EustonTap1_EQR_720p_0230	urban soundscape
RegentsParkPath1_EQR_702_0214	urban soundscape
RusselSq3_EQR_720p_0027	urban soundscape
TateModern1_EQR_720p_0124	urban soundscape
PancrasLock1_EQR_720p_0064	urban soundscape
MarchmontGarden1_EQR_720p_0005	urban soundscape
MarchmontGarden3_EQR_720p_0284	urban soundscape
MarchmontGarden1_EQR_720p_0180	urban soundscape
MarchmontGarden3_EQR_720p_0115	urban soundscape
CamdenTown4_EQR_720p_0015	urban soundscape
RegentsParkPath1_EQR_702_0136	urban soundscape
CamdenTown2_EQR_720p_0010	urban soundscape
EustonTap2_EQR_720p_0180	urban soundscape
TateModern3_0093_0222	urban soundscape
MarchmontGarden1_EQR_720p_0079	urban soundscape
PancrasLock2_0058_0097	urban soundscape
RegentsParkPath1_EQR_702_0173	urban soundscape
CamdenTown3_EQR_720p_0072	urban soundscape
StPaulsRow1_0097_0156	urban soundscape
PancrasLock1_EQR_720p_0215	urban soundscape
RegentsParkFields2_EQR_720p_0119	urban soundscape
CamdenMarket1_EQR_720p_0135	urban soundscape
TorringtonSq4_EQR_720p_0128	urban soundscape
TateModern3_0093_0046	urban soundscape
RegentsParkJapan2_0061_0100	urban soundscape
RegentsParkFields2_EQR_720p_0079	urban soundscape
PancrasLock1_EQR_720p_0137	urban soundscape
CamdenMarket1_EQR_720p_0118	urban soundscape
TateModern3_0093_0229	urban soundscape
TateModern1_EQR_720p_0051	urban soundscape
RegentsParkFields2_EQR_720p_0206	urban soundscape
EustonTap2_EQR_720p_0207	urban soundscape
RusselSq1_EQR_720p_0127	urban soundscape
StPaulsRow1_0097_0070	urban soundscape
TateModern1_EQR_720p_0005	urban soundscape
RegentsParkFields2_EQR_720p_0111	urban soundscape
MarchmontGarden1_EQR_720p_0288	urban soundscape
RegentsParkJapan2_0061_0101	urban soundscape
EustonTap2_EQR_720p_0086	urban soundscape
MarchmontGarden1_EQR_720p_0293	urban soundscape
StPaulsRow1_0097_0060	urban soundscape
TateModern3_0093_0055	urban soundscape
CamdenTown3_EQR_720p_0122	urban soundscape
RusselSq1_EQR_720p_0063	urban soundscape
CamdenTown3_EQR_720p_0026	urban soundscape
RegentsParkFields2_EQR_720p_0064	urban soundscape
MarchmontGarden3_EQR_720p_0036	urban soundscape
EustonTap3_0347_0042	urban soundscape
CamdenTown4_EQR_720p_0128	urban soundscape
EustonTap1_EQR_720p_0112	urban soundscape
StPaulsRow1_0097_0204	urban soundscape
TateModern3_0093_0221	urban soundscape
RusselSq2_EQR_720p_0218	urban soundscape
CamdenTown3_EQR_720p_0190	urban soundscape
CamdenTown1_EQR_720p_0180	urban soundscape
StPaulsCross1_EQR_720p_0212	urban soundscape
TateModernSq2_0076_0119	urban soundscape
TorringtonSq2_EQR_720p_0105	urban soundscape
EustonTap1_EQR_720p_0039	urban soundscape
RusselSq3_EQR_720p_0084	urban soundscape
PancrasLock1_EQR_720p_0006	urban soundscape
PancrasLock2_0058_0057	urban soundscape
TorringtonSq4_EQR_720p_0010	urban soundscape
RusselSq3_EQR_720p_0089	urban soundscape
CamdenMarket1_EQR_720p_0201	urban soundscape
StPaulsRow1_0097_0108	urban soundscape
EustonTap1_EQR_720p_0155	urban soundscape
EustonTap2_EQR_720p_0176	urban soundscape
TateModernSq1_0075_0147	urban soundscape
EustonTap2_EQR_720p_0200	urban soundscape
PancrasLock2_0058_0209	urban soundscape
MarchmontGarden3_EQR_720p_0091	urban soundscape
CamdenTown2_EQR_720p_0092	urban soundscape
RegentsParkJapan2_0061_0056	urban soundscape
CamdenTown4_EQR_720p_0153	urban soundscape
CamdenTown2_EQR_720p_0208	urban soundscape
TorringtonSq4_EQR_720p_0123	urban soundscape
MarchmontGarden1_EQR_720p_0115	urban soundscape
MarchmontGarden3_EQR_720p_0053	urban soundscape
TateModern3_0093_0169	urban soundscape
MarchmontGarden1_EQR_720p_0166	urban soundscape
RegentsParkJapan2_0061_0209	urban soundscape
CamdenTown4_EQR_720p_0106	urban soundscape
EustonTap3_0347_0018	urban soundscape
TateModernSq1_0075_0125	urban soundscape
TateModernSq2_0076_0148	urban soundscape
CamdenTown4_EQR_720p_0196	urban soundscape
PancrasLock1_EQR_720p_0087	urban soundscape
RusselSq2_EQR_720p_0028	urban soundscape
RegentsParkJapan1_0060_0009	urban soundscape
StPaulsRow1_0097_0125	urban soundscape
RusselSq3_EQR_720p_0072	urban soundscape
RegentsParkJapan1_0060_0008	urban soundscape
StPaulsRow1_0097_0051	urban soundscape
TorringtonSq2_EQR_720p_0138	urban soundscape
TateModern1_EQR_720p_0209	urban soundscape
RusselSq1_EQR_720p_0264	urban soundscape
StPaulsCross1_EQR_720p_0175	urban soundscape
RegentsParkJapan2_0061_0052	urban soundscape
MarchmontGarden3_EQR_720p_0200	urban soundscape
RusselSq2_EQR_720p_0246	urban soundscape
StPaulsRow1_0097_0076	urban soundscape
RusselSq2_EQR_720p_0213	urban soundscape
TorringtonSq4_EQR_720p_0105	urban soundscape
RusselSq3_EQR_720p_0050	urban soundscape
RusselSq1_EQR_720p_0209	urban soundscape
TateModernSq2_0076_0192	urban soundscape
MarchmontGarden2_EQR_720p_0144	urban soundscape
EustonTap2_EQR_720p_0182	urban soundscape
TateModernSq2_0076_0200	urban soundscape
StPaulsCross1_EQR_720p_0053	urban soundscape
RegentsParkJapan1_0060_0018	urban soundscape
CamdenTown1_EQR_720p_0052	urban soundscape
EustonTap1_EQR_720p_0107	urban soundscape
StPaulsRow1_0097_0068	urban soundscape
MarchmontGarden2_EQR_720p_0320	urban soundscape
TateModern1_EQR_720p_0136	urban soundscape
TorringtonSq3_EQR_720p_0033	urban soundscape
TorringtonSq4_EQR_720p_0141	urban soundscape
TorringtonSq2_EQR_720p_0196	urban soundscape
StPaulsCross1_EQR_720p_0139	urban soundscape
PancrasLock2_0058_0247	urban soundscape
PancrasLock1_EQR_720p_0217	urban soundscape
TorringtonSq4_EQR_720p_0055	urban soundscape
RegentsParkPath1_EQR_702_0054	urban soundscape
RegentsParkFields2_EQR_720p_0145	urban soundscape
RegentsParkJapan2_0061_0146	urban soundscape
CamdenTown2_EQR_720p_0211	urban soundscape
RegentsParkPath1_EQR_702_0115	urban soundscape
CamdenTown1_EQR_720p_0270	urban soundscape
CamdenTown2_EQR_720p_0106	urban soundscape
RegentsParkPath1_EQR_702_0140	urban soundscape
RusselSq2_EQR_720p_0025	urban soundscape
TateModernSq1_0075_0039	urban soundscape
RusselSq2_EQR_720p_0185	urban soundscape
TateModern1_EQR_720p_0049	urban soundscape
CamdenMarket1_EQR_720p_0142	urban soundscape
RegentsParkPath1_EQR_702_0123	urban soundscape
PancrasLock2_0058_0235	urban soundscape
TorringtonSq2_EQR_720p_0057	urban soundscape
TateModern3_0093_0153	urban soundscape
CamdenTown3_EQR_720p_0222	urban soundscape
TateModern3_0093_0192	urban soundscape
MarchmontGarden1_EQR_720p_0122	urban soundscape
TorringtonSq4_EQR_720p_0099	urban soundscape
EustonTap3_0347_0049	urban soundscape
MarchmontGarden2_EQR_720p_0023	urban soundscape
EustonTap2_EQR_720p_0140	urban soundscape
RegentsParkPath1_EQR_702_0129	urban soundscape
MarchmontGarden2_EQR_720p_0150	urban soundscape
TorringtonSq2_EQR_720p_0263	urban soundscape
TorringtonSq2_EQR_720p_0119	urban soundscape
PancrasLock1_EQR_720p_0022	urban soundscape
MarchmontGarden2_EQR_720p_0100	urban soundscape
EustonTap1_EQR_720p_0206	urban soundscape
RegentsParkPath1_EQR_702_0217	urban soundscape
CamdenTown1_EQR_720p_0174	urban soundscape
CamdenTown2_EQR_720p_0122	urban soundscape
PancrasLock1_EQR_720p_0240	urban soundscape
MarchmontGarden2_EQR_720p_0194	urban soundscape
PancrasLock2_0058_0184	urban soundscape
RegentsParkFields2_EQR_720p_0081	urban soundscape
StPaulsRow1_0097_0004	urban soundscape
MarchmontGarden1_EQR_720p_0082	urban soundscape
EustonTap3_0347_0136	urban soundscape
CamdenTown4_EQR_720p_0103	urban soundscape
CamdenMarket1_EQR_720p_0182	urban soundscape
StPaulsCross1_EQR_720p_0158	urban soundscape
TorringtonSq2_EQR_720p_0226	urban soundscape
TateModernSq2_0076_0196	urban soundscape
StPaulsCross1_EQR_720p_0156	urban soundscape
EustonTap2_EQR_720p_0074	urban soundscape
RegentsParkPath1_EQR_702_0149	urban soundscape
EustonTap2_EQR_720p_0142	urban soundscape
MarchmontGarden2_EQR_720p_0111	urban soundscape
MarchmontGarden3_EQR_720p_0188	urban soundscape
RusselSq1_EQR_720p_0269	urban soundscape
PancrasLock2_0058_0010	urban soundscape
MarchmontGarden1_EQR_720p_0181	urban soundscape
MarchmontGarden1_EQR_720p_0106	urban soundscape
TorringtonSq4_EQR_720p_0197	urban soundscape
RusselSq2_EQR_720p_0104	urban soundscape
CamdenTown1_EQR_720p_0251	urban soundscape
StPaulsCross1_EQR_720p_0157	urban soundscape
CamdenTown1_EQR_720p_0113	urban soundscape
RegentsParkJapan2_0061_0169	urban soundscape
RusselSq2_EQR_720p_0063	urban soundscape
StPaulsRow1_0097_0145	urban soundscape
RegentsParkJapan2_0061_0172	urban soundscape
CamdenMarket1_EQR_720p_0105	urban soundscape
StPaulsCross1_EQR_720p_0095	urban soundscape
CamdenTown3_EQR_720p_0074	urban soundscape
MarchmontGarden1_EQR_720p_0145	urban soundscape
MarchmontGarden3_EQR_720p_0017	urban soundscape
RegentsParkJapan2_0061_0133	urban soundscape
PancrasLock1_EQR_720p_0207	urban soundscape
RusselSq3_EQR_720p_0025	urban soundscape
TorringtonSq2_EQR_720p_0219	urban soundscape
CamdenMarket1_EQR_720p_0015	urban soundscape
RegentsParkJapan2_0061_0202	urban soundscape
StPaulsRow1_0097_0194	urban soundscape
RusselSq2_EQR_720p_0206	urban soundscape
MarchmontGarden1_EQR_720p_0188	urban soundscape
StPaulsCross1_EQR_720p_0024	urban soundscape
RusselSq2_EQR_720p_0069	urban soundscape
RusselSq2_EQR_720p_0067	urban soundscape
TorringtonSq2_EQR_720p_0038	urban soundscape
CamdenTown1_EQR_720p_0170	urban soundscape
CamdenTown3_EQR_720p_0229	urban soundscape
RegentsParkJapan1_0060_0133	urban soundscape
TateModern1_EQR_720p_0065	urban soundscape
RegentsParkPath1_EQR_702_0153	urban soundscape
PancrasLock1_EQR_720p_0035	urban soundscape
TateModernSq1_0075_0067	urban soundscape
MarchmontGarden2_EQR_720p_0152	urban soundscape
EustonTap3_0347_0011	urban soundscape
TateModernSq2_0076_0017	urban soundscape
RegentsParkFields2_EQR_720p_0225	urban soundscape
PancrasLock1_EQR_720p_0048	urban soundscape
TateModernSq2_0076_0129	urban soundscape
TorringtonSq4_EQR_720p_0029	urban soundscape
CamdenTown2_EQR_720p_0146	urban soundscape
EustonTap3_0347_0113	urban soundscape
MarchmontGarden3_EQR_720p_0046	urban soundscape
CamdenTown2_EQR_720p_0178	urban soundscape
RegentsParkJapan1_0060_0028	urban soundscape
RusselSq3_EQR_720p_0096	urban soundscape
RusselSq2_EQR_720p_0079	urban soundscape
RegentsParkJapan1_0060_0246	urban soundscape
PancrasLock1_EQR_720p_0074	urban soundscape
MarchmontGarden2_EQR_720p_0316	urban soundscape
EustonTap1_EQR_720p_0182	urban soundscape
PancrasLock2_0058_0063	urban soundscape
RusselSq1_EQR_720p_0181	urban soundscape
RegentsParkFields2_EQR_720p_0208	urban soundscape
CamdenTown2_EQR_720p_0162	urban soundscape
PancrasLock1_EQR_720p_0017	urban soundscape
CamdenTown2_EQR_720p_0199	urban soundscape
EustonTap1_EQR_720p_0198	urban soundscape
TateModern1_EQR_720p_0224	urban soundscape
TateModernSq1_0075_0096	urban soundscape
PancrasLock2_0058_0205	urban soundscape
StPaulsRow1_0097_0091	urban soundscape
CamdenMarket1_EQR_720p_0082	urban soundscape
StPaulsCross1_EQR_720p_0025	urban soundscape
RusselSq1_EQR_720p_0240	urban soundscape
RegentsParkJapan2_0061_0214	urban soundscape
TateModernSq2_0076_0015	urban soundscape
CamdenTown2_EQR_720p_0169	urban soundscape
CamdenTown3_EQR_720p_0180	urban soundscape
RegentsParkJapan2_0061_0108	urban soundscape
RegentsParkFields2_EQR_720p_0137	urban soundscape
MarchmontGarden1_EQR_720p_0141	urban soundscape
TateModern3_0093_0215	urban soundscape
RegentsParkJapan2_0061_0228	urban soundscape
MarchmontGarden2_EQR_720p_0119	urban soundscape
TateModern1_EQR_720p_0137	urban soundscape
EustonTap2_EQR_720p_0106	urban soundscape
RegentsParkJapan2_0061_0149	urban soundscape
EustonTap3_0347_0030	urban soundscape
RusselSq2_EQR_720p_0136	urban soundscape
EustonTap3_0347_0053	urban soundscape
RegentsParkJapan1_0060_0225	urban soundscape
TorringtonSq2_EQR_720p_0218	urban soundscape
CamdenMarket1_EQR_720p_0197	urban soundscape
TateModernSq2_0076_0213	urban soundscape
CamdenTown1_EQR_720p_0220	urban soundscape
RusselSq2_EQR_720p_0133	urban soundscape
TateModern3_0093_0106	urban soundscape
RusselSq2_EQR_720p_0165	urban soundscape
TateModern3_0093_0103	urban soundscape
TorringtonSq3_EQR_720p_0008	urban soundscape
CamdenTown4_EQR_720p_0111	urban soundscape
TateModernSq2_0076_0020	urban soundscape
MarchmontGarden1_EQR_720p_0007	urban soundscape
EustonTap1_EQR_720p_0173	urban soundscape
RusselSq2_EQR_720p_0058	urban soundscape
RusselSq1_EQR_720p_0119	urban soundscape
RusselSq3_EQR_720p_0039	urban soundscape
MarchmontGarden3_EQR_720p_0164	urban soundscape
StPaulsCross1_EQR_720p_0030	urban soundscape
TateModern3_0093_0264	urban soundscape
RegentsParkJapan2_0061_0166	urban soundscape
CamdenTown3_EQR_720p_0231	urban soundscape
RusselSq1_EQR_720p_0261	urban soundscape
StPaulsCross1_EQR_720p_0068	urban soundscape
CamdenTown2_EQR_720p_0079	urban soundscape
PancrasLock1_EQR_720p_0210	urban soundscape
TateModernSq2_0076_0163	urban soundscape
RegentsParkJapan1_0060_0058	urban soundscape
TateModernSq2_0076_0052	urban soundscape
CamdenTown3_EQR_720p_0161	urban soundscape
MarchmontGarden3_EQR_720p_0063	urban soundscape
TateModernSq2_0076_0073	urban soundscape
RusselSq3_EQR_720p_0088	urban soundscape
CamdenTown3_EQR_720p_0002	urban soundscape
RegentsParkJapan1_0060_0024	urban soundscape
TateModernSq2_0076_0136	urban soundscape
EustonTap2_EQR_720p_0158	urban soundscape
MarchmontGarden2_EQR_720p_0229	urban soundscape
CamdenMarket1_EQR_720p_0007	urban soundscape
TorringtonSq2_EQR_720p_0185	urban soundscape
CamdenTown2_EQR_720p_0024	urban soundscape
EustonTap1_EQR_720p_0004	urban soundscape
RusselSq2_EQR_720p_0211	urban soundscape
EustonTap2_EQR_720p_0104	urban soundscape
CamdenTown2_EQR_720p_0221	urban soundscape
MarchmontGarden2_EQR_720p_0295	urban soundscape
MarchmontGarden3_EQR_720p_0285	urban soundscape
StPaulsCross1_EQR_720p_0136	urban soundscape
EustonTap2_EQR_720p_0016	urban soundscape
RusselSq1_EQR_720p_0071	urban soundscape
MarchmontGarden2_EQR_720p_0184	urban soundscape
CamdenTown2_EQR_720p_0216	urban soundscape
EustonTap1_EQR_720p_0097	urban soundscape
MarchmontGarden3_EQR_720p_0218	urban soundscape
StPaulsRow1_0097_0249	urban soundscape
RusselSq2_EQR_720p_0175	urban soundscape
RusselSq1_EQR_720p_0054	urban soundscape
PancrasLock2_0058_0007	urban soundscape
CamdenTown2_EQR_720p_0061	urban soundscape
EustonTap1_EQR_720p_0119	urban soundscape
TateModernSq2_0076_0095	urban soundscape
TorringtonSq4_EQR_720p_0156	urban soundscape
CamdenTown1_EQR_720p_0191	urban soundscape
RusselSq2_EQR_720p_0166	urban soundscape
TorringtonSq4_EQR_720p_0196	urban soundscape
TorringtonSq2_EQR_720p_0000	urban soundscape
RusselSq3_EQR_720p_0001	urban soundscape
RusselSq1_EQR_720p_0128	urban soundscape
EustonTap2_EQR_720p_0049	urban soundscape
MarchmontGarden2_EQR_720p_0038	urban soundscape
CamdenTown1_EQR_720p_0232	urban soundscape
RegentsParkJapan2_0061_0030	urban soundscape
RusselSq1_EQR_720p_0273	urban soundscape
TateModern1_EQR_720p_0138	urban soundscape
PancrasLock1_EQR_720p_0226	urban soundscape
TorringtonSq2_EQR_720p_0254	urban soundscape
RusselSq3_EQR_720p_0071	urban soundscape
CamdenTown2_EQR_720p_0229	urban soundscape
RegentsParkJapan2_0061_0248	urban soundscape
TorringtonSq4_EQR_720p_0192	urban soundscape
CamdenTown3_EQR_720p_0082	urban soundscape
PancrasLock1_EQR_720p_0196	urban soundscape
PancrasLock1_EQR_720p_0219	urban soundscape
TateModern3_0093_0029	urban soundscape
MarchmontGarden1_EQR_720p_0135	urban soundscape
MarchmontGarden2_EQR_720p_0039	urban soundscape
CamdenMarket1_EQR_720p_0081	urban soundscape
CamdenTown3_EQR_720p_0153	urban soundscape
MarchmontGarden3_EQR_720p_0023	urban soundscape
RusselSq1_EQR_720p_0037	urban soundscape
TateModernSq1_0075_0120	urban soundscape
CamdenTown1_EQR_720p_0147	urban soundscape
RusselSq3_EQR_720p_0056	urban soundscape
MarchmontGarden1_EQR_720p_0186	urban soundscape
PancrasLock2_0058_0202	urban soundscape
TateModernSq2_0076_0086	urban soundscape
StPaulsRow1_0097_0018	urban soundscape
TorringtonSq2_EQR_720p_0169	urban soundscape
CamdenTown3_EQR_720p_0028	urban soundscape
RusselSq3_EQR_720p_0078	urban soundscape
TorringtonSq2_EQR_720p_0205	urban soundscape
StPaulsCross1_EQR_720p_0048	urban soundscape
PancrasLock2_0058_0046	urban soundscape
RusselSq3_EQR_720p_0018	urban soundscape
RusselSq1_EQR_720p_0103	urban soundscape
RusselSq2_EQR_720p_0039	urban soundscape
TateModern3_0093_0128	urban soundscape
RusselSq1_EQR_720p_0182	urban soundscape
StPaulsRow1_0097_0077	urban soundscape
TateModern3_0093_0250	urban soundscape
TorringtonSq2_EQR_720p_0001	urban soundscape
StPaulsCross1_EQR_720p_0228	urban soundscape
CamdenTown2_EQR_720p_0214	urban soundscape
EustonTap2_EQR_720p_0008	urban soundscape
StPaulsRow1_0097_0131	urban soundscape
RegentsParkJapan2_0061_0089	urban soundscape
TorringtonSq4_EQR_720p_0066	urban soundscape
CamdenTown1_EQR_720p_0007	urban soundscape
TorringtonSq2_EQR_720p_0029	urban soundscape
CamdenTown4_EQR_720p_0116	urban soundscape
RusselSq1_EQR_720p_0163	urban soundscape
StPaulsCross1_EQR_720p_0100	urban soundscape
CamdenTown4_EQR_720p_0040	urban soundscape
TorringtonSq2_EQR_720p_0187	urban soundscape
TorringtonSq4_EQR_720p_0143	urban soundscape
CamdenTown3_EQR_720p_0210	urban soundscape
MarchmontGarden2_EQR_720p_0275	urban soundscape
EustonTap2_EQR_720p_0019	urban soundscape
RusselSq2_EQR_720p_0096	urban soundscape
PancrasLock2_0058_0145	urban soundscape
CamdenTown1_EQR_720p_0017	urban soundscape
CamdenTown4_EQR_720p_0175	urban soundscape
PancrasLock1_EQR_720p_0209	urban soundscape
StPaulsRow1_0097_0115	urban soundscape
RegentsParkJapan1_0060_0149	urban soundscape
RegentsParkJapan1_0060_0221	urban soundscape
CamdenMarket1_EQR_720p_0106	urban soundscape
RegentsParkJapan2_0061_0073	urban soundscape
CamdenTown4_EQR_720p_0132	urban soundscape
TateModern3_0093_0251	urban soundscape
TateModern3_0093_0087	urban soundscape
TorringtonSq2_EQR_720p_0092	urban soundscape
TorringtonSq3_EQR_720p_0043	urban soundscape
EustonTap1_EQR_720p_0207	urban soundscape
MarchmontGarden1_EQR_720p_0163	urban soundscape
TateModern3_0093_0129	urban soundscape
TateModern3_0093_0178	urban soundscape
RusselSq1_EQR_720p_0168	urban soundscape
EustonTap2_EQR_720p_0121	urban soundscape
TorringtonSq2_EQR_720p_0072	urban soundscape
RusselSq1_EQR_720p_0112	urban soundscape
MarchmontGarden3_EQR_720p_0142	urban soundscape
TateModernSq2_0076_0181	urban soundscape
MarchmontGarden2_EQR_720p_0036	urban soundscape
MarchmontGarden3_EQR_720p_0191	urban soundscape
TateModern1_EQR_720p_0217	urban soundscape
RusselSq1_EQR_720p_0002	urban soundscape
PancrasLock2_0058_0198	urban soundscape
PancrasLock2_0058_0143	urban soundscape
RusselSq1_EQR_720p_0253	urban soundscape
CamdenTown1_EQR_720p_0137	urban soundscape
CamdenTown1_EQR_720p_0027	urban soundscape
RegentsParkJapan2_0061_0036	urban soundscape
MarchmontGarden2_EQR_720p_0138	urban soundscape
EustonTap3_0347_0022	urban soundscape
MarchmontGarden1_EQR_720p_0221	urban soundscape
TorringtonSq2_EQR_720p_0202	urban soundscape
MarchmontGarden3_EQR_720p_0210	urban soundscape
CamdenTown4_EQR_720p_0031	urban soundscape
RusselSq2_EQR_720p_0040	urban soundscape
TateModern3_0093_0170	urban soundscape
StPaulsRow1_0097_0105	urban soundscape
TateModernSq1_0075_0016	urban soundscape
RegentsParkPath1_EQR_702_0082	urban soundscape
TorringtonSq2_EQR_720p_0016	urban soundscape
PancrasLock2_0058_0064	urban soundscape
RegentsParkPath1_EQR_702_0078	urban soundscape
TorringtonSq2_EQR_720p_0233	urban soundscape
TateModernSq2_0076_0063	urban soundscape
RegentsParkJapan2_0061_0179	urban soundscape
RusselSq1_EQR_720p_0058	urban soundscape
EustonTap3_0347_0082	urban soundscape
PancrasLock1_EQR_720p_0066	urban soundscape
RegentsParkFields2_EQR_720p_0055	urban soundscape
PancrasLock2_0058_0180	urban soundscape
RusselSq3_EQR_720p_0003	urban soundscape
EustonTap2_EQR_720p_0172	urban soundscape
EustonTap3_0347_0109	urban soundscape
TorringtonSq2_EQR_720p_0012	urban soundscape
RegentsParkJapan1_0060_0059	urban soundscape
CamdenMarket1_EQR_720p_0207	urban soundscape
TateModern3_0093_0270	urban soundscape
TateModern1_EQR_720p_0228	urban soundscape
CamdenTown2_EQR_720p_0004	urban soundscape
TorringtonSq4_EQR_720p_0059	urban soundscape
TateModern3_0093_0158	urban soundscape
CamdenTown2_EQR_720p_0030	urban soundscape
EustonTap3_0347_0151	urban soundscape
MarchmontGarden3_EQR_720p_0204	urban soundscape
CamdenTown3_EQR_720p_0066	urban soundscape
CamdenTown1_EQR_720p_0042	urban soundscape
CamdenMarket1_EQR_720p_0089	urban soundscape
CamdenTown1_EQR_720p_0085	urban soundscape
CamdenTown4_EQR_720p_0085	urban soundscape
MarchmontGarden2_EQR_720p_0283	urban soundscape
TateModern3_0093_0167	urban soundscape
RusselSq1_EQR_720p_0172	urban soundscape
StPaulsRow1_0097_0010	urban soundscape
MarchmontGarden3_EQR_720p_0140	urban soundscape
PancrasLock1_EQR_720p_0079	urban soundscape
RusselSq2_EQR_720p_0195	urban soundscape
EustonTap2_EQR_720p_0195	urban soundscape
StPaulsCross1_EQR_720p_0006	urban soundscape
StPaulsCross1_EQR_720p_0036	urban soundscape
RusselSq3_EQR_720p_0091	urban soundscape
CamdenTown1_EQR_720p_0030	urban soundscape
TateModernSq2_0076_0024	urban soundscape
CamdenTown2_EQR_720p_0000	urban soundscape
RegentsParkFields2_EQR_720p_0016	urban soundscape
CamdenTown1_EQR_720p_0195	urban soundscape
RegentsParkJapan1_0060_0197	urban soundscape
CamdenTown1_EQR_720p_0165	urban soundscape
CamdenTown4_EQR_720p_0048	urban soundscape
RusselSq3_EQR_720p_0017	urban soundscape
TorringtonSq4_EQR_720p_0139	urban soundscape
TateModernSq2_0076_0072	urban soundscape
StPaulsRow1_0097_0026	urban soundscape
CamdenMarket1_EQR_720p_0127	urban soundscape
TorringtonSq4_EQR_720p_0209	urban soundscape
StPaulsRow1_0097_0140	urban soundscape
RusselSq3_EQR_720p_0095	urban soundscape
RusselSq1_EQR_720p_0049	urban soundscape
TateModernSq2_0076_0122	urban soundscape
MarchmontGarden1_EQR_720p_0281	urban soundscape
TorringtonSq4_EQR_720p_0037	urban soundscape
RegentsParkJapan2_0061_0231	urban soundscape
PancrasLock2_0058_0132	urban soundscape
PancrasLock1_EQR_720p_0180	urban soundscape
RegentsParkPath1_EQR_702_0110	urban soundscape
RusselSq2_EQR_720p_0138	urban soundscape
EustonTap1_EQR_720p_0140	urban soundscape
RusselSq2_EQR_720p_0022	urban soundscape
CamdenMarket1_EQR_720p_0165	urban soundscape
MarchmontGarden3_EQR_720p_0030	urban soundscape
PancrasLock1_EQR_720p_0122	urban soundscape
RegentsParkJapan1_0060_0176	urban soundscape
TateModern1_EQR_720p_0226	urban soundscape
PancrasLock1_EQR_720p_0078	urban soundscape
TorringtonSq3_EQR_720p_0074	urban soundscape
RusselSq2_EQR_720p_0015	urban soundscape
StPaulsRow1_0097_0138	urban soundscape
TorringtonSq2_EQR_720p_0131	urban soundscape
MarchmontGarden1_EQR_720p_0075	urban soundscape
TorringtonSq4_EQR_720p_0198	urban soundscape
TateModern1_EQR_720p_0112	urban soundscape
CamdenTown3_EQR_720p_0107	urban soundscape
TateModernSq1_0075_0151	urban soundscape
MarchmontGarden2_EQR_720p_0078	urban soundscape
CamdenTown1_EQR_720p_0272	urban soundscape
TorringtonSq4_EQR_720p_0152	urban soundscape
RegentsParkJapan2_0061_0098	urban soundscape
StPaulsRow1_0097_0240	urban soundscape
RegentsParkJapan1_0060_0181	urban soundscape
TateModernSq2_0076_0089	urban soundscape
CamdenTown1_EQR_720p_0210	urban soundscape
PancrasLock2_0058_0232	urban soundscape
TateModern3_0093_0239	urban soundscape
MarchmontGarden2_EQR_720p_0277	urban soundscape
RegentsParkJapan2_0061_0106	urban soundscape
CamdenTown3_EQR_720p_0087	urban soundscape
TateModern1_EQR_720p_0243	urban soundscape
CamdenTown3_EQR_720p_0213	urban soundscape
CamdenTown4_EQR_720p_0138	urban soundscape
MarchmontGarden1_EQR_720p_0032	urban soundscape
EustonTap1_EQR_720p_0100	urban soundscape
RusselSq2_EQR_720p_0159	urban soundscape
PancrasLock2_0058_0014	urban soundscape
RegentsParkPath1_EQR_702_0045	urban soundscape
RegentsParkJapan2_0061_0081	urban soundscape
RusselSq2_EQR_720p_0168	urban soundscape
CamdenTown4_EQR_720p_0094	urban soundscape
PancrasLock2_0058_0104	urban soundscape
CamdenTown3_EQR_720p_0226	urban soundscape
TateModern3_0093_0219	urban soundscape
RusselSq1_EQR_720p_0212	urban soundscape
EustonTap3_0347_0116	urban soundscape
RusselSq2_EQR_720p_0223	urban soundscape
MarchmontGarden2_EQR_720p_0208	urban soundscape
MarchmontGarden2_EQR_720p_0307	urban soundscape
RusselSq1_EQR_720p_0123	urban soundscape
EustonTap2_EQR_720p_0170	urban soundscape
StPaulsCross1_EQR_720p_0007	urban soundscape
CamdenTown2_EQR_720p_0049	urban soundscape
RegentsParkJapan1_0060_0083	urban soundscape
RusselSq3_EQR_720p_0011	urban soundscape
TateModernSq1_0075_0007	urban soundscape
RusselSq2_EQR_720p_0234	urban soundscape
RegentsParkFields2_EQR_720p_0157	urban soundscape
TateModern3_0093_0127	urban soundscape
PancrasLock1_EQR_720p_0138	urban soundscape
EustonTap3_0347_0026	urban soundscape
MarchmontGarden2_EQR_720p_0011	urban soundscape
CamdenTown3_EQR_720p_0205	urban soundscape
TorringtonSq4_EQR_720p_0049	urban soundscape
RegentsParkFields2_EQR_720p_0159	urban soundscape
RegentsParkPath1_EQR_702_0087	urban soundscape
PancrasLock1_EQR_720p_0182	urban soundscape
TateModern3_0093_0159	urban soundscape
CamdenTown1_EQR_720p_0023	urban soundscape
MarchmontGarden1_EQR_720p_0193	urban soundscape
EustonTap3_0347_0054	urban soundscape
CamdenTown4_EQR_720p_0000	urban soundscape
MarchmontGarden2_EQR_720p_0053	urban soundscape
RusselSq2_EQR_720p_0244	urban soundscape
CamdenTown1_EQR_720p_0203	urban soundscape
EustonTap1_EQR_720p_0057	urban soundscape
TateModernSq1_0075_0061	urban soundscape
TateModernSq1_0075_0006	urban soundscape
StPaulsRow1_0097_0102	urban soundscape
RegentsParkJapan1_0060_0189	urban soundscape
CamdenMarket1_EQR_720p_0005	urban soundscape
PancrasLock2_0058_0179	urban soundscape
TorringtonSq3_EQR_720p_0051	urban soundscape
StPaulsCross1_EQR_720p_0062	urban soundscape
MarchmontGarden3_EQR_720p_0163	urban soundscape
RusselSq1_EQR_720p_0201	urban soundscape
MarchmontGarden2_EQR_720p_0101	urban soundscape
CamdenTown3_EQR_720p_0211	urban soundscape
RegentsParkPath1_EQR_702_0063	urban soundscape
EustonTap3_0347_0014	urban soundscape
TorringtonSq4_EQR_720p_0034	urban soundscape
TateModern1_EQR_720p_0066	urban soundscape
RusselSq2_EQR_720p_0182	urban soundscape
RusselSq3_EQR_720p_0009	urban soundscape
RusselSq2_EQR_720p_0216	urban soundscape
RegentsParkJapan2_0061_0129	urban soundscape
TorringtonSq4_EQR_720p_0084	urban soundscape
StPaulsCross1_EQR_720p_0081	urban soundscape
EustonTap2_EQR_720p_0063	urban soundscape
MarchmontGarden1_EQR_720p_0078	urban soundscape
CamdenTown4_EQR_720p_0018	urban soundscape
MarchmontGarden3_EQR_720p_0109	urban soundscape
RegentsParkJapan2_0061_0205	urban soundscape
EustonTap1_EQR_720p_0042	urban soundscape
StPaulsRow1_0097_0166	urban soundscape
CamdenTown4_EQR_720p_0219	urban soundscape
CamdenTown3_EQR_720p_0078	urban soundscape
RusselSq3_EQR_720p_0092	urban soundscape
CamdenMarket1_EQR_720p_0032	urban soundscape
MarchmontGarden1_EQR_720p_0048	urban soundscape
RegentsParkJapan2_0061_0230	urban soundscape
TateModern1_EQR_720p_0147	urban soundscape
StPaulsRow1_0097_0130	urban soundscape
EustonTap1_EQR_720p_0070	urban soundscape
CamdenTown4_EQR_720p_0181	urban soundscape
TorringtonSq4_EQR_720p_0202	urban soundscape
CamdenTown1_EQR_720p_0060	urban soundscape
EustonTap2_EQR_720p_0197	urban soundscape
TateModern3_0093_0104	urban soundscape
MarchmontGarden1_EQR_720p_0290	urban soundscape
CamdenTown3_EQR_720p_0171	urban soundscape
CamdenTown2_EQR_720p_0237	urban soundscape
RusselSq2_EQR_720p_0158	urban soundscape
TorringtonSq4_EQR_720p_0175	urban soundscape
MarchmontGarden1_EQR_720p_0234	urban soundscape
PancrasLock2_0058_0201	urban soundscape
EustonTap2_EQR_720p_0082	urban soundscape
MarchmontGarden2_EQR_720p_0224	urban soundscape
RegentsParkFields2_EQR_720p_0084	urban soundscape
RusselSq2_EQR_720p_0181	urban soundscape
RusselSq2_EQR_720p_0224	urban soundscape
PancrasLock1_EQR_720p_0218	urban soundscape
EustonTap3_0347_0039	urban soundscape
TateModern3_0093_0071	urban soundscape
EustonTap1_EQR_720p_0116	urban soundscape
RusselSq1_EQR_720p_0046	urban soundscape
EustonTap3_0347_0052	urban soundscape
MarchmontGarden3_EQR_720p_0244	urban soundscape
PancrasLock2_0058_0203	urban soundscape
TateModern1_EQR_720p_0116	urban soundscape
MarchmontGarden2_EQR_720p_0147	urban soundscape
CamdenMarket1_EQR_720p_0144	urban soundscape
CamdenTown2_EQR_720p_0236	urban soundscape
RusselSq2_EQR_720p_0228	urban soundscape
EustonTap2_EQR_720p_0123	urban soundscape
RusselSq2_EQR_720p_0131	urban soundscape
MarchmontGarden1_EQR_720p_0110	urban soundscape
RegentsParkFields2_EQR_720p_0128	urban soundscape
RegentsParkJapan2_0061_0174	urban soundscape
StPaulsRow1_0097_0062	urban soundscape
CamdenMarket1_EQR_720p_0180	urban soundscape
TorringtonSq4_EQR_720p_0181	urban soundscape
RusselSq1_EQR_720p_0020	urban soundscape
PancrasLock2_0058_0036	urban soundscape
CamdenTown3_EQR_720p_0192	urban soundscape
RegentsParkPath1_EQR_702_0161	urban soundscape
PancrasLock1_EQR_720p_0228	urban soundscape
StPaulsCross1_EQR_720p_0078	urban soundscape
TorringtonSq2_EQR_720p_0069	urban soundscape
StPaulsRow1_0097_0129	urban soundscape
TorringtonSq2_EQR_720p_0060	urban soundscape
StPaulsCross1_EQR_720p_0220	urban soundscape
RegentsParkPath1_EQR_702_0168	urban soundscape
PancrasLock2_0058_0188	urban soundscape
TateModern3_0093_0059	urban soundscape
TateModern3_0093_0218	urban soundscape
CamdenTown1_EQR_720p_0005	urban soundscape
TateModern1_EQR_720p_0163	urban soundscape
RegentsParkJapan1_0060_0050	urban soundscape
RusselSq1_EQR_720p_0231	urban soundscape
RusselSq1_EQR_720p_0087	urban soundscape
TateModern1_EQR_720p_0071	urban soundscape
TateModern1_EQR_720p_0244	urban soundscape
TateModern3_0093_0082	urban soundscape
PancrasLock1_EQR_720p_0185	urban soundscape
CamdenTown4_EQR_720p_0102	urban soundscape
CamdenTown1_EQR_720p_0039	urban soundscape
TorringtonSq2_EQR_720p_0080	urban soundscape
CamdenTown4_EQR_720p_0139	urban soundscape
RegentsParkFields2_EQR_720p_0019	urban soundscape
EustonTap1_EQR_720p_0170	urban soundscape
TorringtonSq4_EQR_720p_0166	urban soundscape
PancrasLock2_0058_0161	urban soundscape
CamdenTown1_EQR_720p_0261	urban soundscape
PancrasLock2_0058_0004	urban soundscape
TateModern3_0093_0151	urban soundscape
TorringtonSq4_EQR_720p_0053	urban soundscape
RegentsParkPath1_EQR_702_0179	urban soundscape
TateModern3_0093_0023	urban soundscape
TateModern1_EQR_720p_0180	urban soundscape
CamdenTown4_EQR_720p_0086	urban soundscape
RegentsParkJapan2_0061_0134	urban soundscape
MarchmontGarden2_EQR_720p_0001	urban soundscape
StPaulsCross1_EQR_720p_0026	urban soundscape
EustonTap1_EQR_720p_0218	urban soundscape
RusselSq2_EQR_720p_0050	urban soundscape
TorringtonSq2_EQR_720p_0164	urban soundscape
CamdenMarket1_EQR_720p_0046	urban soundscape
RegentsParkFields2_EQR_720p_0198	urban soundscape
TateModernSq2_0076_0186	urban soundscape
PancrasLock1_EQR_720p_0167	urban soundscape
CamdenMarket1_EQR_720p_0051	urban soundscape
CamdenTown1_EQR_720p_0267	urban soundscape
RusselSq2_EQR_720p_0176	urban soundscape
RegentsParkJapan1_0060_0206	urban soundscape
MarchmontGarden3_EQR_720p_0254	urban soundscape
PancrasLock2_0058_0039	urban soundscape
StPaulsCross1_EQR_720p_0102	urban soundscape
TorringtonSq3_EQR_720p_0006	urban soundscape
CamdenTown1_EQR_720p_0003	urban soundscape
TateModern1_EQR_720p_0026	urban soundscape
MarchmontGarden3_EQR_720p_0066	urban soundscape
MarchmontGarden1_EQR_720p_0035	urban soundscape
RegentsParkJapan1_0060_0240	urban soundscape
TateModern3_0093_0198	urban soundscape
CamdenTown1_EQR_720p_0131	urban soundscape
StPaulsRow1_0097_0133	urban soundscape
StPaulsRow1_0097_0100	urban soundscape
RegentsParkPath1_EQR_702_0203	urban soundscape
PancrasLock1_EQR_720p_0257	urban soundscape
RegentsParkPath1_EQR_702_0073	urban soundscape
PancrasLock1_EQR_720p_0129	urban soundscape
RegentsParkPath1_EQR_702_0215	urban soundscape
CamdenTown1_EQR_720p_0048	urban soundscape
TorringtonSq3_EQR_720p_0019	urban soundscape
PancrasLock1_EQR_720p_0057	urban soundscape
MarchmontGarden3_EQR_720p_0220	urban soundscape
TorringtonSq4_EQR_720p_0056	urban soundscape
MarchmontGarden3_EQR_720p_0157	urban soundscape
MarchmontGarden2_EQR_720p_0285	urban soundscape
EustonTap2_EQR_720p_0155	urban soundscape
TorringtonSq4_EQR_720p_0118	urban soundscape
RegentsParkFields2_EQR_720p_0017	urban soundscape
CamdenTown2_EQR_720p_0139	urban soundscape
CamdenTown3_EQR_720p_0089	urban soundscape
MarchmontGarden1_EQR_720p_0272	urban soundscape
RegentsParkPath1_EQR_702_0144	urban soundscape
StPaulsCross1_EQR_720p_0162	urban soundscape
TorringtonSq2_EQR_720p_0059	urban soundscape
TorringtonSq2_EQR_720p_0102	urban soundscape
StPaulsCross1_EQR_720p_0213	urban soundscape
StPaulsRow1_0097_0171	urban soundscape
RegentsParkJapan1_0060_0061	urban soundscape
MarchmontGarden2_EQR_720p_0080	urban soundscape
RusselSq1_EQR_720p_0117	urban soundscape
RegentsParkJapan1_0060_0239	urban soundscape
TorringtonSq3_EQR_720p_0050	urban soundscape
PancrasLock1_EQR_720p_0142	urban soundscape
EustonTap3_0347_0069	urban soundscape
EustonTap3_0347_0036	urban soundscape
TateModern1_EQR_720p_0021	urban soundscape
TateModern1_EQR_720p_0120	urban soundscape
PancrasLock1_EQR_720p_0186	urban soundscape
MarchmontGarden3_EQR_720p_0133	urban soundscape
TateModernSq2_0076_0064	urban soundscape
RegentsParkJapan2_0061_0032	urban soundscape
TorringtonSq4_EQR_720p_0102	urban soundscape
TateModern3_0093_0168	urban soundscape
CamdenTown1_EQR_720p_0025	urban soundscape
CamdenMarket1_EQR_720p_0163	urban soundscape
CamdenTown3_EQR_720p_0140	urban soundscape
StPaulsCross1_EQR_720p_0074	urban soundscape
CamdenMarket1_EQR_720p_0056	urban soundscape
CamdenTown1_EQR_720p_0054	urban soundscape
MarchmontGarden2_EQR_720p_0288	urban soundscape
CamdenMarket1_EQR_720p_0068	urban soundscape
CamdenTown1_EQR_720p_0076	urban soundscape
TateModernSq2_0076_0205	urban soundscape
RusselSq1_EQR_720p_0083	urban soundscape
TateModern1_EQR_720p_0123	urban soundscape
CamdenTown2_EQR_720p_0210	urban soundscape
PancrasLock1_EQR_720p_0065	urban soundscape
RegentsParkJapan1_0060_0034	urban soundscape
EustonTap2_EQR_720p_0051	urban soundscape
EustonTap3_0347_0058	urban soundscape
MarchmontGarden2_EQR_720p_0211	urban soundscape
EustonTap2_EQR_720p_0139	urban soundscape
RegentsParkFields2_EQR_720p_0114	urban soundscape
EustonTap1_EQR_720p_0094	urban soundscape
RegentsParkJapan2_0061_0138	urban soundscape
CamdenMarket1_EQR_720p_0049	urban soundscape
MarchmontGarden2_EQR_720p_0046	urban soundscape
TorringtonSq2_EQR_720p_0259	urban soundscape
RegentsParkJapan2_0061_0018	urban soundscape
TorringtonSq2_EQR_720p_0258	urban soundscape
TorringtonSq2_EQR_720p_0235	urban soundscape
CamdenTown4_EQR_720p_0012	urban soundscape
CamdenTown1_EQR_720p_0239	urban soundscape
EustonTap2_EQR_720p_0135	urban soundscape
RegentsParkJapan1_0060_0081	urban soundscape
CamdenTown4_EQR_720p_0005	urban soundscape
RegentsParkPath1_EQR_702_0047	urban soundscape
RusselSq2_EQR_720p_0051	urban soundscape
CamdenTown1_EQR_720p_0001	urban soundscape
MarchmontGarden3_EQR_720p_0205	urban soundscape
RegentsParkJapan1_0060_0244	urban soundscape
EustonTap2_EQR_720p_0159	urban soundscape
TateModernSq2_0076_0150	urban soundscape
TorringtonSq3_EQR_720p_0001	urban soundscape
MarchmontGarden1_EQR_720p_0265	urban soundscape
MarchmontGarden3_EQR_720p_0044	urban soundscape
MarchmontGarden2_EQR_720p_0003	urban soundscape
CamdenTown3_EQR_720p_0098	urban soundscape
StPaulsCross1_EQR_720p_0147	urban soundscape
MarchmontGarden3_EQR_720p_0255	urban soundscape
CamdenMarket1_EQR_720p_0109	urban soundscape
RegentsParkJapan1_0060_0251	urban soundscape
TateModernSq2_0076_0031	urban soundscape
CamdenTown4_EQR_720p_0192	urban soundscape
MarchmontGarden3_EQR_720p_0047	urban soundscape
PancrasLock1_EQR_720p_0221	urban soundscape
RegentsParkPath1_EQR_702_0040	urban soundscape
RegentsParkPath1_EQR_702_0183	urban soundscape
TorringtonSq2_EQR_720p_0087	urban soundscape
RegentsParkJapan2_0061_0012	urban soundscape
CamdenTown1_EQR_720p_0123	urban soundscape
TateModern3_0093_0120	urban soundscape
CamdenTown4_EQR_720p_0159	urban soundscape
CamdenTown4_EQR_720p_0039	urban soundscape
CamdenTown2_EQR_720p_0075	urban soundscape
PancrasLock2_0058_0242	urban soundscape
StPaulsRow1_0097_0064	urban soundscape
TateModernSq1_0075_0081	urban soundscape
StPaulsRow1_0097_0029	urban soundscape
TorringtonSq3_EQR_720p_0010	urban soundscape
RegentsParkJapan1_0060_0242	urban soundscape
MarchmontGarden2_EQR_720p_0297	urban soundscape
CamdenTown2_EQR_720p_0007	urban soundscape
RegentsParkJapan1_0060_0275	urban soundscape
RegentsParkJapan2_0061_0264	urban soundscape
TateModernSq1_0075_0161	urban soundscape
StPaulsRow1_0097_0202	urban soundscape
CamdenTown3_EQR_720p_0146	urban soundscape
RegentsParkPath1_EQR_702_0108	urban soundscape
PancrasLock1_EQR_720p_0080	urban soundscape
RegentsParkJapan1_0060_0020	urban soundscape
EustonTap3_0347_0021	urban soundscape
CamdenTown2_EQR_720p_0123	urban soundscape
PancrasLock2_0058_0066	urban soundscape
MarchmontGarden3_EQR_720p_0131	urban soundscape
CamdenTown3_EQR_720p_0129	urban soundscape
PancrasLock1_EQR_720p_0227	urban soundscape
TateModern1_EQR_720p_0081	urban soundscape
EustonTap3_0347_0137	urban soundscape
CamdenTown2_EQR_720p_0175	urban soundscape
RegentsParkFields2_EQR_720p_0113	urban soundscape
RegentsParkJapan1_0060_0003	urban soundscape
CamdenMarket1_EQR_720p_0034	urban soundscape
MarchmontGarden2_EQR_720p_0190	urban soundscape
TorringtonSq2_EQR_720p_0132	urban soundscape
CamdenTown1_EQR_720p_0058	urban soundscape
CamdenTown2_EQR_720p_0088	urban soundscape
TateModern3_0093_0021	urban soundscape
MarchmontGarden3_EQR_720p_0186	urban soundscape
CamdenTown2_EQR_720p_0048	urban soundscape
PancrasLock2_0058_0086	urban soundscape
RegentsParkFields2_EQR_720p_0031	urban soundscape
RegentsParkJapan2_0061_0262	urban soundscape
EustonTap2_EQR_720p_0122	urban soundscape
TorringtonSq2_EQR_720p_0177	urban soundscape
RegentsParkPath1_EQR_702_0003	urban soundscape
EustonTap2_EQR_720p_0060	urban soundscape
RegentsParkJapan1_0060_0150	urban soundscape
RegentsParkPath1_EQR_702_0147	urban soundscape
RusselSq2_EQR_720p_0231	urban soundscape
RegentsParkFields2_EQR_720p_0001	urban soundscape
TorringtonSq4_EQR_720p_0060	urban soundscape
CamdenTown1_EQR_720p_0143	urban soundscape
TateModern3_0093_0261	urban soundscape
StPaulsRow1_0097_0167	urban soundscape
CamdenTown1_EQR_720p_0068	urban soundscape
TateModern1_EQR_720p_0238	urban soundscape
CamdenTown2_EQR_720p_0044	urban soundscape
PancrasLock1_EQR_720p_0110	urban soundscape
EustonTap3_0347_0064	urban soundscape
RusselSq1_EQR_720p_0012	urban soundscape
TateModern3_0093_0172	urban soundscape
TateModernSq2_0076_0019	urban soundscape
PancrasLock1_EQR_720p_0117	urban soundscape
CamdenMarket1_EQR_720p_0033	urban soundscape
CamdenMarket1_EQR_720p_0038	urban soundscape
TorringtonSq2_EQR_720p_0022	urban soundscape
PancrasLock1_EQR_720p_0053	urban soundscape
MarchmontGarden2_EQR_720p_0010	urban soundscape
CamdenTown3_EQR_720p_0183	urban soundscape
MarchmontGarden2_EQR_720p_0314	urban soundscape
RegentsParkFields2_EQR_720p_0197	urban soundscape
CamdenTown1_EQR_720p_0097	urban soundscape
RusselSq3_EQR_720p_0085	urban soundscape
CamdenTown3_EQR_720p_0131	urban soundscape
TorringtonSq4_EQR_720p_0012	urban soundscape
CamdenTown1_EQR_720p_0167	urban soundscape
TateModern3_0093_0200	urban soundscape
CamdenTown1_EQR_720p_0151	urban soundscape
MarchmontGarden3_EQR_720p_0243	urban soundscape
EustonTap3_0347_0093	urban soundscape
CamdenTown3_EQR_720p_0216	urban soundscape
PancrasLock2_0058_0095	urban soundscape
TorringtonSq2_EQR_720p_0019	urban soundscape
TorringtonSq4_EQR_720p_0006	urban soundscape
TateModernSq2_0076_0044	urban soundscape
MarchmontGarden3_EQR_720p_0121	urban soundscape
EustonTap2_EQR_720p_0178	urban soundscape
RusselSq2_EQR_720p_0196	urban soundscape
RegentsParkPath1_EQR_702_0029	urban soundscape
StPaulsRow1_0097_0075	urban soundscape
TorringtonSq2_EQR_720p_0035	urban soundscape
EustonTap2_EQR_720p_0078	urban soundscape
RusselSq2_EQR_720p_0100	urban soundscape
RusselSq2_EQR_720p_0110	urban soundscape
TateModernSq1_0075_0066	urban soundscape
TateModernSq1_0075_0158	urban soundscape
CamdenTown1_EQR_720p_0160	urban soundscape
RusselSq1_EQR_720p_0260	urban soundscape
CamdenTown2_EQR_720p_0154	urban soundscape
TateModern1_EQR_720p_0094	urban soundscape
RusselSq1_EQR_720p_0206	urban soundscape
CamdenTown2_EQR_720p_0043	urban soundscape
PancrasLock1_EQR_720p_0088	urban soundscape
StPaulsCross1_EQR_720p_0080	urban soundscape
RusselSq1_EQR_720p_0165	urban soundscape
CamdenMarket1_EQR_720p_0002	urban soundscape
MarchmontGarden1_EQR_720p_0047	urban soundscape
TateModernSq1_0075_0072	urban soundscape
TateModern1_EQR_720p_0194	urban soundscape
TorringtonSq2_EQR_720p_0242	urban soundscape
RusselSq2_EQR_720p_0101	urban soundscape
StPaulsCross1_EQR_720p_0148	urban soundscape
StPaulsRow1_0097_0191	urban soundscape
StPaulsRow1_0097_0014	urban soundscape
StPaulsRow1_0097_0067	urban soundscape
CamdenMarket1_EQR_720p_0188	urban soundscape
CamdenMarket1_EQR_720p_0198	urban soundscape
TateModernSq2_0076_0197	urban soundscape
TateModernSq1_0075_0083	urban soundscape
StPaulsRow1_0097_0003	urban soundscape
PancrasLock2_0058_0230	urban soundscape
TateModern3_0093_0070	urban soundscape
RegentsParkPath1_EQR_702_0126	urban soundscape
CamdenTown2_EQR_720p_0037	urban soundscape
TateModern3_0093_0079	urban soundscape
MarchmontGarden2_EQR_720p_0124	urban soundscape
EustonTap1_EQR_720p_0181	urban soundscape
CamdenTown4_EQR_720p_0186	urban soundscape
StPaulsRow1_0097_0059	urban soundscape
EustonTap1_EQR_720p_0120	urban soundscape
RegentsParkPath1_EQR_702_0068	urban soundscape
MarchmontGarden1_EQR_720p_0204	urban soundscape
StPaulsCross1_EQR_720p_0226	urban soundscape
TateModern3_0093_0049	urban soundscape
RegentsParkJapan1_0060_0179	urban soundscape
CamdenTown3_EQR_720p_0149	urban soundscape
TorringtonSq4_EQR_720p_0020	urban soundscape
RegentsParkPath1_EQR_702_0048	urban soundscape
RegentsParkJapan1_0060_0068	urban soundscape
RegentsParkJapan2_0061_0147	urban soundscape
EustonTap2_EQR_720p_0022	urban soundscape
PancrasLock1_EQR_720p_0124	urban soundscape
MarchmontGarden3_EQR_720p_0279	urban soundscape
MarchmontGarden3_EQR_720p_0159	urban soundscape
MarchmontGarden1_EQR_720p_0055	urban soundscape
PancrasLock1_EQR_720p_0261	urban soundscape
StPaulsRow1_0097_0063	urban soundscape
PancrasLock2_0058_0003	urban soundscape
RusselSq2_EQR_720p_0192	urban soundscape
CamdenMarket1_EQR_720p_0010	urban soundscape
MarchmontGarden2_EQR_720p_0266	urban soundscape
EustonTap1_EQR_720p_0138	urban soundscape
MarchmontGarden1_EQR_720p_0177	urban soundscape
MarchmontGarden1_EQR_720p_0040	urban soundscape
EustonTap2_EQR_720p_0066	urban soundscape
PancrasLock1_EQR_720p_0113	urban soundscape
CamdenTown4_EQR_720p_0164	urban soundscape
StPaulsCross1_EQR_720p_0010	urban soundscape
MarchmontGarden1_EQR_720p_0289	urban soundscape
EustonTap2_EQR_720p_0205	urban soundscape
RegentsParkJapan2_0061_0177	urban soundscape
RusselSq2_EQR_720p_0061	urban soundscape
PancrasLock2_0058_0256	urban soundscape
MarchmontGarden3_EQR_720p_0154	urban soundscape
StPaulsCross1_EQR_720p_0076	urban soundscape
MarchmontGarden1_EQR_720p_0029	urban soundscape
TateModern3_0093_0063	urban soundscape
EustonTap3_0347_0031	urban soundscape
TateModernSq2_0076_0183	urban soundscape
TorringtonSq2_EQR_720p_0111	urban soundscape
TorringtonSq2_EQR_720p_0144	urban soundscape
MarchmontGarden2_EQR_720p_0248	urban soundscape
CamdenTown2_EQR_720p_0085	urban soundscape
StPaulsRow1_0097_0137	urban soundscape
RusselSq2_EQR_720p_0113	urban soundscape
TorringtonSq3_EQR_720p_0070	urban soundscape
RegentsParkFields2_EQR_720p_0155	urban soundscape
StPaulsCross1_EQR_720p_0209	urban soundscape
RegentsParkJapan1_0060_0026	urban soundscape
RegentsParkFields2_EQR_720p_0093	urban soundscape
EustonTap1_EQR_720p_0117	urban soundscape
PancrasLock1_EQR_720p_0181	urban soundscape
CamdenTown2_EQR_720p_0102	urban soundscape
TorringtonSq4_EQR_720p_0161	urban soundscape
CamdenTown2_EQR_720p_0046	urban soundscape
RegentsParkJapan2_0061_0022	urban soundscape
CamdenTown2_EQR_720p_0022	urban soundscape
RusselSq1_EQR_720p_0095	urban soundscape
CamdenTown4_EQR_720p_0160	urban soundscape
CamdenTown1_EQR_720p_0020	urban soundscape
EustonTap3_0347_0020	urban soundscape
StPaulsRow1_0097_0104	urban soundscape
PancrasLock2_0058_0074	urban soundscape
CamdenTown2_EQR_720p_0058	urban soundscape
CamdenTown1_EQR_720p_0168	urban soundscape
RegentsParkFields2_EQR_720p_0038	urban soundscape
PancrasLock1_EQR_720p_0050	urban soundscape
TateModernSq2_0076_0051	urban soundscape
CamdenTown4_EQR_720p_0120	urban soundscape
RegentsParkJapan1_0060_0048	urban soundscape
StPaulsRow1_0097_0234	urban soundscape
CamdenTown4_EQR_720p_0223	urban soundscape
StPaulsCross1_EQR_720p_0174	urban soundscape
EustonTap1_EQR_720p_0123	urban soundscape
CamdenTown2_EQR_720p_0192	urban soundscape
MarchmontGarden2_EQR_720p_0089	urban soundscape
RegentsParkPath1_EQR_702_0223	urban soundscape
TateModernSq2_0076_0018	urban soundscape
MarchmontGarden2_EQR_720p_0063	urban soundscape
RegentsParkJapan1_0060_0006	urban soundscape
StPaulsCross1_EQR_720p_0031	urban soundscape
CamdenTown1_EQR_720p_0021	urban soundscape
PancrasLock2_0058_0301	urban soundscape
TorringtonSq4_EQR_720p_0163	urban soundscape
RegentsParkFields2_EQR_720p_0032	urban soundscape
CamdenTown3_EQR_720p_0103	urban soundscape
PancrasLock2_0058_0216	urban soundscape
RegentsParkJapan2_0061_0050	urban soundscape
MarchmontGarden3_EQR_720p_0082	urban soundscape
CamdenTown2_EQR_720p_0182	urban soundscape
EustonTap3_0347_0088	urban soundscape
TorringtonSq2_EQR_720p_0158	urban soundscape
MarchmontGarden3_EQR_720p_0058	urban soundscape
RegentsParkJapan1_0060_0216	urban soundscape
RegentsParkFields2_EQR_720p_0226	urban soundscape
EustonTap1_EQR_720p_0234	urban soundscape
TorringtonSq2_EQR_720p_0118	urban soundscape
MarchmontGarden2_EQR_720p_0291	urban soundscape
TateModernSq1_0075_0122	urban soundscape
RegentsParkPath1_EQR_702_0036	urban soundscape
CamdenTown3_EQR_720p_0116	urban soundscape
TateModern3_0093_0205	urban soundscape
RegentsParkFields2_EQR_720p_0025	urban soundscape
PancrasLock2_0058_0178	urban soundscape
TorringtonSq4_EQR_720p_0184	urban soundscape
TateModernSq2_0076_0204	urban soundscape
EustonTap3_0347_0133	urban soundscape
RusselSq3_EQR_720p_0052	urban soundscape
TateModern3_0093_0092	urban soundscape
RusselSq1_EQR_720p_0166	urban soundscape
TorringtonSq3_EQR_720p_0063	urban soundscape
TateModern1_EQR_720p_0086	urban soundscape
TateModernSq1_0075_0000	urban soundscape
RegentsParkPath1_EQR_702_0106	urban soundscape
RegentsParkPath1_EQR_702_0053	urban soundscape
CamdenTown4_EQR_720p_0038	urban soundscape
RegentsParkPath1_EQR_702_0234	urban soundscape
TateModernSq1_0075_0155	urban soundscape
TateModern3_0093_0011	urban soundscape
TateModern1_EQR_720p_0133	urban soundscape
RusselSq2_EQR_720p_0013	urban soundscape
TorringtonSq4_EQR_720p_0093	urban soundscape
TorringtonSq4_EQR_720p_0187	urban soundscape
TorringtonSq4_EQR_720p_0114	urban soundscape
EustonTap3_0347_0142	urban soundscape
PancrasLock1_EQR_720p_0212	urban soundscape
TorringtonSq4_EQR_720p_0172	urban soundscape
StPaulsRow1_0097_0005	urban soundscape
PancrasLock2_0058_0101	urban soundscape
RegentsParkPath1_EQR_702_0064	urban soundscape
RegentsParkPath1_EQR_702_0020	urban soundscape
EustonTap2_EQR_720p_0057	urban soundscape
TateModern3_0093_0085	urban soundscape
MarchmontGarden2_EQR_720p_0107	urban soundscape
PancrasLock2_0058_0176	urban soundscape
TateModernSq1_0075_0018	urban soundscape
RegentsParkJapan1_0060_0144	urban soundscape
MarchmontGarden2_EQR_720p_0228	urban soundscape
CamdenTown1_EQR_720p_0241	urban soundscape
RegentsParkJapan1_0060_0118	urban soundscape
MarchmontGarden2_EQR_720p_0134	urban soundscape
MarchmontGarden1_EQR_720p_0206	urban soundscape
TateModern1_EQR_720p_0236	urban soundscape
StPaulsRow1_0097_0136	urban soundscape
PancrasLock2_0058_0043	urban soundscape
TorringtonSq2_EQR_720p_0154	urban soundscape
MarchmontGarden1_EQR_720p_0051	urban soundscape
PancrasLock2_0058_0199	urban soundscape
CamdenTown2_EQR_720p_0191	urban soundscape
TateModern3_0093_0062	urban soundscape
MarchmontGarden2_EQR_720p_0085	urban soundscape
CamdenTown3_EQR_720p_0177	urban soundscape
CamdenTown4_EQR_720p_0150	urban soundscape
TateModern3_0093_0123	urban soundscape
StPaulsRow1_0097_0170	urban soundscape
CamdenTown3_EQR_720p_0160	urban soundscape
PancrasLock2_0058_0119	urban soundscape
RusselSq1_EQR_720p_0211	urban soundscape
CamdenMarket1_EQR_720p_0126	urban soundscape
MarchmontGarden2_EQR_720p_0198	urban soundscape
CamdenTown1_EQR_720p_0116	urban soundscape
CamdenTown2_EQR_720p_0188	urban soundscape
TorringtonSq2_EQR_720p_0128	urban soundscape
StPaulsCross1_EQR_720p_0022	urban soundscape
RegentsParkFields2_EQR_720p_0140	urban soundscape
PancrasLock1_EQR_720p_0176	urban soundscape
TateModern3_0093_0185	urban soundscape
MarchmontGarden1_EQR_720p_0192	urban soundscape
RusselSq1_EQR_720p_0198	urban soundscape
RegentsParkJapan2_0061_0053	urban soundscape
RegentsParkPath1_EQR_702_0218	urban soundscape
MarchmontGarden3_EQR_720p_0233	urban soundscape
MarchmontGarden1_EQR_720p_0248	urban soundscape
MarchmontGarden2_EQR_720p_0183	urban soundscape
TateModernSq1_0075_0103	urban soundscape
TateModernSq2_0076_0039	urban soundscape
CamdenTown3_EQR_720p_0056	urban soundscape
StPaulsCross1_EQR_720p_0181	urban soundscape
TorringtonSq2_EQR_720p_0115	urban soundscape
CamdenMarket1_EQR_720p_0039	urban soundscape
EustonTap2_EQR_720p_0025	urban soundscape
RegentsParkJapan1_0060_0013	urban soundscape
RegentsParkJapan2_0061_0254	urban soundscape
MarchmontGarden3_EQR_720p_0096	urban soundscape
RusselSq2_EQR_720p_0119	urban soundscape
TateModern1_EQR_720p_0098	urban soundscape
EustonTap1_EQR_720p_0086	urban soundscape
CamdenTown3_EQR_720p_0023	urban soundscape
CamdenTown2_EQR_720p_0077	urban soundscape
CamdenTown4_EQR_720p_0208	urban soundscape
TateModernSq2_0076_0120	urban soundscape
CamdenTown2_EQR_720p_0186	urban soundscape
RegentsParkJapan2_0061_0185	urban soundscape
TateModernSq1_0075_0056	urban soundscape
TateModern1_EQR_720p_0143	urban soundscape
RusselSq2_EQR_720p_0239	urban soundscape
MarchmontGarden2_EQR_720p_0084	urban soundscape
MarchmontGarden3_EQR_720p_0162	urban soundscape
StPaulsCross1_EQR_720p_0225	urban soundscape
RegentsParkJapan2_0061_0226	urban soundscape
EustonTap3_0347_0067	urban soundscape
TateModernSq2_0076_0168	urban soundscape
TateModern1_EQR_720p_0187	urban soundscape
TateModernSq1_0075_0086	urban soundscape
MarchmontGarden3_EQR_720p_0001	urban soundscape
RegentsParkJapan2_0061_0027	urban soundscape
StPaulsCross1_EQR_720p_0027	urban soundscape
MarchmontGarden1_EQR_720p_0270	urban soundscape
CamdenTown2_EQR_720p_0082	urban soundscape
PancrasLock1_EQR_720p_0108	urban soundscape
EustonTap2_EQR_720p_0084	urban soundscape
CamdenTown3_EQR_720p_0006	urban soundscape
TorringtonSq2_EQR_720p_0195	urban soundscape
StPaulsRow1_0097_0149	urban soundscape
CamdenTown4_EQR_720p_0002	urban soundscape
TorringtonSq3_EQR_720p_0025	urban soundscape
TateModern3_0093_0174	urban soundscape
CamdenTown2_EQR_720p_0051	urban soundscape
PancrasLock1_EQR_720p_0020	urban soundscape
CamdenTown1_EQR_720p_0125	urban soundscape
TateModern1_EQR_720p_0070	urban soundscape
MarchmontGarden3_EQR_720p_0075	urban soundscape
EustonTap1_EQR_720p_0016	urban soundscape
PancrasLock2_0058_0281	urban soundscape
PancrasLock1_EQR_720p_0159	urban soundscape
PancrasLock1_EQR_720p_0027	urban soundscape
RusselSq1_EQR_720p_0143	urban soundscape
TorringtonSq2_EQR_720p_0194	urban soundscape
MarchmontGarden3_EQR_720p_0087	urban soundscape
TateModern1_EQR_720p_0159	urban soundscape
RegentsParkFields2_EQR_720p_0163	urban soundscape
EustonTap1_EQR_720p_0239	urban soundscape
TateModernSq2_0076_0162	urban soundscape
CamdenTown1_EQR_720p_0245	urban soundscape
TorringtonSq4_EQR_720p_0038	urban soundscape
RegentsParkPath1_EQR_702_0101	urban soundscape
MarchmontGarden3_EQR_720p_0062	urban soundscape
EustonTap2_EQR_720p_0146	urban soundscape
RegentsParkJapan2_0061_0176	urban soundscape
EustonTap1_EQR_720p_0081	urban soundscape
MarchmontGarden3_EQR_720p_0176	urban soundscape
MarchmontGarden2_EQR_720p_0044	urban soundscape
RegentsParkPath1_EQR_702_0201	urban soundscape
TateModernSq2_0076_0188	urban soundscape
PancrasLock1_EQR_720p_0015	urban soundscape
CamdenTown4_EQR_720p_0099	urban soundscape
TorringtonSq2_EQR_720p_0203	urban soundscape
MarchmontGarden1_EQR_720p_0052	urban soundscape
TorringtonSq3_EQR_720p_0034	urban soundscape
EustonTap1_EQR_720p_0133	urban soundscape
EustonTap2_EQR_720p_0053	urban soundscape
RegentsParkPath1_EQR_702_0037	urban soundscape
RegentsParkJapan2_0061_0019	urban soundscape
RegentsParkJapan1_0060_0039	urban soundscape
TorringtonSq2_EQR_720p_0003	urban soundscape
TorringtonSq2_EQR_720p_0091	urban soundscape
RusselSq2_EQR_720p_0012	urban soundscape
CamdenTown1_EQR_720p_0034	urban soundscape
TateModern1_EQR_720p_0211	urban soundscape
TorringtonSq3_EQR_720p_0072	urban soundscape
TateModern3_0093_0276	urban soundscape
StPaulsCross1_EQR_720p_0015	urban soundscape
CamdenTown4_EQR_720p_0165	urban soundscape
StPaulsCross1_EQR_720p_0203	urban soundscape
RusselSq1_EQR_720p_0120	urban soundscape
RusselSq3_EQR_720p_0038	urban soundscape
CamdenMarket1_EQR_720p_0018	urban soundscape
TorringtonSq3_EQR_720p_0066	urban soundscape
EustonTap3_0347_0094	urban soundscape
RegentsParkJapan2_0061_0075	urban soundscape
TateModern3_0093_0148	urban soundscape
CamdenTown3_EQR_720p_0065	urban soundscape
RegentsParkJapan1_0060_0085	urban soundscape
MarchmontGarden3_EQR_720p_0074	urban soundscape
StPaulsCross1_EQR_720p_0166	urban soundscape
CamdenMarket1_EQR_720p_0119	urban soundscape
RusselSq1_EQR_720p_0183	urban soundscape
EustonTap3_0347_0105	urban soundscape
MarchmontGarden3_EQR_720p_0251	urban soundscape
RegentsParkPath1_EQR_702_0114	urban soundscape
TateModernSq1_0075_0068	urban soundscape
CamdenTown3_EQR_720p_0012	urban soundscape
MarchmontGarden3_EQR_720p_0138	urban soundscape
EustonTap2_EQR_720p_0214	urban soundscape
StPaulsCross1_EQR_720p_0000	urban soundscape
TateModern3_0093_0072	urban soundscape
MarchmontGarden1_EQR_720p_0070	urban soundscape
TorringtonSq2_EQR_720p_0134	urban soundscape
MarchmontGarden2_EQR_720p_0176	urban soundscape
EustonTap1_EQR_720p_0153	urban soundscape
TorringtonSq4_EQR_720p_0208	urban soundscape
StPaulsRow1_0097_0262	urban soundscape
CamdenTown2_EQR_720p_0217	urban soundscape
MarchmontGarden1_EQR_720p_0291	urban soundscape
CamdenTown4_EQR_720p_0024	urban soundscape
PancrasLock2_0058_0035	urban soundscape
CamdenTown2_EQR_720p_0176	urban soundscape
PancrasLock2_0058_0279	urban soundscape
TateModern1_EQR_720p_0122	urban soundscape
RegentsParkJapan2_0061_0014	urban soundscape
MarchmontGarden3_EQR_720p_0213	urban soundscape
TateModern3_0093_0097	urban soundscape
RegentsParkFields2_EQR_720p_0178	urban soundscape
CamdenMarket1_EQR_720p_0092	urban soundscape
CamdenTown1_EQR_720p_0249	urban soundscape
PancrasLock1_EQR_720p_0179	urban soundscape
StPaulsRow1_0097_0006	urban soundscape
CamdenMarket1_EQR_720p_0183	urban soundscape
EustonTap1_EQR_720p_0027	urban soundscape
RusselSq3_EQR_720p_0063	urban soundscape
EustonTap1_EQR_720p_0104	urban soundscape
MarchmontGarden1_EQR_720p_0031	urban soundscape
PancrasLock1_EQR_720p_0121	urban soundscape
PancrasLock1_EQR_720p_0225	urban soundscape
TateModern1_EQR_720p_0104	urban soundscape
CamdenTown1_EQR_720p_0177	urban soundscape
MarchmontGarden1_EQR_720p_0128	urban soundscape
RegentsParkJapan1_0060_0236	urban soundscape
MarchmontGarden1_EQR_720p_0156	urban soundscape
RusselSq1_EQR_720p_0194	urban soundscape
StPaulsCross1_EQR_720p_0144	urban soundscape
PancrasLock2_0058_0214	urban soundscape
MarchmontGarden1_EQR_720p_0043	urban soundscape
EustonTap1_EQR_720p_0203	urban soundscape
EustonTap1_EQR_720p_0075	urban soundscape
RusselSq2_EQR_720p_0167	urban soundscape
TorringtonSq3_EQR_720p_0020	urban soundscape
PancrasLock1_EQR_720p_0258	urban soundscape
RegentsParkFields2_EQR_720p_0105	urban soundscape
CamdenTown1_EQR_720p_0253	urban soundscape
RegentsParkJapan2_0061_0221	urban soundscape
TorringtonSq2_EQR_720p_0020	urban soundscape
EustonTap3_0347_0038	urban soundscape
RusselSq1_EQR_720p_0225	urban soundscape
StPaulsCross1_EQR_720p_0124	urban soundscape
TateModernSq1_0075_0070	urban soundscape
TateModern3_0093_0231	urban soundscape
EustonTap1_EQR_720p_0210	urban soundscape
StPaulsCross1_EQR_720p_0196	urban soundscape
MarchmontGarden1_EQR_720p_0227	urban soundscape
PancrasLock1_EQR_720p_0096	urban soundscape
TateModernSq1_0075_0014	urban soundscape
StPaulsRow1_0097_0096	urban soundscape
TateModern1_EQR_720p_0110	urban soundscape
TateModern3_0093_0165	urban soundscape
EustonTap2_EQR_720p_0157	urban soundscape
EustonTap2_EQR_720p_0087	urban soundscape
MarchmontGarden1_EQR_720p_0003	urban soundscape
CamdenTown3_EQR_720p_0162	urban soundscape
RusselSq1_EQR_720p_0171	urban soundscape
TateModernSq1_0075_0002	urban soundscape
TorringtonSq4_EQR_720p_0000	urban soundscape
RusselSq1_EQR_720p_0191	urban soundscape
MarchmontGarden2_EQR_720p_0007	urban soundscape
TorringtonSq3_EQR_720p_0044	urban soundscape
TateModern1_EQR_720p_0146	urban soundscape
CamdenTown3_EQR_720p_0166	urban soundscape
CamdenTown4_EQR_720p_0084	urban soundscape
CamdenTown1_EQR_720p_0181	urban soundscape
RusselSq3_EQR_720p_0100	urban soundscape
CamdenTown1_EQR_720p_0211	urban soundscape
StPaulsRow1_0097_0073	urban soundscape
RusselSq2_EQR_720p_0147	urban soundscape
TateModern1_EQR_720p_0154	urban soundscape
PancrasLock2_0058_0084	urban soundscape
EustonTap2_EQR_720p_0191	urban soundscape
MarchmontGarden3_EQR_720p_0208	urban soundscape
TateModern1_EQR_720p_0200	urban soundscape
MarchmontGarden3_EQR_720p_0201	urban soundscape
MarchmontGarden2_EQR_720p_0189	urban soundscape
CamdenMarket1_EQR_720p_0181	urban soundscape
MarchmontGarden3_EQR_720p_0068	urban soundscape
RusselSq1_EQR_720p_0088	urban soundscape
CamdenTown2_EQR_720p_0184	urban soundscape
EustonTap2_EQR_720p_0009	urban soundscape
MarchmontGarden3_EQR_720p_0281	urban soundscape
MarchmontGarden3_EQR_720p_0252	urban soundscape
CamdenTown4_EQR_720p_0041	urban soundscape
RusselSq2_EQR_720p_0027	urban soundscape
CamdenTown1_EQR_720p_0225	urban soundscape
RegentsParkPath1_EQR_702_0024	urban soundscape
RusselSq2_EQR_720p_0034	urban soundscape
MarchmontGarden3_EQR_720p_0172	urban soundscape
RegentsParkJapan2_0061_0131	urban soundscape
RegentsParkPath1_EQR_702_0146	urban soundscape
TateModernSq1_0075_0027	urban soundscape
RegentsParkJapan1_0060_0135	urban soundscape
PancrasLock1_EQR_720p_0141	urban soundscape
EustonTap2_EQR_720p_0027	urban soundscape
PancrasLock2_0058_0240	urban soundscape
CamdenMarket1_EQR_720p_0150	urban soundscape
MarchmontGarden2_EQR_720p_0109	urban soundscape
EustonTap3_0347_0048	urban soundscape
PancrasLock1_EQR_720p_0101	urban soundscape
RegentsParkJapan1_0060_0030	urban soundscape
TorringtonSq4_EQR_720p_0108	urban soundscape
StPaulsCross1_EQR_720p_0049	urban soundscape
RusselSq3_EQR_720p_0016	urban soundscape
TateModern3_0093_0236	urban soundscape
EustonTap2_EQR_720p_0196	urban soundscape
MarchmontGarden2_EQR_720p_0267	urban soundscape
TateModernSq2_0076_0025	urban soundscape
TateModernSq2_0076_0161	urban soundscape
StPaulsCross1_EQR_720p_0009	urban soundscape
RusselSq3_EQR_720p_0028	urban soundscape
TateModern3_0093_0255	urban soundscape
TateModern3_0093_0119	urban soundscape
TateModernSq1_0075_0157	urban soundscape
PancrasLock1_EQR_720p_0197	urban soundscape
RegentsParkJapan2_0061_0206	urban soundscape
MarchmontGarden3_EQR_720p_0256	urban soundscape
TateModern1_EQR_720p_0135	urban soundscape
TateModernSq1_0075_0094	urban soundscape
RusselSq1_EQR_720p_0216	urban soundscape
TateModern1_EQR_720p_0197	urban soundscape
StPaulsRow1_0097_0089	urban soundscape
MarchmontGarden1_EQR_720p_0223	urban soundscape
PancrasLock1_EQR_720p_0024	urban soundscape
RegentsParkPath1_EQR_702_0130	urban soundscape
TateModern1_EQR_720p_0204	urban soundscape
PancrasLock2_0058_0261	urban soundscape
RegentsParkFields2_EQR_720p_0172	urban soundscape
RusselSq2_EQR_720p_0143	urban soundscape
CamdenTown1_EQR_720p_0061	urban soundscape
TateModernSq2_0076_0075	urban soundscape
StPaulsCross1_EQR_720p_0051	urban soundscape
RegentsParkJapan2_0061_0094	urban soundscape
PancrasLock2_0058_0269	urban soundscape
RusselSq1_EQR_720p_0062	urban soundscape
CamdenTown3_EQR_720p_0115	urban soundscape
TateModernSq1_0075_0076	urban soundscape
RegentsParkJapan2_0061_0198	urban soundscape
MarchmontGarden1_EQR_720p_0068	urban soundscape
PancrasLock1_EQR_720p_0246	urban soundscape
CamdenMarket1_EQR_720p_0110	urban soundscape
TorringtonSq4_EQR_720p_0218	urban soundscape
PancrasLock2_0058_0146	urban soundscape
StPaulsRow1_0097_0079	urban soundscape
CamdenTown2_EQR_720p_0239	urban soundscape
StPaulsRow1_0097_0186	urban soundscape
MarchmontGarden2_EQR_720p_0308	urban soundscape
CamdenTown3_EQR_720p_0075	urban soundscape
RusselSq2_EQR_720p_0041	urban soundscape
RegentsParkPath1_EQR_702_0117	urban soundscape
TorringtonSq4_EQR_720p_0025	urban soundscape
EustonTap2_EQR_720p_0050	urban soundscape
EustonTap2_EQR_720p_0164	urban soundscape
PancrasLock2_0058_0220	urban soundscape
RegentsParkPath1_EQR_702_0172	urban soundscape
TorringtonSq2_EQR_720p_0240	urban soundscape
EustonTap2_EQR_720p_0095	urban soundscape
EustonTap1_EQR_720p_0132	urban soundscape
CamdenTown4_EQR_720p_0017	urban soundscape
PancrasLock2_0058_0204	urban soundscape
MarchmontGarden2_EQR_720p_0241	urban soundscape
TateModernSq1_0075_0057	urban soundscape
MarchmontGarden3_EQR_720p_0151	urban soundscape
RusselSq2_EQR_720p_0174	urban soundscape
RusselSq1_EQR_720p_0133	urban soundscape
CamdenTown4_EQR_720p_0218	urban soundscape
TorringtonSq4_EQR_720p_0183	urban soundscape
RusselSq1_EQR_720p_0033	urban soundscape
CamdenTown2_EQR_720p_0230	urban soundscape
TateModernSq1_0075_0118	urban soundscape
MarchmontGarden1_EQR_720p_0140	urban soundscape
TateModern1_EQR_720p_0219	urban soundscape
PancrasLock1_EQR_720p_0115	urban soundscape
TorringtonSq4_EQR_720p_0137	urban soundscape
StPaulsRow1_0097_0200	urban soundscape
StPaulsCross1_EQR_720p_0029	urban soundscape
EustonTap1_EQR_720p_0028	urban soundscape
CamdenTown2_EQR_720p_0060	urban soundscape
MarchmontGarden2_EQR_720p_0317	urban soundscape
MarchmontGarden3_EQR_720p_0225	urban soundscape
TorringtonSq2_EQR_720p_0061	urban soundscape
RegentsParkFields2_EQR_720p_0073	urban soundscape
RegentsParkFields2_EQR_720p_0040	urban soundscape
TorringtonSq4_EQR_720p_0177	urban soundscape
EustonTap1_EQR_720p_0169	urban soundscape
EustonTap3_0347_0138	urban soundscape
EustonTap1_EQR_720p_0147	urban soundscape
TorringtonSq2_EQR_720p_0262	urban soundscape
PancrasLock2_0058_0295	urban soundscape
RegentsParkPath1_EQR_702_0092	urban soundscape
RusselSq3_EQR_720p_0021	urban soundscape
RegentsParkFields2_EQR_720p_0147	urban soundscape
EustonTap1_EQR_720p_0158	urban soundscape
TateModernSq1_0075_0106	urban soundscape
RegentsParkJapan2_0061_0078	urban soundscape
CamdenMarket1_EQR_720p_0027	urban soundscape
EustonTap1_EQR_720p_0045	urban soundscape
RusselSq3_EQR_720p_0061	urban soundscape
CamdenTown1_EQR_720p_0216	urban soundscape
TateModern3_0093_0115	urban soundscape
CamdenTown3_EQR_720p_0057	urban soundscape
TorringtonSq2_EQR_720p_0058	urban soundscape
MarchmontGarden2_EQR_720p_0315	urban soundscape
RusselSq2_EQR_720p_0057	urban soundscape
TorringtonSq2_EQR_720p_0170	urban soundscape
PancrasLock1_EQR_720p_0220	urban soundscape
CamdenTown4_EQR_720p_0035	urban soundscape
RusselSq1_EQR_720p_0010	urban soundscape
TorringtonSq3_EQR_720p_0065	urban soundscape
EustonTap2_EQR_720p_0034	urban soundscape
TateModern1_EQR_720p_0050	urban soundscape
PancrasLock2_0058_0207	urban soundscape
MarchmontGarden1_EQR_720p_0161	urban soundscape
RusselSq1_EQR_720p_0042	urban soundscape
EustonTap3_0347_0059	urban soundscape
CamdenTown4_EQR_720p_0155	urban soundscape
EustonTap3_0347_0115	urban soundscape
CamdenTown2_EQR_720p_0187	urban soundscape
RegentsParkPath1_EQR_702_0038	urban soundscape
RusselSq2_EQR_720p_0082	urban soundscape
RusselSq1_EQR_720p_0192	urban soundscape
RusselSq1_EQR_720p_0114	urban soundscape
EustonTap1_EQR_720p_0031	urban soundscape
CamdenTown4_EQR_720p_0126	urban soundscape
TorringtonSq2_EQR_720p_0009	urban soundscape
RegentsParkJapan2_0061_0157	urban soundscape
TorringtonSq3_EQR_720p_0002	urban soundscape
PancrasLock1_EQR_720p_0075	urban soundscape
StPaulsCross1_EQR_720p_0104	urban soundscape
MarchmontGarden2_EQR_720p_0017	urban soundscape
MarchmontGarden2_EQR_720p_0225	urban soundscape
RusselSq2_EQR_720p_0163	urban soundscape
RegentsParkJapan1_0060_0175	urban soundscape
RusselSq2_EQR_720p_0002	urban soundscape
RegentsParkJapan1_0060_0159	urban soundscape
PancrasLock1_EQR_720p_0236	urban soundscape
TorringtonSq4_EQR_720p_0189	urban soundscape
PancrasLock2_0058_0193	urban soundscape
StPaulsCross1_EQR_720p_0208	urban soundscape
TateModernSq2_0076_0033	urban soundscape
RegentsParkPath1_EQR_702_0107	urban soundscape
StPaulsRow1_0097_0094	urban soundscape
TorringtonSq2_EQR_720p_0257	urban soundscape
StPaulsRow1_0097_0143	urban soundscape
EustonTap1_EQR_720p_0126	urban soundscape
PancrasLock2_0058_0215	urban soundscape
MarchmontGarden3_EQR_720p_0008	urban soundscape
RusselSq1_EQR_720p_0190	urban soundscape
RegentsParkPath1_EQR_702_0019	urban soundscape
MarchmontGarden2_EQR_720p_0153	urban soundscape
EustonTap2_EQR_720p_0004	urban soundscape
CamdenTown1_EQR_720p_0145	urban soundscape
CamdenMarket1_EQR_720p_0107	urban soundscape
CamdenTown1_EQR_720p_0201	urban soundscape
RusselSq2_EQR_720p_0075	urban soundscape
MarchmontGarden1_EQR_720p_0276	urban soundscape
MarchmontGarden2_EQR_720p_0155	urban soundscape
TorringtonSq2_EQR_720p_0237	urban soundscape
MarchmontGarden1_EQR_720p_0016	urban soundscape
StPaulsRow1_0097_0057	urban soundscape
TorringtonSq4_EQR_720p_0204	urban soundscape
StPaulsCross1_EQR_720p_0066	urban soundscape
TorringtonSq4_EQR_720p_0098	urban soundscape
CamdenTown1_EQR_720p_0196	urban soundscape
StPaulsRow1_0097_0237	urban soundscape
RegentsParkPath1_EQR_702_0125	urban soundscape
RusselSq1_EQR_720p_0006	urban soundscape
EustonTap3_0347_0156	urban soundscape
EustonTap1_EQR_720p_0060	urban soundscape
TateModern1_EQR_720p_0044	urban soundscape
TateModern3_0093_0007	urban soundscape
RegentsParkPath1_EQR_702_0109	urban soundscape
StPaulsCross1_EQR_720p_0017	urban soundscape
StPaulsRow1_0097_0099	urban soundscape
TateModern3_0093_0042	urban soundscape
EustonTap2_EQR_720p_0150	urban soundscape
RegentsParkPath1_EQR_702_0118	urban soundscape
RegentsParkJapan2_0061_0211	urban soundscape
MarchmontGarden3_EQR_720p_0155	urban soundscape
StPaulsCross1_EQR_720p_0107	urban soundscape
PancrasLock1_EQR_720p_0183	urban soundscape
RegentsParkJapan2_0061_0222	urban soundscape
CamdenTown2_EQR_720p_0134	urban soundscape
RusselSq2_EQR_720p_0020	urban soundscape
StPaulsCross1_EQR_720p_0155	urban soundscape
CamdenTown1_EQR_720p_0079	urban soundscape
PancrasLock1_EQR_720p_0188	urban soundscape
CamdenTown4_EQR_720p_0034	urban soundscape
TorringtonSq3_EQR_720p_0047	urban soundscape
StPaulsCross1_EQR_720p_0205	urban soundscape
TorringtonSq2_EQR_720p_0168	urban soundscape
TateModernSq2_0076_0045	urban soundscape
CamdenTown1_EQR_720p_0129	urban soundscape
RusselSq2_EQR_720p_0066	urban soundscape
TorringtonSq3_EQR_720p_0021	urban soundscape
MarchmontGarden2_EQR_720p_0282	urban soundscape
TateModern3_0093_0010	urban soundscape
CamdenTown3_EQR_720p_0017	urban soundscape
EustonTap3_0347_0103	urban soundscape
EustonTap2_EQR_720p_0092	urban soundscape
TateModern3_0093_0105	urban soundscape
TateModern3_0093_0258	urban soundscape
EustonTap2_EQR_720p_0012	urban soundscape
StPaulsCross1_EQR_720p_0211	urban soundscape
MarchmontGarden1_EQR_720p_0187	urban soundscape
MarchmontGarden1_EQR_720p_0023	urban soundscape
PancrasLock2_0058_0211	urban soundscape
CamdenTown4_EQR_720p_0144	urban soundscape
TorringtonSq3_EQR_720p_0061	urban soundscape
TateModern3_0093_0181	urban soundscape
EustonTap1_EQR_720p_0134	urban soundscape
PancrasLock2_0058_0170	urban soundscape
RegentsParkJapan2_0061_0160	urban soundscape
TateModernSq1_0075_0105	urban soundscape
MarchmontGarden2_EQR_720p_0322	urban soundscape
TateModernSq1_0075_0065	urban soundscape
MarchmontGarden3_EQR_720p_0073	urban soundscape
TateModern1_EQR_720p_0011	urban soundscape
TorringtonSq2_EQR_720p_0121	urban soundscape
EustonTap1_EQR_720p_0193	urban soundscape
CamdenTown1_EQR_720p_0089	urban soundscape
RegentsParkFields2_EQR_720p_0135	urban soundscape
CamdenTown3_EQR_720p_0207	urban soundscape
EustonTap3_0347_0125	urban soundscape
CamdenTown1_EQR_720p_0178	urban soundscape
CamdenMarket1_EQR_720p_0219	urban soundscape
EustonTap1_EQR_720p_0214	urban soundscape
RegentsParkJapan2_0061_0182	urban soundscape
PancrasLock2_0058_0055	urban soundscape
TateModern3_0093_0118	urban soundscape
CamdenTown1_EQR_720p_0099	urban soundscape
TateModern3_0093_0112	urban soundscape
PancrasLock1_EQR_720p_0091	urban soundscape
RegentsParkJapan2_0061_0240	urban soundscape
StPaulsRow1_0097_0044	urban soundscape
TateModernSq2_0076_0187	urban soundscape
PancrasLock2_0058_0031	urban soundscape
PancrasLock2_0058_0096	urban soundscape
TateModernSq2_0076_0077	urban soundscape
EustonTap1_EQR_720p_0156	urban soundscape
MarchmontGarden2_EQR_720p_0097	urban soundscape
StPaulsRow1_0097_0211	urban soundscape
TateModernSq2_0076_0214	urban soundscape
EustonTap2_EQR_720p_0148	urban soundscape
RegentsParkFields2_EQR_720p_0179	urban soundscape
RegentsParkFields2_EQR_720p_0118	urban soundscape
MarchmontGarden2_EQR_720p_0204	urban soundscape
CamdenTown4_EQR_720p_0009	urban soundscape
MarchmontGarden2_EQR_720p_0192	urban soundscape
RusselSq2_EQR_720p_0098	urban soundscape
EustonTap1_EQR_720p_0023	urban soundscape
CamdenTown1_EQR_720p_0093	urban soundscape
RusselSq2_EQR_720p_0076	urban soundscape
TateModern1_EQR_720p_0128	urban soundscape
RegentsParkFields2_EQR_720p_0062	urban soundscape
PancrasLock1_EQR_720p_0187	urban soundscape
RusselSq2_EQR_720p_0009	urban soundscape
TorringtonSq4_EQR_720p_0089	urban soundscape
RusselSq1_EQR_720p_0268	urban soundscape
TateModernSq2_0076_0043	urban soundscape
RegentsParkPath1_EQR_702_0066	urban soundscape
TorringtonSq2_EQR_720p_0075	urban soundscape
TateModern3_0093_0247	urban soundscape
CamdenTown1_EQR_720p_0047	urban soundscape
MarchmontGarden2_EQR_720p_0179	urban soundscape
CamdenTown2_EQR_720p_0112	urban soundscape
CamdenTown1_EQR_720p_0159	urban soundscape
MarchmontGarden2_EQR_720p_0103	urban soundscape
RegentsParkJapan2_0061_0087	urban soundscape
EustonTap3_0347_0066	urban soundscape
MarchmontGarden1_EQR_720p_0060	urban soundscape
CamdenTown1_EQR_720p_0126	urban soundscape
RusselSq1_EQR_720p_0092	urban soundscape
TateModern1_EQR_720p_0203	urban soundscape
RegentsParkJapan1_0060_0022	urban soundscape
TorringtonSq4_EQR_720p_0200	urban soundscape
CamdenTown2_EQR_720p_0180	urban soundscape
EustonTap1_EQR_720p_0201	urban soundscape
CamdenMarket1_EQR_720p_0077	urban soundscape
TateModern1_EQR_720p_0174	urban soundscape
RegentsParkJapan2_0061_0091	urban soundscape
RegentsParkPath1_EQR_702_0145	urban soundscape
PancrasLock2_0058_0108	urban soundscape
RegentsParkFields2_EQR_720p_0020	urban soundscape
RusselSq2_EQR_720p_0205	urban soundscape
RusselSq1_EQR_720p_0009	urban soundscape
TateModernSq2_0076_0050	urban soundscape
RusselSq2_EQR_720p_0169	urban soundscape
MarchmontGarden1_EQR_720p_0028	urban soundscape
MarchmontGarden1_EQR_720p_0170	urban soundscape
RegentsParkJapan1_0060_0228	urban soundscape
RusselSq2_EQR_720p_0085	urban soundscape
PancrasLock2_0058_0058	urban soundscape
RegentsParkPath1_EQR_702_0152	urban soundscape
PancrasLock2_0058_0253	urban soundscape
MarchmontGarden2_EQR_720p_0072	urban soundscape
PancrasLock1_EQR_720p_0171	urban soundscape
TateModern3_0093_0074	urban soundscape
StPaulsCross1_EQR_720p_0086	urban soundscape
RusselSq2_EQR_720p_0117	urban soundscape
EustonTap1_EQR_720p_0017	urban soundscape
CamdenTown3_EQR_720p_0046	urban soundscape
TorringtonSq2_EQR_720p_0108	urban soundscape
EustonTap2_EQR_720p_0023	urban soundscape
RusselSq2_EQR_720p_0249	urban soundscape
TateModern1_EQR_720p_0222	urban soundscape
CamdenMarket1_EQR_720p_0140	urban soundscape
MarchmontGarden2_EQR_720p_0231	urban soundscape
StPaulsCross1_EQR_720p_0177	urban soundscape
CamdenMarket1_EQR_720p_0137	urban soundscape
CamdenMarket1_EQR_720p_0097	urban soundscape
RegentsParkFields2_EQR_720p_0069	urban soundscape
CamdenMarket1_EQR_720p_0054	urban soundscape
StPaulsCross1_EQR_720p_0135	urban soundscape
RegentsParkJapan2_0061_0188	urban soundscape
TateModern1_EQR_720p_0126	urban soundscape
CamdenTown1_EQR_720p_0273	urban soundscape
RusselSq1_EQR_720p_0272	urban soundscape
RegentsParkJapan1_0060_0203	urban soundscape
RegentsParkPath1_EQR_702_0058	urban soundscape
TorringtonSq4_EQR_720p_0203	urban soundscape
CamdenMarket1_EQR_720p_0074	urban soundscape
EustonTap1_EQR_720p_0035	urban soundscape
TorringtonSq2_EQR_720p_0175	urban soundscape
MarchmontGarden1_EQR_720p_0073	urban soundscape
RusselSq1_EQR_720p_0146	urban soundscape
RegentsParkFields2_EQR_720p_0078	urban soundscape
CamdenMarket1_EQR_720p_0052	urban soundscape
CamdenTown1_EQR_720p_0175	urban soundscape
CamdenTown2_EQR_720p_0111	urban soundscape
CamdenTown1_EQR_720p_0055	urban soundscape
CamdenTown1_EQR_720p_0259	urban soundscape
EustonTap2_EQR_720p_0062	urban soundscape
RegentsParkJapan2_0061_0192	urban soundscape
CamdenTown4_EQR_720p_0171	urban soundscape
EustonTap1_EQR_720p_0184	urban soundscape
PancrasLock1_EQR_720p_0153	urban soundscape
EustonTap1_EQR_720p_0176	urban soundscape
RegentsParkJapan1_0060_0243	urban soundscape
RegentsParkJapan2_0061_0210	urban soundscape
TateModernSq1_0075_0025	urban soundscape
MarchmontGarden1_EQR_720p_0286	urban soundscape
RusselSq2_EQR_720p_0102	urban soundscape
RegentsParkPath1_EQR_702_0006	urban soundscape
MarchmontGarden1_EQR_720p_0191	urban soundscape
PancrasLock2_0058_0113	urban soundscape
MarchmontGarden1_EQR_720p_0062	urban soundscape
MarchmontGarden3_EQR_720p_0261	urban soundscape
EustonTap2_EQR_720p_0162	urban soundscape
TateModernSq1_0075_0133	urban soundscape
TateModern1_EQR_720p_0118	urban soundscape
RegentsParkFields2_EQR_720p_0120	urban soundscape
TorringtonSq2_EQR_720p_0135	urban soundscape
CamdenMarket1_EQR_720p_0132	urban soundscape
CamdenTown4_EQR_720p_0220	urban soundscape
EustonTap3_0347_0147	urban soundscape
CamdenTown1_EQR_720p_0152	urban soundscape
RegentsParkFields2_EQR_720p_0090	urban soundscape
MarchmontGarden3_EQR_720p_0122	urban soundscape
PancrasLock2_0058_0038	urban soundscape
EustonTap2_EQR_720p_0219	urban soundscape
MarchmontGarden3_EQR_720p_0182	urban soundscape
TateModern1_EQR_720p_0208	urban soundscape
CamdenTown3_EQR_720p_0064	urban soundscape
RegentsParkJapan2_0061_0009	urban soundscape
RegentsParkJapan2_0061_0265	urban soundscape
RegentsParkPath1_EQR_702_0116	urban soundscape
PancrasLock1_EQR_720p_0214	urban soundscape
TateModern1_EQR_720p_0096	urban soundscape
StPaulsRow1_0097_0047	urban soundscape
PancrasLock1_EQR_720p_0211	urban soundscape
RegentsParkJapan2_0061_0011	urban soundscape
PancrasLock2_0058_0120	urban soundscape
TateModern3_0093_0253	urban soundscape
MarchmontGarden3_EQR_720p_0193	urban soundscape
TateModern1_EQR_720p_0140	urban soundscape
TateModernSq1_0075_0107	urban soundscape
EustonTap3_0347_0010	urban soundscape
MarchmontGarden1_EQR_720p_0165	urban soundscape
StPaulsRow1_0097_0195	urban soundscape
RusselSq1_EQR_720p_0066	urban soundscape
EustonTap2_EQR_720p_0111	urban soundscape
TorringtonSq3_EQR_720p_0055	urban soundscape
TateModern1_EQR_720p_0214	urban soundscape
MarchmontGarden3_EQR_720p_0042	urban soundscape
MarchmontGarden3_EQR_720p_0286	urban soundscape
EustonTap3_0347_0046	urban soundscape
RegentsParkJapan2_0061_0119	urban soundscape
EustonTap3_0347_0112	urban soundscape
EustonTap2_EQR_720p_0096	urban soundscape
TateModernSq2_0076_0117	urban soundscape
CamdenTown1_EQR_720p_0101	urban soundscape
PancrasLock2_0058_0091	urban soundscape
MarchmontGarden2_EQR_720p_0082	urban soundscape
TateModern3_0093_0056	urban soundscape
EustonTap2_EQR_720p_0115	urban soundscape
CamdenTown3_EQR_720p_0014	urban soundscape
TateModern1_EQR_720p_0017	urban soundscape
StPaulsCross1_EQR_720p_0154	urban soundscape
RusselSq1_EQR_720p_0170	urban soundscape
RusselSq2_EQR_720p_0247	urban soundscape
EustonTap3_0347_0000	urban soundscape
StPaulsRow1_0097_0151	urban soundscape
TateModernSq1_0075_0100	urban soundscape
PancrasLock2_0058_0183	urban soundscape
CamdenTown4_EQR_720p_0123	urban soundscape
RusselSq1_EQR_720p_0236	urban soundscape
RegentsParkFields2_EQR_720p_0080	urban soundscape
TorringtonSq4_EQR_720p_0013	urban soundscape
RegentsParkJapan1_0060_0261	urban soundscape
CamdenTown4_EQR_720p_0207	urban soundscape
MarchmontGarden3_EQR_720p_0022	urban soundscape
MarchmontGarden1_EQR_720p_0024	urban soundscape
MarchmontGarden1_EQR_720p_0152	urban soundscape
TateModernSq1_0075_0130	urban soundscape
EustonTap2_EQR_720p_0061	urban soundscape
PancrasLock2_0058_0085	urban soundscape
MarchmontGarden3_EQR_720p_0015	urban soundscape
TorringtonSq4_EQR_720p_0033	urban soundscape
TorringtonSq2_EQR_720p_0155	urban soundscape
RegentsParkFields2_EQR_720p_0110	urban soundscape
MarchmontGarden3_EQR_720p_0170	urban soundscape
PancrasLock2_0058_0124	urban soundscape
PancrasLock1_EQR_720p_0089	urban soundscape
CamdenTown1_EQR_720p_0162	urban soundscape
RegentsParkJapan2_0061_0252	urban soundscape
RegentsParkFields2_EQR_720p_0199	urban soundscape
TorringtonSq2_EQR_720p_0123	urban soundscape
TorringtonSq2_EQR_720p_0191	urban soundscape
MarchmontGarden2_EQR_720p_0137	urban soundscape
MarchmontGarden3_EQR_720p_0020	urban soundscape
RegentsParkFields2_EQR_720p_0087	urban soundscape
EustonTap3_0347_0145	urban soundscape
StPaulsRow1_0097_0092	urban soundscape
MarchmontGarden3_EQR_720p_0031	urban soundscape
MarchmontGarden1_EQR_720p_0118	urban soundscape
MarchmontGarden3_EQR_720p_0185	urban soundscape
MarchmontGarden3_EQR_720p_0171	urban soundscape
MarchmontGarden1_EQR_720p_0096	urban soundscape
MarchmontGarden2_EQR_720p_0252	urban soundscape
StPaulsRow1_0097_0205	urban soundscape
CamdenTown4_EQR_720p_0172	urban soundscape
CamdenTown1_EQR_720p_0240	urban soundscape
TateModern1_EQR_720p_0003	urban soundscape
MarchmontGarden1_EQR_720p_0097	urban soundscape
RegentsParkJapan1_0060_0063	urban soundscape
PancrasLock2_0058_0297	urban soundscape
CamdenTown1_EQR_720p_0140	urban soundscape
MarchmontGarden1_EQR_720p_0182	urban soundscape
StPaulsCross1_EQR_720p_0188	urban soundscape
RegentsParkJapan1_0060_0125	urban soundscape
CamdenTown1_EQR_720p_0053	urban soundscape
CamdenTown3_EQR_720p_0083	urban soundscape
CamdenTown2_EQR_720p_0054	urban soundscape
EustonTap3_0347_0023	urban soundscape
MarchmontGarden1_EQR_720p_0149	urban soundscape
CamdenMarket1_EQR_720p_0128	urban soundscape
TorringtonSq2_EQR_720p_0163	urban soundscape
CamdenTown1_EQR_720p_0041	urban soundscape
CamdenTown3_EQR_720p_0181	urban soundscape
EustonTap2_EQR_720p_0099	urban soundscape
MarchmontGarden2_EQR_720p_0141	urban soundscape
EustonTap1_EQR_720p_0068	urban soundscape
PancrasLock1_EQR_720p_0103	urban soundscape
RegentsParkJapan1_0060_0241	urban soundscape
RusselSq1_EQR_720p_0053	urban soundscape
MarchmontGarden1_EQR_720p_0059	urban soundscape
PancrasLock2_0058_0109	urban soundscape
RegentsParkFields2_EQR_720p_0174	urban soundscape
RegentsParkJapan1_0060_0260	urban soundscape
RusselSq1_EQR_720p_0121	urban soundscape
CamdenMarket1_EQR_720p_0186	urban soundscape
CamdenMarket1_EQR_720p_0028	urban soundscape
MarchmontGarden1_EQR_720p_0002	urban soundscape
CamdenTown4_EQR_720p_0068	urban soundscape
RusselSq1_EQR_720p_0249	urban soundscape
TateModernSq2_0076_0219	urban soundscape
CamdenTown3_EQR_720p_0228	urban soundscape
PancrasLock1_EQR_720p_0116	urban soundscape
CamdenTown4_EQR_720p_0114	urban soundscape
TateModernSq1_0075_0022	urban soundscape
PancrasLock2_0058_0079	urban soundscape
PancrasLock2_0058_0094	urban soundscape
RusselSq3_EQR_720p_0101	urban soundscape
TateModern1_EQR_720p_0158	urban soundscape
PancrasLock2_0058_0069	urban soundscape
RegentsParkFields2_EQR_720p_0143	urban soundscape
CamdenTown4_EQR_720p_0134	urban soundscape
EustonTap2_EQR_720p_0029	urban soundscape
RegentsParkFields2_EQR_720p_0049	urban soundscape
TateModern3_0093_0155	urban soundscape
CamdenTown1_EQR_720p_0037	urban soundscape
RegentsParkJapan2_0061_0059	urban soundscape
CamdenTown2_EQR_720p_0068	urban soundscape
TateModernSq2_0076_0194	urban soundscape
CamdenTown2_EQR_720p_0025	urban soundscape
RusselSq2_EQR_720p_0134	urban soundscape
RegentsParkFields2_EQR_720p_0170	urban soundscape
RusselSq1_EQR_720p_0262	urban soundscape
CamdenTown2_EQR_720p_0101	urban soundscape
TateModernSq1_0075_0126	urban soundscape
CamdenMarket1_EQR_720p_0024	urban soundscape
MarchmontGarden1_EQR_720p_0262	urban soundscape
PancrasLock2_0058_0245	urban soundscape
CamdenMarket1_EQR_720p_0178	urban soundscape
MarchmontGarden3_EQR_720p_0083	urban soundscape
RegentsParkJapan1_0060_0255	urban soundscape
CamdenTown1_EQR_720p_0250	urban soundscape
TateModern1_EQR_720p_0164	urban soundscape
TateModern1_EQR_720p_0082	urban soundscape
StPaulsRow1_0097_0209	urban soundscape
CamdenTown4_EQR_720p_0105	urban soundscape
TorringtonSq4_EQR_720p_0138	urban soundscape
CamdenTown1_EQR_720p_0233	urban soundscape
RegentsParkJapan1_0060_0117	urban soundscape
RegentsParkPath1_EQR_702_0096	urban soundscape
TorringtonSq4_EQR_720p_0069	urban soundscape
RegentsParkJapan2_0061_0196	urban soundscape
EustonTap3_0347_0017	urban soundscape
CamdenTown3_EQR_720p_0209	urban soundscape
TateModernSq2_0076_0146	urban soundscape
RegentsParkPath1_EQR_702_0178	urban soundscape
StPaulsRow1_0097_0034	urban soundscape
TateModern1_EQR_720p_0073	urban soundscape
EustonTap1_EQR_720p_0025	urban soundscape
EustonTap2_EQR_720p_0211	urban soundscape
RusselSq2_EQR_720p_0035	urban soundscape
CamdenTown2_EQR_720p_0008	urban soundscape
CamdenTown3_EQR_720p_0176	urban soundscape
CamdenTown2_EQR_720p_0142	urban soundscape
TateModern3_0093_0061	urban soundscape
RusselSq1_EQR_720p_0007	urban soundscape
RusselSq1_EQR_720p_0082	urban soundscape
RusselSq1_EQR_720p_0204	urban soundscape
TateModernSq1_0075_0149	urban soundscape
MarchmontGarden1_EQR_720p_0205	urban soundscape
EustonTap3_0347_0124	urban soundscape
RegentsParkJapan2_0061_0049	urban soundscape
TateModernSq2_0076_0035	urban soundscape
PancrasLock2_0058_0062	urban soundscape
TorringtonSq2_EQR_720p_0209	urban soundscape
EustonTap1_EQR_720p_0052	urban soundscape
RegentsParkJapan2_0061_0109	urban soundscape
CamdenTown4_EQR_720p_0119	urban soundscape
EustonTap3_0347_0130	urban soundscape
EustonTap3_0347_0144	urban soundscape
PancrasLock2_0058_0012	urban soundscape
RusselSq1_EQR_720p_0101	urban soundscape
CamdenTown3_EQR_720p_0218	urban soundscape
MarchmontGarden3_EQR_720p_0106	urban soundscape
RegentsParkPath1_EQR_702_0032	urban soundscape
TorringtonSq3_EQR_720p_0013	urban soundscape
RusselSq2_EQR_720p_0049	urban soundscape
MarchmontGarden3_EQR_720p_0072	urban soundscape
RegentsParkJapan2_0061_0004	urban soundscape
CamdenTown3_EQR_720p_0225	urban soundscape
CamdenTown2_EQR_720p_0011	urban soundscape
TateModernSq2_0076_0114	urban soundscape
PancrasLock1_EQR_720p_0213	urban soundscape
MarchmontGarden2_EQR_720p_0025	urban soundscape
CamdenMarket1_EQR_720p_0093	urban soundscape
MarchmontGarden3_EQR_720p_0032	urban soundscape
TateModern1_EQR_720p_0157	urban soundscape
TateModern3_0093_0054	urban soundscape
RegentsParkJapan1_0060_0127	urban soundscape
MarchmontGarden1_EQR_720p_0107	urban soundscape
TateModern3_0093_0018	urban soundscape
TorringtonSq2_EQR_720p_0157	urban soundscape
CamdenMarket1_EQR_720p_0055	urban soundscape
TorringtonSq2_EQR_720p_0030	urban soundscape
MarchmontGarden3_EQR_720p_0209	urban soundscape
StPaulsRow1_0097_0267	urban soundscape
CamdenTown4_EQR_720p_0176	urban soundscape
EustonTap2_EQR_720p_0068	urban soundscape
CamdenTown3_EQR_720p_0038	urban soundscape
StPaulsRow1_0097_0090	urban soundscape
CamdenTown2_EQR_720p_0213	urban soundscape
TateModern3_0093_0204	urban soundscape
RusselSq3_EQR_720p_0076	urban soundscape
TorringtonSq2_EQR_720p_0074	urban soundscape
RegentsParkFields2_EQR_720p_0021	urban soundscape
EustonTap1_EQR_720p_0235	urban soundscape
TorringtonSq2_EQR_720p_0013	urban soundscape
MarchmontGarden2_EQR_720p_0299	urban soundscape
PancrasLock1_EQR_720p_0029	urban soundscape
TateModern3_0093_0245	urban soundscape
EustonTap2_EQR_720p_0080	urban soundscape
MarchmontGarden1_EQR_720p_0285	urban soundscape
RegentsParkJapan1_0060_0227	urban soundscape
RusselSq1_EQR_720p_0270	urban soundscape
MarchmontGarden3_EQR_720p_0267	urban soundscape
CamdenTown3_EQR_720p_0179	urban soundscape
EustonTap2_EQR_720p_0134	urban soundscape
TateModernSq2_0076_0010	urban soundscape
TorringtonSq4_EQR_720p_0054	urban soundscape
TateModern1_EQR_720p_0041	urban soundscape
CamdenTown4_EQR_720p_0124	urban soundscape
RegentsParkJapan2_0061_0238	urban soundscape
RegentsParkPath1_EQR_702_0211	urban soundscape
RegentsParkJapan1_0060_0190	urban soundscape
MarchmontGarden2_EQR_720p_0214	urban soundscape
PancrasLock1_EQR_720p_0012	urban soundscape
CamdenTown3_EQR_720p_0136	urban soundscape
TorringtonSq4_EQR_720p_0024	urban soundscape
CamdenMarket1_EQR_720p_0075	urban soundscape
CamdenTown1_EQR_720p_0084	urban soundscape
StPaulsRow1_0097_0008	urban soundscape
EustonTap2_EQR_720p_0081	urban soundscape
TateModern3_0093_0083	urban soundscape
StPaulsRow1_0097_0020	urban soundscape
CamdenTown1_EQR_720p_0075	urban soundscape
TateModernSq2_0076_0097	urban soundscape
RegentsParkFields2_EQR_720p_0123	urban soundscape
RusselSq3_EQR_720p_0035	urban soundscape
CamdenTown1_EQR_720p_0083	urban soundscape
RusselSq1_EQR_720p_0064	urban soundscape
TateModern1_EQR_720p_0188	urban soundscape
CamdenTown2_EQR_720p_0235	urban soundscape
CamdenTown1_EQR_720p_0262	urban soundscape
MarchmontGarden2_EQR_720p_0221	urban soundscape
RusselSq2_EQR_720p_0245	urban soundscape
MarchmontGarden2_EQR_720p_0236	urban soundscape
TorringtonSq4_EQR_720p_0079	urban soundscape
RegentsParkJapan2_0061_0103	urban soundscape
TateModernSq2_0076_0184	urban soundscape
RegentsParkFields2_EQR_720p_0033	urban soundscape
EustonTap1_EQR_720p_0091	urban soundscape
CamdenMarket1_EQR_720p_0042	urban soundscape
StPaulsCross1_EQR_720p_0084	urban soundscape
TateModern1_EQR_720p_0181	urban soundscape
RegentsParkJapan2_0061_0061	urban soundscape
MarchmontGarden3_EQR_720p_0264	urban soundscape
TateModern3_0093_0065	urban soundscape
CamdenTown3_EQR_720p_0077	urban soundscape
TorringtonSq2_EQR_720p_0005	urban soundscape
TorringtonSq4_EQR_720p_0142	urban soundscape
TateModern1_EQR_720p_0064	urban soundscape
TorringtonSq2_EQR_720p_0183	urban soundscape
CamdenTown1_EQR_720p_0193	urban soundscape
MarchmontGarden1_EQR_720p_0164	urban soundscape
TateModern3_0093_0043	urban soundscape
CamdenTown3_EQR_720p_0151	urban soundscape
StPaulsRow1_0097_0037	urban soundscape
TateModernSq2_0076_0054	urban soundscape
MarchmontGarden2_EQR_720p_0104	urban soundscape
TateModern1_EQR_720p_0248	urban soundscape
EustonTap2_EQR_720p_0210	urban soundscape
TateModernSq2_0076_0042	urban soundscape
RegentsParkJapan2_0061_0116	urban soundscape
MarchmontGarden1_EQR_720p_0278	urban soundscape
RegentsParkJapan1_0060_0091	urban soundscape
PancrasLock1_EQR_720p_0105	urban soundscape
CamdenTown2_EQR_720p_0150	urban soundscape
StPaulsRow1_0097_0128	urban soundscape
CamdenTown1_EQR_720p_0122	urban soundscape
MarchmontGarden2_EQR_720p_0262	urban soundscape
StPaulsCross1_EQR_720p_0202	urban soundscape
TateModernSq2_0076_0134	urban soundscape
TateModern1_EQR_720p_0059	urban soundscape
PancrasLock2_0058_0112	urban soundscape
RusselSq1_EQR_720p_0130	urban soundscape
RusselSq3_EQR_720p_0087	urban soundscape
MarchmontGarden2_EQR_720p_0240	urban soundscape
MarchmontGarden2_EQR_720p_0123	urban soundscape
PancrasLock1_EQR_720p_0125	urban soundscape
RegentsParkJapan2_0061_0122	urban soundscape
RusselSq2_EQR_720p_0139	urban soundscape
RegentsParkJapan2_0061_0197	urban soundscape
TorringtonSq2_EQR_720p_0063	urban soundscape
MarchmontGarden2_EQR_720p_0250	urban soundscape
MarchmontGarden2_EQR_720p_0321	urban soundscape
MarchmontGarden1_EQR_720p_0020	urban soundscape
TateModern3_0093_0005	urban soundscape
MarchmontGarden2_EQR_720p_0168	urban soundscape
MarchmontGarden1_EQR_720p_0197	urban soundscape
TorringtonSq4_EQR_720p_0151	urban soundscape
RusselSq2_EQR_720p_0077	urban soundscape
MarchmontGarden2_EQR_720p_0048	urban soundscape
TorringtonSq2_EQR_720p_0261	urban soundscape
RusselSq1_EQR_720p_0156	urban soundscape
PancrasLock1_EQR_720p_0072	urban soundscape
RusselSq1_EQR_720p_0048	urban soundscape
RegentsParkJapan1_0060_0233	urban soundscape
EustonTap1_EQR_720p_0216	urban soundscape
MarchmontGarden3_EQR_720p_0129	urban soundscape
StPaulsCross1_EQR_720p_0072	urban soundscape
RegentsParkPath1_EQR_702_0220	urban soundscape
RegentsParkJapan2_0061_0110	urban soundscape
TorringtonSq2_EQR_720p_0193	urban soundscape
EustonTap3_0347_0033	urban soundscape
RegentsParkPath1_EQR_702_0165	urban soundscape
CamdenTown4_EQR_720p_0156	urban soundscape
TateModernSq2_0076_0034	urban soundscape
RegentsParkJapan2_0061_0055	urban soundscape
TateModern1_EQR_720p_0075	urban soundscape
RegentsParkFields2_EQR_720p_0061	urban soundscape
EustonTap3_0347_0005	urban soundscape
RegentsParkFields2_EQR_720p_0082	urban soundscape
EustonTap1_EQR_720p_0038	urban soundscape
RegentsParkFields2_EQR_720p_0130	urban soundscape
TateModernSq2_0076_0210	urban soundscape
RegentsParkJapan1_0060_0080	urban soundscape
RusselSq3_EQR_720p_0098	urban soundscape
EustonTap2_EQR_720p_0117	urban soundscape
StPaulsRow1_0097_0229	urban soundscape
CamdenTown1_EQR_720p_0036	urban soundscape
MarchmontGarden1_EQR_720p_0162	urban soundscape
EustonTap1_EQR_720p_0008	urban soundscape
StPaulsRow1_0097_0027	urban soundscape
RegentsParkPath1_EQR_702_0210	urban soundscape
EustonTap1_EQR_720p_0194	urban soundscape
RegentsParkJapan2_0061_0127	urban soundscape
TateModern3_0093_0223	urban soundscape
TorringtonSq2_EQR_720p_0017	urban soundscape
TorringtonSq2_EQR_720p_0151	urban soundscape
RegentsParkJapan2_0061_0079	urban soundscape
TorringtonSq4_EQR_720p_0083	urban soundscape
MarchmontGarden3_EQR_720p_0079	urban soundscape
RusselSq2_EQR_720p_0093	urban soundscape
CamdenTown3_EQR_720p_0154	urban soundscape
MarchmontGarden3_EQR_720p_0272	urban soundscape
PancrasLock2_0058_0019	urban soundscape
CamdenMarket1_EQR_720p_0136	urban soundscape
RegentsParkJapan2_0061_0082	urban soundscape
MarchmontGarden3_EQR_720p_0014	urban soundscape
RegentsParkJapan2_0061_0204	urban soundscape
RusselSq1_EQR_720p_0041	urban soundscape
RegentsParkPath1_EQR_702_0091	urban soundscape
RegentsParkPath1_EQR_702_0071	urban soundscape
TateModernSq1_0075_0047	urban soundscape
MarchmontGarden3_EQR_720p_0010	urban soundscape
PancrasLock2_0058_0221	urban soundscape
TorringtonSq2_EQR_720p_0041	urban soundscape
MarchmontGarden3_EQR_720p_0168	urban soundscape
RusselSq2_EQR_720p_0242	urban soundscape
TateModernSq1_0075_0129	urban soundscape
RegentsParkPath1_EQR_702_0139	urban soundscape
TateModern3_0093_0146	urban soundscape
TateModern1_EQR_720p_0215	urban soundscape
RegentsParkPath1_EQR_702_0170	urban soundscape
RegentsParkJapan2_0061_0072	urban soundscape
TateModern1_EQR_720p_0189	urban soundscape
CamdenTown4_EQR_720p_0147	urban soundscape
CamdenTown1_EQR_720p_0096	urban soundscape
TateModern1_EQR_720p_0028	urban soundscape
TateModern3_0093_0107	urban soundscape
RegentsParkPath1_EQR_702_0012	urban soundscape
PancrasLock2_0058_0290	urban soundscape
RegentsParkPath1_EQR_702_0086	urban soundscape
EustonTap2_EQR_720p_0185	urban soundscape
CamdenTown4_EQR_720p_0206	urban soundscape
PancrasLock1_EQR_720p_0263	urban soundscape
RusselSq1_EQR_720p_0250	urban soundscape
TateModernSq1_0075_0060	urban soundscape
PancrasLock2_0058_0059	urban soundscape
PancrasLock2_0058_0228	urban soundscape
TorringtonSq4_EQR_720p_0171	urban soundscape
CamdenTown4_EQR_720p_0079	urban soundscape
CamdenTown3_EQR_720p_0230	urban soundscape
TateModern1_EQR_720p_0006	urban soundscape
RusselSq1_EQR_720p_0185	urban soundscape
RegentsParkJapan1_0060_0157	urban soundscape
RegentsParkPath1_EQR_702_0046	urban soundscape
PancrasLock2_0058_0166	urban soundscape
StPaulsRow1_0097_0189	urban soundscape
TateModern3_0093_0137	urban soundscape
TorringtonSq2_EQR_720p_0106	urban soundscape
PancrasLock1_EQR_720p_0237	urban soundscape
EustonTap2_EQR_720p_0149	urban soundscape
RusselSq2_EQR_720p_0008	urban soundscape
CamdenTown1_EQR_720p_0197	urban soundscape
PancrasLock2_0058_0283	urban soundscape
CamdenTown1_EQR_720p_0148	urban soundscape
TateModern1_EQR_720p_0077	urban soundscape
RegentsParkFields2_EQR_720p_0003	urban soundscape
TorringtonSq2_EQR_720p_0255	urban soundscape
TateModern1_EQR_720p_0057	urban soundscape
CamdenTown4_EQR_720p_0122	urban soundscape
RegentsParkFields2_EQR_720p_0230	urban soundscape
CamdenTown3_EQR_720p_0137	urban soundscape
TateModern1_EQR_720p_0113	urban soundscape
RusselSq1_EQR_720p_0077	urban soundscape
TateModernSq2_0076_0056	urban soundscape
TorringtonSq2_EQR_720p_0023	urban soundscape
RegentsParkJapan2_0061_0246	urban soundscape
MarchmontGarden2_EQR_720p_0187	urban soundscape
RusselSq2_EQR_720p_0054	urban soundscape
CamdenTown1_EQR_720p_0176	urban soundscape
RusselSq3_EQR_720p_0069	urban soundscape
StPaulsRow1_0097_0083	urban soundscape
TateModern1_EQR_720p_0155	urban soundscape
TorringtonSq2_EQR_720p_0145	urban soundscape
TorringtonSq2_EQR_720p_0094	urban soundscape
PancrasLock2_0058_0223	urban soundscape
CamdenTown2_EQR_720p_0240	urban soundscape
CamdenMarket1_EQR_720p_0189	urban soundscape
TateModern1_EQR_720p_0103	urban soundscape
MarchmontGarden3_EQR_720p_0086	urban soundscape
RegentsParkPath1_EQR_702_0001	urban soundscape
RegentsParkJapan2_0061_0016	urban soundscape
RegentsParkPath1_EQR_702_0132	urban soundscape
RegentsParkJapan2_0061_0273	urban soundscape
EustonTap1_EQR_720p_0103	urban soundscape
TorringtonSq2_EQR_720p_0198	urban soundscape
MarchmontGarden3_EQR_720p_0120	urban soundscape
MarchmontGarden3_EQR_720p_0241	urban soundscape
EustonTap1_EQR_720p_0106	urban soundscape
TateModern3_0093_0206	urban soundscape
RegentsParkFields2_EQR_720p_0125	urban soundscape
PancrasLock2_0058_0148	urban soundscape
MarchmontGarden2_EQR_720p_0260	urban soundscape
StPaulsRow1_0097_0251	urban soundscape
CamdenTown3_EQR_720p_0050	urban soundscape
CamdenTown4_EQR_720p_0179	urban soundscape
TorringtonSq3_EQR_720p_0039	urban soundscape
RegentsParkJapan1_0060_0151	urban soundscape
MarchmontGarden2_EQR_720p_0074	urban soundscape
CamdenTown4_EQR_720p_0028	urban soundscape
RegentsParkJapan2_0061_0013	urban soundscape
MarchmontGarden1_EQR_720p_0158	urban soundscape
MarchmontGarden3_EQR_720p_0173	urban soundscape
CamdenTown3_EQR_720p_0126	urban soundscape
TorringtonSq2_EQR_720p_0186	urban soundscape
RegentsParkPath1_EQR_702_0134	urban soundscape
TateModern1_EQR_720p_0004	urban soundscape
TorringtonSq2_EQR_720p_0082	urban soundscape
TateModern3_0093_0084	urban soundscape
PancrasLock1_EQR_720p_0097	urban soundscape
MarchmontGarden3_EQR_720p_0174	urban soundscape
StPaulsRow1_0097_0152	urban soundscape
RusselSq3_EQR_720p_0073	urban soundscape
TorringtonSq4_EQR_720p_0040	urban soundscape
EustonTap3_0347_0006	urban soundscape
RegentsParkJapan1_0060_0272	urban soundscape
TateModern3_0093_0259	urban soundscape
RegentsParkFields2_EQR_720p_0104	urban soundscape
RegentsParkJapan1_0060_0069	urban soundscape
TateModern1_EQR_720p_0139	urban soundscape
CamdenTown1_EQR_720p_0268	urban soundscape
CamdenTown2_EQR_720p_0100	urban soundscape
TorringtonSq2_EQR_720p_0229	urban soundscape
MarchmontGarden2_EQR_720p_0319	urban soundscape
TateModernSq2_0076_0158	urban soundscape
TorringtonSq4_EQR_720p_0217	urban soundscape
RegentsParkJapan2_0061_0148	urban soundscape
TorringtonSq4_EQR_720p_0046	urban soundscape
MarchmontGarden2_EQR_720p_0255	urban soundscape
TorringtonSq2_EQR_720p_0067	urban soundscape
RegentsParkJapan2_0061_0271	urban soundscape
CamdenTown1_EQR_720p_0026	urban soundscape
RusselSq3_EQR_720p_0066	urban soundscape
RusselSq2_EQR_720p_0092	urban soundscape
EustonTap3_0347_0061	urban soundscape
MarchmontGarden2_EQR_720p_0051	urban soundscape
TateModern1_EQR_720p_0048	urban soundscape
TorringtonSq2_EQR_720p_0201	urban soundscape
CamdenTown1_EQR_720p_0010	urban soundscape
CamdenTown1_EQR_720p_0115	urban soundscape
RusselSq2_EQR_720p_0023	urban soundscape
PancrasLock1_EQR_720p_0033	urban soundscape
EustonTap1_EQR_720p_0200	urban soundscape
StPaulsRow1_0097_0106	urban soundscape
EustonTap1_EQR_720p_0179	urban soundscape
RegentsParkPath1_EQR_702_0033	urban soundscape
StPaulsCross1_EQR_720p_0097	urban soundscape
RusselSq1_EQR_720p_0051	urban soundscape
StPaulsCross1_EQR_720p_0178	urban soundscape
CamdenTown4_EQR_720p_0050	urban soundscape
TateModern1_EQR_720p_0114	urban soundscape
TorringtonSq4_EQR_720p_0194	urban soundscape
EustonTap2_EQR_720p_0163	urban soundscape
MarchmontGarden1_EQR_720p_0230	urban soundscape
StPaulsCross1_EQR_720p_0176	urban soundscape
MarchmontGarden2_EQR_720p_0209	urban soundscape
RegentsParkPath1_EQR_702_0166	urban soundscape
PancrasLock1_EQR_720p_0102	urban soundscape
MarchmontGarden1_EQR_720p_0025	urban soundscape
MarchmontGarden3_EQR_720p_0202	urban soundscape
EustonTap1_EQR_720p_0124	urban soundscape
TorringtonSq2_EQR_720p_0216	urban soundscape
TateModern3_0093_0132	urban soundscape
TateModernSq1_0075_0073	urban soundscape
RegentsParkPath1_EQR_702_0160	urban soundscape
CamdenTown4_EQR_720p_0042	urban soundscape
CamdenTown1_EQR_720p_0231	urban soundscape
StPaulsCross1_EQR_720p_0061	urban soundscape
RegentsParkJapan1_0060_0012	urban soundscape
CamdenTown4_EQR_720p_0082	urban soundscape
EustonTap2_EQR_720p_0045	urban soundscape
StPaulsRow1_0097_0165	urban soundscape
TorringtonSq3_EQR_720p_0064	urban soundscape
PancrasLock1_EQR_720p_0090	urban soundscape
RegentsParkPath1_EQR_702_0154	urban soundscape
TateModernSq2_0076_0036	urban soundscape
TateModernSq2_0076_0070	urban soundscape
StPaulsCross1_EQR_720p_0172	urban soundscape
MarchmontGarden3_EQR_720p_0156	urban soundscape
CamdenTown4_EQR_720p_0051	urban soundscape
CamdenTown2_EQR_720p_0107	urban soundscape
RusselSq2_EQR_720p_0115	urban soundscape
RegentsParkFields2_EQR_720p_0054	urban soundscape
StPaulsCross1_EQR_720p_0065	urban soundscape
RegentsParkPath1_EQR_702_0222	urban soundscape
TateModernSq2_0076_0001	urban soundscape
TateModernSq2_0076_0166	urban soundscape
TateModernSq2_0076_0177	urban soundscape
StPaulsRow1_0097_0184	urban soundscape
CamdenTown2_EQR_720p_0209	urban soundscape
CamdenTown4_EQR_720p_0088	urban soundscape
TorringtonSq2_EQR_720p_0076	urban soundscape
TateModernSq1_0075_0177	urban soundscape
PancrasLock2_0058_0024	urban soundscape
RusselSq2_EQR_720p_0094	urban soundscape
RusselSq1_EQR_720p_0219	urban soundscape
TateModern3_0093_0248	urban soundscape
TorringtonSq2_EQR_720p_0147	urban soundscape
StPaulsCross1_EQR_720p_0193	urban soundscape
TorringtonSq2_EQR_720p_0042	urban soundscape
CamdenTown4_EQR_720p_0162	urban soundscape
EustonTap2_EQR_720p_0201	urban soundscape
TateModern3_0093_0047	urban soundscape
TateModernSq1_0075_0143	urban soundscape
RegentsParkPath1_EQR_702_0083	urban soundscape
PancrasLock1_EQR_720p_0229	urban soundscape
EustonTap1_EQR_720p_0224	urban soundscape
EustonTap1_EQR_720p_0088	urban soundscape
TorringtonSq2_EQR_720p_0146	urban soundscape
MarchmontGarden2_EQR_720p_0261	urban soundscape
TorringtonSq2_EQR_720p_0192	urban soundscape
RusselSq1_EQR_720p_0186	urban soundscape
CamdenTown2_EQR_720p_0034	urban soundscape
PancrasLock1_EQR_720p_0114	urban soundscape
MarchmontGarden3_EQR_720p_0177	urban soundscape
CamdenTown2_EQR_720p_0222	urban soundscape
RegentsParkJapan1_0060_0114	urban soundscape
EustonTap1_EQR_720p_0212	urban soundscape
RegentsParkJapan1_0060_0171	urban soundscape
TateModern3_0093_0216	urban soundscape
TateModern1_EQR_720p_0020	urban soundscape
CamdenTown4_EQR_720p_0029	urban soundscape
EustonTap2_EQR_720p_0194	urban soundscape
RegentsParkJapan2_0061_0215	urban soundscape
MarchmontGarden2_EQR_720p_0222	urban soundscape
EustonTap3_0347_0092	urban soundscape
RegentsParkJapan1_0060_0123	urban soundscape
MarchmontGarden2_EQR_720p_0015	urban soundscape
MarchmontGarden2_EQR_720p_0027	urban soundscape
CamdenTown3_EQR_720p_0221	urban soundscape
StPaulsRow1_0097_0135	urban soundscape
PancrasLock2_0058_0172	urban soundscape
RegentsParkPath1_EQR_702_0157	urban soundscape
RegentsParkPath1_EQR_702_0004	urban soundscape
EustonTap2_EQR_720p_0079	urban soundscape
CamdenMarket1_EQR_720p_0212	urban soundscape
TateModern3_0093_0034	urban soundscape
TorringtonSq2_EQR_720p_0052	urban soundscape
MarchmontGarden2_EQR_720p_0166	urban soundscape
MarchmontGarden3_EQR_720p_0134	urban soundscape
PancrasLock2_0058_0262	urban soundscape
PancrasLock2_0058_0008	urban soundscape
RusselSq1_EQR_720p_0018	urban soundscape
StPaulsCross1_EQR_720p_0003	urban soundscape
RusselSq2_EQR_720p_0107	urban soundscape
CamdenTown2_EQR_720p_0132	urban soundscape
RusselSq2_EQR_720p_0236	urban soundscape
PancrasLock2_0058_0049	urban soundscape
PancrasLock2_0058_0040	urban soundscape
RegentsParkJapan1_0060_0153	urban soundscape
EustonTap1_EQR_720p_0054	urban soundscape
CamdenTown1_EQR_720p_0043	urban soundscape
TorringtonSq4_EQR_720p_0096	urban soundscape
PancrasLock2_0058_0138	urban soundscape
PancrasLock1_EQR_720p_0234	urban soundscape
PancrasLock2_0058_0002	urban soundscape
MarchmontGarden1_EQR_720p_0111	urban soundscape
CamdenTown2_EQR_720p_0053	urban soundscape
TateModern1_EQR_720p_0223	urban soundscape
CamdenTown1_EQR_720p_0063	urban soundscape
TateModern3_0093_0050	urban soundscape
CamdenTown4_EQR_720p_0194	urban soundscape
StPaulsRow1_0097_0197	urban soundscape
TorringtonSq4_EQR_720p_0063	urban soundscape
RegentsParkPath1_EQR_702_0119	urban soundscape
PancrasLock1_EQR_720p_0244	urban soundscape
RegentsParkFields2_EQR_720p_0027	urban soundscape
TateModern3_0093_0175	urban soundscape
CamdenTown1_EQR_720p_0247	urban soundscape
TateModernSq2_0076_0060	urban soundscape
RegentsParkJapan1_0060_0031	urban soundscape
PancrasLock1_EQR_720p_0156	urban soundscape
StPaulsRow1_0097_0019	urban soundscape
RegentsParkJapan1_0060_0130	urban soundscape
PancrasLock1_EQR_720p_0147	urban soundscape
RegentsParkJapan1_0060_0104	urban soundscape
EustonTap1_EQR_720p_0163	urban soundscape
RegentsParkFields2_EQR_720p_0190	urban soundscape
TateModernSq2_0076_0074	urban soundscape
MarchmontGarden3_EQR_720p_0069	urban soundscape
MarchmontGarden2_EQR_720p_0304	urban soundscape
MarchmontGarden3_EQR_720p_0245	urban soundscape
CamdenTown2_EQR_720p_0158	urban soundscape
StPaulsCross1_EQR_720p_0034	urban soundscape
MarchmontGarden3_EQR_720p_0190	urban soundscape
MarchmontGarden2_EQR_720p_0289	urban soundscape
RusselSq1_EQR_720p_0149	urban soundscape
EustonTap2_EQR_720p_0033	urban soundscape
StPaulsRow1_0097_0030	urban soundscape
TateModern1_EQR_720p_0160	urban soundscape
RegentsParkFields2_EQR_720p_0177	urban soundscape
CamdenTown2_EQR_720p_0179	urban soundscape
MarchmontGarden2_EQR_720p_0067	urban soundscape
RegentsParkPath1_EQR_702_0169	urban soundscape
StPaulsRow1_0097_0268	urban soundscape
RegentsParkJapan2_0061_0267	urban soundscape
RegentsParkJapan2_0061_0256	urban soundscape
EustonTap2_EQR_720p_0085	urban soundscape
PancrasLock1_EQR_720p_0045	urban soundscape
PancrasLock2_0058_0169	urban soundscape
StPaulsCross1_EQR_720p_0182	urban soundscape
PancrasLock2_0058_0278	urban soundscape
RegentsParkJapan1_0060_0047	urban soundscape
PancrasLock2_0058_0016	urban soundscape
CamdenTown4_EQR_720p_0044	urban soundscape
StPaulsRow1_0097_0266	urban soundscape
TateModern1_EQR_720p_0220	urban soundscape
StPaulsCross1_EQR_720p_0115	urban soundscape
PancrasLock1_EQR_720p_0192	urban soundscape
MarchmontGarden2_EQR_720p_0226	urban soundscape
TateModernSq1_0075_0030	urban soundscape
CamdenTown1_EQR_720p_0077	urban soundscape
MarchmontGarden1_EQR_720p_0253	urban soundscape
RegentsParkJapan2_0061_0070	urban soundscape
RusselSq1_EQR_720p_0129	urban soundscape
PancrasLock2_0058_0264	urban soundscape
TorringtonSq4_EQR_720p_0042	urban soundscape
MarchmontGarden3_EQR_720p_0099	urban soundscape
MarchmontGarden3_EQR_720p_0144	urban soundscape
CamdenTown1_EQR_720p_0121	urban soundscape
TorringtonSq2_EQR_720p_0021	urban soundscape
CamdenTown1_EQR_720p_0136	urban soundscape
EustonTap2_EQR_720p_0206	urban soundscape
TateModern1_EQR_720p_0173	urban soundscape
CamdenTown1_EQR_720p_0080	urban soundscape
RegentsParkJapan1_0060_0217	urban soundscape
CamdenTown2_EQR_720p_0019	urban soundscape
CamdenTown4_EQR_720p_0129	urban soundscape
EustonTap2_EQR_720p_0048	urban soundscape
RegentsParkJapan2_0061_0112	urban soundscape
TateModernSq1_0075_0052	urban soundscape
TateModern1_EQR_720p_0161	urban soundscape
TateModern1_EQR_720p_0206	urban soundscape
RusselSq1_EQR_720p_0153	urban soundscape
TateModern1_EQR_720p_0105	urban soundscape
TateModernSq2_0076_0201	urban soundscape
TateModernSq2_0076_0088	urban soundscape
TateModernSq2_0076_0096	urban soundscape
RusselSq2_EQR_720p_0172	urban soundscape
CamdenTown3_EQR_720p_0106	urban soundscape
MarchmontGarden1_EQR_720p_0153	urban soundscape
PancrasLock1_EQR_720p_0092	urban soundscape
CamdenTown2_EQR_720p_0056	urban soundscape
PancrasLock1_EQR_720p_0193	urban soundscape
CamdenMarket1_EQR_720p_0133	urban soundscape
MarchmontGarden1_EQR_720p_0255	urban soundscape
PancrasLock2_0058_0060	urban soundscape
PancrasLock2_0058_0171	urban soundscape
CamdenTown1_EQR_720p_0134	urban soundscape
RegentsParkJapan2_0061_0043	urban soundscape
TorringtonSq2_EQR_720p_0213	urban soundscape
TateModernSq1_0075_0135	urban soundscape
RusselSq1_EQR_720p_0220	urban soundscape
StPaulsCross1_EQR_720p_0079	urban soundscape
StPaulsCross1_EQR_720p_0173	urban soundscape
RusselSq1_EQR_720p_0138	urban soundscape
StPaulsRow1_0097_0215	urban soundscape
CamdenTown2_EQR_720p_0057	urban soundscape
PancrasLock1_EQR_720p_0222	urban soundscape
RegentsParkPath1_EQR_702_0204	urban soundscape
TateModernSq1_0075_0029	urban soundscape
EustonTap2_EQR_720p_0089	urban soundscape
RegentsParkFields2_EQR_720p_0112	urban soundscape
RusselSq2_EQR_720p_0080	urban soundscape
MarchmontGarden1_EQR_720p_0148	urban soundscape
PancrasLock1_EQR_720p_0158	urban soundscape
CamdenMarket1_EQR_720p_0012	urban soundscape
TorringtonSq2_EQR_720p_0089	urban soundscape
MarchmontGarden2_EQR_720p_0269	urban soundscape
CamdenTown4_EQR_720p_0201	urban soundscape
MarchmontGarden1_EQR_720p_0159	urban soundscape
RusselSq2_EQR_720p_0116	urban soundscape
RegentsParkPath1_EQR_702_0137	urban soundscape
CamdenMarket1_EQR_720p_0134	urban soundscape
RusselSq1_EQR_720p_0072	urban soundscape
TateModern3_0093_0254	urban soundscape
RegentsParkPath1_EQR_702_0010	urban soundscape
StPaulsRow1_0097_0052	urban soundscape
CamdenTown2_EQR_720p_0017	urban soundscape
RegentsParkJapan1_0060_0212	urban soundscape
TateModernSq1_0075_0166	urban soundscape
MarchmontGarden1_EQR_720p_0131	urban soundscape
CamdenTown1_EQR_720p_0169	urban soundscape
CamdenTown4_EQR_720p_0023	urban soundscape
MarchmontGarden3_EQR_720p_0026	urban soundscape
MarchmontGarden1_EQR_720p_0124	urban soundscape
TateModern3_0093_0164	urban soundscape
CamdenTown3_EQR_720p_0167	urban soundscape
RegentsParkFields2_EQR_720p_0167	urban soundscape
RusselSq1_EQR_720p_0004	urban soundscape
RusselSq1_EQR_720p_0176	urban soundscape
EustonTap1_EQR_720p_0022	urban soundscape
EustonTap3_0347_0101	urban soundscape
TateModern3_0093_0214	urban soundscape
CamdenMarket1_EQR_720p_0155	urban soundscape
CamdenTown2_EQR_720p_0152	urban soundscape
CamdenMarket1_EQR_720p_0043	urban soundscape
RegentsParkJapan1_0060_0142	urban soundscape
StPaulsCross1_EQR_720p_0054	urban soundscape
CamdenTown4_EQR_720p_0161	urban soundscape
RegentsParkJapan2_0061_0062	urban soundscape
TateModernSq2_0076_0154	urban soundscape
TateModernSq2_0076_0216	urban soundscape
CamdenTown4_EQR_720p_0152	urban soundscape
CamdenTown4_EQR_720p_0221	urban soundscape
PancrasLock1_EQR_720p_0014	urban soundscape
TateModern1_EQR_720p_0010	urban soundscape
MarchmontGarden3_EQR_720p_0169	urban soundscape
CamdenTown1_EQR_720p_0008	urban soundscape
MarchmontGarden1_EQR_720p_0017	urban soundscape
PancrasLock2_0058_0073	urban soundscape
TorringtonSq4_EQR_720p_0041	urban soundscape
PancrasLock2_0058_0165	urban soundscape
MarchmontGarden1_EQR_720p_0109	urban soundscape
TorringtonSq4_EQR_720p_0018	urban soundscape
RegentsParkPath1_EQR_702_0028	urban soundscape
PancrasLock2_0058_0249	urban soundscape
CamdenTown1_EQR_720p_0214	urban soundscape
TateModern1_EQR_720p_0012	urban soundscape
CamdenMarket1_EQR_720p_0218	urban soundscape
PancrasLock1_EQR_720p_0131	urban soundscape
RegentsParkJapan1_0060_0163	urban soundscape
EustonTap3_0347_0153	urban soundscape
StPaulsRow1_0097_0085	urban soundscape
RegentsParkJapan1_0060_0051	urban soundscape
TateModernSq2_0076_0123	urban soundscape
RegentsParkPath1_EQR_702_0121	urban soundscape
RegentsParkJapan1_0060_0148	urban soundscape
MarchmontGarden2_EQR_720p_0117	urban soundscape
EustonTap1_EQR_720p_0111	urban soundscape
TateModernSq1_0075_0167	urban soundscape
MarchmontGarden2_EQR_720p_0218	urban soundscape
CamdenTown4_EQR_720p_0046	urban soundscape
RegentsParkPath1_EQR_702_0142	urban soundscape
TateModern3_0093_0232	urban soundscape
RusselSq1_EQR_720p_0223	urban soundscape
PancrasLock2_0058_0042	urban soundscape
RegentsParkJapan2_0061_0128	urban soundscape
CamdenTown1_EQR_720p_0205	urban soundscape
TateModern1_EQR_720p_0131	urban soundscape
TateModernSq2_0076_0049	urban soundscape
RusselSq3_EQR_720p_0102	urban soundscape
EustonTap2_EQR_720p_0190	urban soundscape
EustonTap1_EQR_720p_0125	urban soundscape
RegentsParkFields2_EQR_720p_0129	urban soundscape
RusselSq1_EQR_720p_0001	urban soundscape
TorringtonSq2_EQR_720p_0184	urban soundscape
PancrasLock2_0058_0130	urban soundscape
TorringtonSq2_EQR_720p_0103	urban soundscape
StPaulsCross1_EQR_720p_0170	urban soundscape
RegentsParkJapan1_0060_0077	urban soundscape
RusselSq2_EQR_720p_0078	urban soundscape
PancrasLock2_0058_0015	urban soundscape
EustonTap2_EQR_720p_0144	urban soundscape
RegentsParkJapan2_0061_0034	urban soundscape
MarchmontGarden3_EQR_720p_0094	urban soundscape
TateModernSq2_0076_0061	urban soundscape
RusselSq1_EQR_720p_0055	urban soundscape
MarchmontGarden1_EQR_720p_0094	urban soundscape
TorringtonSq4_EQR_720p_0155	urban soundscape
TorringtonSq2_EQR_720p_0126	urban soundscape
StPaulsCross1_EQR_720p_0046	urban soundscape
RegentsParkJapan1_0060_0106	urban soundscape
MarchmontGarden1_EQR_720p_0123	urban soundscape
PancrasLock1_EQR_720p_0252	urban soundscape
StPaulsRow1_0097_0132	urban soundscape
TateModern1_EQR_720p_0233	urban soundscape
RegentsParkJapan1_0060_0053	urban soundscape
EustonTap1_EQR_720p_0154	urban soundscape
EustonTap2_EQR_720p_0036	urban soundscape
EustonTap1_EQR_720p_0127	urban soundscape
EustonTap1_EQR_720p_0061	urban soundscape
PancrasLock2_0058_0088	urban soundscape
RusselSq3_EQR_720p_0041	urban soundscape
TateModern3_0093_0275	urban soundscape
PancrasLock1_EQR_720p_0026	urban soundscape
CamdenTown1_EQR_720p_0087	urban soundscape
RegentsParkPath1_EQR_702_0229	urban soundscape
RusselSq1_EQR_720p_0102	urban soundscape
TorringtonSq4_EQR_720p_0022	urban soundscape
CamdenTown3_EQR_720p_0085	urban soundscape
TorringtonSq4_EQR_720p_0061	urban soundscape
CamdenTown2_EQR_720p_0135	urban soundscape
EustonTap1_EQR_720p_0067	urban soundscape
CamdenTown4_EQR_720p_0151	urban soundscape
MarchmontGarden1_EQR_720p_0033	urban soundscape
EustonTap2_EQR_720p_0127	urban soundscape
RegentsParkJapan2_0061_0175	urban soundscape
PancrasLock1_EQR_720p_0067	urban soundscape
EustonTap3_0347_0089	urban soundscape
EustonTap2_EQR_720p_0031	urban soundscape
TateModern1_EQR_720p_0091	urban soundscape
PancrasLock1_EQR_720p_0238	urban soundscape
CamdenMarket1_EQR_720p_0149	urban soundscape
StPaulsRow1_0097_0000	urban soundscape
RegentsParkPath1_EQR_702_0081	urban soundscape
RegentsParkFields2_EQR_720p_0168	urban soundscape
TateModernSq2_0076_0130	urban soundscape
RegentsParkPath1_EQR_702_0228	urban soundscape
CamdenTown4_EQR_720p_0071	urban soundscape
MarchmontGarden3_EQR_720p_0249	urban soundscape
PancrasLock2_0058_0087	urban soundscape
TateModernSq2_0076_0084	urban soundscape
MarchmontGarden3_EQR_720p_0095	urban soundscape
TateModernSq2_0076_0137	urban soundscape
TateModern3_0093_0139	urban soundscape
CamdenTown4_EQR_720p_0081	urban soundscape
PancrasLock2_0058_0212	urban soundscape
StPaulsCross1_EQR_720p_0218	urban soundscape
PancrasLock1_EQR_720p_0133	urban soundscape
CamdenTown4_EQR_720p_0183	urban soundscape
RusselSq2_EQR_720p_0179	urban soundscape
CamdenTown2_EQR_720p_0170	urban soundscape
TateModern3_0093_0091	urban soundscape
EustonTap1_EQR_720p_0029	urban soundscape
RusselSq3_EQR_720p_0086	urban soundscape
MarchmontGarden1_EQR_720p_0242	urban soundscape
MarchmontGarden2_EQR_720p_0210	urban soundscape
PancrasLock2_0058_0168	urban soundscape
RusselSq1_EQR_720p_0251	urban soundscape
CamdenTown3_EQR_720p_0031	urban soundscape
TorringtonSq2_EQR_720p_0032	urban soundscape
CamdenTown2_EQR_720p_0042	urban soundscape
PancrasLock1_EQR_720p_0009	urban soundscape
CamdenTown1_EQR_720p_0206	urban soundscape
RusselSq3_EQR_720p_0046	urban soundscape
PancrasLock1_EQR_720p_0039	urban soundscape
RegentsParkFields2_EQR_720p_0048	urban soundscape
PancrasLock2_0058_0175	urban soundscape
TorringtonSq2_EQR_720p_0107	urban soundscape
PancrasLock2_0058_0056	urban soundscape
PancrasLock1_EQR_720p_0249	urban soundscape
EustonTap1_EQR_720p_0098	urban soundscape
StPaulsCross1_EQR_720p_0040	urban soundscape
TorringtonSq2_EQR_720p_0159	urban soundscape
RegentsParkPath1_EQR_702_0209	urban soundscape
RegentsParkJapan1_0060_0067	urban soundscape
TateModern3_0093_0125	urban soundscape
MarchmontGarden1_EQR_720p_0207	urban soundscape
CamdenTown1_EQR_720p_0098	urban soundscape
EustonTap1_EQR_720p_0211	urban soundscape
RegentsParkPath1_EQR_702_0049	urban soundscape
CamdenTown2_EQR_720p_0193	urban soundscape
PancrasLock1_EQR_720p_0081	urban soundscape
CamdenTown3_EQR_720p_0104	urban soundscape
TateModern3_0093_0171	urban soundscape
CamdenTown2_EQR_720p_0009	urban soundscape
TateModernSq2_0076_0048	urban soundscape
RegentsParkPath1_EQR_702_0023	urban soundscape
RegentsParkJapan2_0061_0088	urban soundscape
StPaulsCross1_EQR_720p_0001	urban soundscape
MarchmontGarden3_EQR_720p_0192	urban soundscape
EustonTap2_EQR_720p_0097	urban soundscape
RusselSq2_EQR_720p_0089	urban soundscape
RegentsParkJapan1_0060_0152	urban soundscape
TateModernSq1_0075_0092	urban soundscape
StPaulsRow1_0097_0244	urban soundscape
RusselSq2_EQR_720p_0160	urban soundscape
RegentsParkJapan1_0060_0258	urban soundscape
PancrasLock2_0058_0151	urban soundscape
RegentsParkPath1_EQR_702_0069	urban soundscape
RusselSq3_EQR_720p_0015	urban soundscape
TateModern3_0093_0068	urban soundscape
TateModern1_EQR_720p_0060	urban soundscape
CamdenTown2_EQR_720p_0131	urban soundscape
MarchmontGarden2_EQR_720p_0234	urban soundscape
PancrasLock2_0058_0022	urban soundscape
CamdenTown1_EQR_720p_0244	urban soundscape
CamdenTown1_EQR_720p_0086	urban soundscape
StPaulsRow1_0097_0206	urban soundscape
TateModernSq1_0075_0163	urban soundscape
TateModernSq2_0076_0126	urban soundscape
CamdenTown2_EQR_720p_0110	urban soundscape
TateModern3_0093_0031	urban soundscape
PancrasLock1_EQR_720p_0151	urban soundscape
CamdenTown1_EQR_720p_0238	urban soundscape
RusselSq2_EQR_720p_0250	urban soundscape
MarchmontGarden2_EQR_720p_0133	urban soundscape
MarchmontGarden3_EQR_720p_0039	urban soundscape
TateModern3_0093_0102	urban soundscape
RegentsParkJapan2_0061_0033	urban soundscape
CamdenTown2_EQR_720p_0062	urban soundscape
RegentsParkJapan1_0060_0070	urban soundscape
EustonTap1_EQR_720p_0034	urban soundscape
MarchmontGarden3_EQR_720p_0148	urban soundscape
TateModernSq1_0075_0101	urban soundscape
MarchmontGarden3_EQR_720p_0206	urban soundscape
StPaulsCross1_EQR_720p_0161	urban soundscape
RusselSq2_EQR_720p_0030	urban soundscape
RegentsParkJapan1_0060_0145	urban soundscape
TorringtonSq4_EQR_720p_0212	urban soundscape
RusselSq2_EQR_720p_0024	urban soundscape
RegentsParkJapan1_0060_0268	urban soundscape
RegentsParkJapan2_0061_0239	urban soundscape
StPaulsCross1_EQR_720p_0189	urban soundscape
EustonTap2_EQR_720p_0006	urban soundscape
TorringtonSq2_EQR_720p_0234	urban soundscape
TorringtonSq4_EQR_720p_0019	urban soundscape
RusselSq3_EQR_720p_0083	urban soundscape
EustonTap1_EQR_720p_0219	urban soundscape
EustonTap2_EQR_720p_0171	urban soundscape
MarchmontGarden1_EQR_720p_0274	urban soundscape
CamdenTown4_EQR_720p_0224	urban soundscape
TorringtonSq2_EQR_720p_0050	urban soundscape
MarchmontGarden1_EQR_720p_0113	urban soundscape
EustonTap1_EQR_720p_0007	urban soundscape
TorringtonSq2_EQR_720p_0048	urban soundscape
PancrasLock1_EQR_720p_0130	urban soundscape
EustonTap2_EQR_720p_0143	urban soundscape
RegentsParkPath1_EQR_702_0093	urban soundscape
StPaulsRow1_0097_0174	urban soundscape
TorringtonSq3_EQR_720p_0011	urban soundscape
RegentsParkPath1_EQR_702_0097	urban soundscape
CamdenTown2_EQR_720p_0128	urban soundscape
EustonTap1_EQR_720p_0175	urban soundscape
MarchmontGarden3_EQR_720p_0287	urban soundscape
TateModernSq1_0075_0013	urban soundscape
PancrasLock1_EQR_720p_0049	urban soundscape
MarchmontGarden3_EQR_720p_0100	urban soundscape
TateModern1_EQR_720p_0115	urban soundscape
CamdenTown2_EQR_720p_0147	urban soundscape
RegentsParkPath1_EQR_702_0208	urban soundscape
TateModern3_0093_0080	urban soundscape
RusselSq2_EQR_720p_0230	urban soundscape
RegentsParkJapan1_0060_0037	urban soundscape
TateModernSq1_0075_0010	urban soundscape
CamdenTown3_EQR_720p_0124	urban soundscape
RegentsParkJapan1_0060_0045	urban soundscape
TateModern3_0093_0076	urban soundscape
PancrasLock1_EQR_720p_0232	urban soundscape
RegentsParkJapan1_0060_0237	urban soundscape
StPaulsCross1_EQR_720p_0108	urban soundscape
EustonTap1_EQR_720p_0205	urban soundscape
MarchmontGarden3_EQR_720p_0219	urban soundscape
CamdenMarket1_EQR_720p_0170	urban soundscape
RegentsParkFields2_EQR_720p_0018	urban soundscape
TateModern3_0093_0114	urban soundscape
TorringtonSq2_EQR_720p_0081	urban soundscape
RegentsParkFields2_EQR_720p_0121	urban soundscape
RegentsParkFields2_EQR_720p_0013	urban soundscape
RusselSq2_EQR_720p_0103	urban soundscape
RegentsParkFields2_EQR_720p_0216	urban soundscape
TateModernSq1_0075_0110	urban soundscape
MarchmontGarden3_EQR_720p_0123	urban soundscape
CamdenTown2_EQR_720p_0140	urban soundscape
TateModernSq1_0075_0075	urban soundscape
CamdenMarket1_EQR_720p_0153	urban soundscape
RegentsParkJapan1_0060_0041	urban soundscape
CamdenTown1_EQR_720p_0124	urban soundscape
PancrasLock2_0058_0254	urban soundscape
CamdenTown2_EQR_720p_0093	urban soundscape
PancrasLock1_EQR_720p_0169	urban soundscape
RusselSq1_EQR_720p_0258	urban soundscape
RegentsParkPath1_EQR_702_0014	urban soundscape
TateModern1_EQR_720p_0107	urban soundscape
RusselSq1_EQR_720p_0043	urban soundscape
PancrasLock2_0058_0116	urban soundscape
CamdenTown4_EQR_720p_0083	urban soundscape
EustonTap1_EQR_720p_0237	urban soundscape
RegentsParkFields2_EQR_720p_0227	urban soundscape
RegentsParkJapan2_0061_0266	urban soundscape
CamdenMarket1_EQR_720p_0063	urban soundscape
TorringtonSq2_EQR_720p_0171	urban soundscape
TateModern1_EQR_720p_0040	urban soundscape
MarchmontGarden2_EQR_720p_0254	urban soundscape
MarchmontGarden1_EQR_720p_0271	urban soundscape
CamdenTown4_EQR_720p_0149	urban soundscape
EustonTap3_0347_0065	urban soundscape
MarchmontGarden3_EQR_720p_0028	urban soundscape
EustonTap3_0347_0009	urban soundscape
CamdenMarket1_EQR_720p_0062	urban soundscape
CamdenTown1_EQR_720p_0226	urban soundscape
RusselSq3_EQR_720p_0058	urban soundscape
PancrasLock2_0058_0239	urban soundscape
TateModernSq2_0076_0013	urban soundscape
TateModern3_0093_0240	urban soundscape
MarchmontGarden3_EQR_720p_0085	urban soundscape
RegentsParkPath1_EQR_702_0232	urban soundscape
TorringtonSq2_EQR_720p_0200	urban soundscape
RusselSq3_EQR_720p_0007	urban soundscape
MarchmontGarden2_EQR_720p_0203	urban soundscape
CamdenTown3_EQR_720p_0165	urban soundscape
TateModernSq2_0076_0152	urban soundscape
TateModern1_EQR_720p_0246	urban soundscape
CamdenTown3_EQR_720p_0189	urban soundscape
RegentsParkPath1_EQR_702_0113	urban soundscape
EustonTap3_0347_0100	urban soundscape
MarchmontGarden2_EQR_720p_0120	urban soundscape
RegentsParkFields2_EQR_720p_0092	urban soundscape
TateModern3_0093_0057	urban soundscape
TateModern1_EQR_720p_0106	urban soundscape
TateModernSq2_0076_0008	urban soundscape
RegentsParkFields2_EQR_720p_0173	urban soundscape
RegentsParkJapan1_0060_0097	urban soundscape
MarchmontGarden2_EQR_720p_0112	urban soundscape
CamdenTown2_EQR_720p_0171	urban soundscape
CamdenTown1_EQR_720p_0185	urban soundscape
StPaulsCross1_EQR_720p_0106	urban soundscape
StPaulsRow1_0097_0078	urban soundscape
EustonTap1_EQR_720p_0072	urban soundscape
CamdenTown1_EQR_720p_0208	urban soundscape
CamdenTown2_EQR_720p_0198	urban soundscape
RusselSq3_EQR_720p_0033	urban soundscape
RusselSq2_EQR_720p_0055	urban soundscape
TateModern1_EQR_720p_0175	urban soundscape
MarchmontGarden3_EQR_720p_0111	urban soundscape
PancrasLock2_0058_0033	urban soundscape
TorringtonSq2_EQR_720p_0182	urban soundscape
PancrasLock1_EQR_720p_0060	urban soundscape
StPaulsRow1_0097_0172	urban soundscape
RegentsParkFields2_EQR_720p_0139	urban soundscape
PancrasLock2_0058_0083	urban soundscape
EustonTap3_0347_0097	urban soundscape
RusselSq1_EQR_720p_0026	urban soundscape
CamdenTown3_EQR_720p_0008	urban soundscape
CamdenTown1_EQR_720p_0029	urban soundscape
StPaulsRow1_0097_0180	urban soundscape
CamdenTown4_EQR_720p_0187	urban soundscape
CamdenTown2_EQR_720p_0073	urban soundscape
PancrasLock2_0058_0285	urban soundscape
RusselSq2_EQR_720p_0045	urban soundscape
CamdenTown4_EQR_720p_0198	urban soundscape
TateModern3_0093_0100	urban soundscape
CamdenMarket1_EQR_720p_0050	urban soundscape
PancrasLock1_EQR_720p_0143	urban soundscape
PancrasLock1_EQR_720p_0051	urban soundscape
MarchmontGarden3_EQR_720p_0090	urban soundscape
MarchmontGarden2_EQR_720p_0121	urban soundscape
EustonTap2_EQR_720p_0032	urban soundscape
TateModern1_EQR_720p_0177	urban soundscape
MarchmontGarden2_EQR_720p_0073	urban soundscape
TorringtonSq4_EQR_720p_0021	urban soundscape
CamdenMarket1_EQR_720p_0215	urban soundscape
RusselSq1_EQR_720p_0241	urban soundscape
StPaulsRow1_0097_0080	urban soundscape
StPaulsCross1_EQR_720p_0071	urban soundscape
StPaulsCross1_EQR_720p_0138	urban soundscape
RusselSq2_EQR_720p_0001	urban soundscape
RegentsParkFields2_EQR_720p_0215	urban soundscape
MarchmontGarden1_EQR_720p_0030	urban soundscape
RusselSq2_EQR_720p_0109	urban soundscape
TorringtonSq2_EQR_720p_0010	urban soundscape
CamdenTown3_EQR_720p_0198	urban soundscape
PancrasLock2_0058_0013	urban soundscape
RusselSq1_EQR_720p_0237	urban soundscape
PancrasLock1_EQR_720p_0136	urban soundscape
CamdenTown3_EQR_720p_0143	urban soundscape
MarchmontGarden1_EQR_720p_0015	urban soundscape
RegentsParkJapan2_0061_0142	urban soundscape
EustonTap1_EQR_720p_0065	urban soundscape
EustonTap3_0347_0077	urban soundscape
RegentsParkPath1_EQR_702_0072	urban soundscape
RusselSq2_EQR_720p_0140	urban soundscape
TorringtonSq2_EQR_720p_0112	urban soundscape
PancrasLock1_EQR_720p_0148	urban soundscape
MarchmontGarden3_EQR_720p_0118	urban soundscape
TateModernSq2_0076_0193	urban soundscape
TateModern1_EQR_720p_0142	urban soundscape
CamdenTown1_EQR_720p_0199	urban soundscape
RegentsParkFields2_EQR_720p_0164	urban soundscape
PancrasLock1_EQR_720p_0164	urban soundscape
TateModern1_EQR_720p_0234	urban soundscape
CamdenTown4_EQR_720p_0026	urban soundscape
MarchmontGarden3_EQR_720p_0259	urban soundscape
RusselSq2_EQR_720p_0007	urban soundscape
RusselSq2_EQR_720p_0006	urban soundscape
RusselSq2_EQR_720p_0210	urban soundscape
CamdenTown1_EQR_720p_0269	urban soundscape
RusselSq1_EQR_720p_0238	urban soundscape
CamdenTown4_EQR_720p_0090	urban soundscape
PancrasLock2_0058_0054	urban soundscape
CamdenTown3_EQR_720p_0048	urban soundscape
RegentsParkJapan1_0060_0005	urban soundscape
TateModern3_0093_0036	urban soundscape
CamdenTown2_EQR_720p_0202	urban soundscape
TateModern3_0093_0244	urban soundscape
CamdenTown2_EQR_720p_0052	urban soundscape
RegentsParkJapan2_0061_0077	urban soundscape
EustonTap1_EQR_720p_0048	urban soundscape
PancrasLock2_0058_0068	urban soundscape
MarchmontGarden1_EQR_720p_0266	urban soundscape
StPaulsRow1_0097_0154	urban soundscape
RegentsParkFields2_EQR_720p_0196	urban soundscape
MarchmontGarden3_EQR_720p_0119	urban soundscape
CamdenTown3_EQR_720p_0035	urban soundscape
RegentsParkFields2_EQR_720p_0107	urban soundscape
PancrasLock2_0058_0268	urban soundscape
RegentsParkJapan1_0060_0183	urban soundscape
PancrasLock1_EQR_720p_0044	urban soundscape
RegentsParkFields2_EQR_720p_0089	urban soundscape
MarchmontGarden1_EQR_720p_0049	urban soundscape
RegentsParkJapan1_0060_0167	urban soundscape
RegentsParkFields2_EQR_720p_0223	urban soundscape
EustonTap3_0347_0096	urban soundscape
RusselSq1_EQR_720p_0197	urban soundscape
StPaulsRow1_0097_0148	urban soundscape
TateModernSq1_0075_0128	urban soundscape
TateModern3_0093_0186	urban soundscape
RegentsParkFields2_EQR_720p_0224	urban soundscape
StPaulsCross1_EQR_720p_0004	urban soundscape
RegentsParkPath1_EQR_702_0057	urban soundscape
TateModernSq1_0075_0049	urban soundscape
MarchmontGarden2_EQR_720p_0298	urban soundscape
RusselSq1_EQR_720p_0027	urban soundscape
RusselSq3_EQR_720p_0042	urban soundscape
PancrasLock2_0058_0122	urban soundscape
MarchmontGarden3_EQR_720p_0222	urban soundscape
RusselSq1_EQR_720p_0173	urban soundscape
TateModern3_0093_0099	urban soundscape
StPaulsRow1_0097_0002	urban soundscape
StPaulsCross1_EQR_720p_0159	urban soundscape
MarchmontGarden2_EQR_720p_0135	urban soundscape
CamdenTown4_EQR_720p_0058	urban soundscape
CamdenTown2_EQR_720p_0041	urban soundscape
EustonTap1_EQR_720p_0013	urban soundscape
StPaulsCross1_EQR_720p_0028	urban soundscape
MarchmontGarden3_EQR_720p_0197	urban soundscape
CamdenTown2_EQR_720p_0164	urban soundscape
CamdenTown2_EQR_720p_0105	urban soundscape
RegentsParkJapan1_0060_0101	urban soundscape
RegentsParkJapan2_0061_0208	urban soundscape
CamdenTown3_EQR_720p_0141	urban soundscape
RegentsParkFields2_EQR_720p_0192	urban soundscape
PancrasLock2_0058_0292	urban soundscape
RegentsParkJapan2_0061_0115	urban soundscape
CamdenTown2_EQR_720p_0001	urban soundscape
CamdenTown1_EQR_720p_0033	urban soundscape
StPaulsRow1_0097_0086	urban soundscape
RegentsParkJapan1_0060_0220	urban soundscape
TateModernSq1_0075_0097	urban soundscape
RegentsParkPath1_EQR_702_0187	urban soundscape
TorringtonSq4_EQR_720p_0165	urban soundscape
StPaulsCross1_EQR_720p_0083	urban soundscape
EustonTap3_0347_0149	urban soundscape
RegentsParkPath1_EQR_702_0043	urban soundscape
RegentsParkJapan1_0060_0170	urban soundscape
CamdenTown3_EQR_720p_0150	urban soundscape
RusselSq3_EQR_720p_0012	urban soundscape
RegentsParkPath1_EQR_702_0120	urban soundscape
TorringtonSq4_EQR_720p_0074	urban soundscape
RegentsParkJapan1_0060_0140	urban soundscape
RegentsParkJapan2_0061_0093	urban soundscape
TorringtonSq4_EQR_720p_0058	urban soundscape
CamdenTown3_EQR_720p_0188	urban soundscape
RegentsParkPath1_EQR_702_0225	urban soundscape
RegentsParkFields2_EQR_720p_0148	urban soundscape
CamdenTown4_EQR_720p_0063	urban soundscape
CamdenTown1_EQR_720p_0207	urban soundscape
MarchmontGarden2_EQR_720p_0056	urban soundscape
EustonTap1_EQR_720p_0225	urban soundscape
CamdenMarket1_EQR_720p_0129	urban soundscape
MarchmontGarden3_EQR_720p_0211	urban soundscape
RusselSq2_EQR_720p_0229	urban soundscape
TorringtonSq3_EQR_720p_0018	urban soundscape
PancrasLock1_EQR_720p_0202	urban soundscape
CamdenMarket1_EQR_720p_0121	urban soundscape
CamdenTown4_EQR_720p_0104	urban soundscape
TateModern3_0093_0117	urban soundscape
CamdenTown3_EQR_720p_0157	urban soundscape
EustonTap1_EQR_720p_0227	urban soundscape
TateModern1_EQR_720p_0100	urban soundscape
TorringtonSq2_EQR_720p_0116	urban soundscape
CamdenTown4_EQR_720p_0089	urban soundscape
CamdenTown4_EQR_720p_0210	urban soundscape
TateModernSq2_0076_0065	urban soundscape
CamdenMarket1_EQR_720p_0023	urban soundscape
RusselSq3_EQR_720p_0031	urban soundscape
TateModernSq2_0076_0105	urban soundscape
TateModern1_EQR_720p_0201	urban soundscape
MarchmontGarden1_EQR_720p_0086	urban soundscape
EustonTap3_0347_0104	urban soundscape
RusselSq2_EQR_720p_0209	urban soundscape
EustonTap3_0347_0032	urban soundscape
RusselSq1_EQR_720p_0221	urban soundscape
TateModernSq1_0075_0141	urban soundscape
EustonTap3_0347_0016	urban soundscape
RusselSq2_EQR_720p_0031	urban soundscape
CamdenTown4_EQR_720p_0056	urban soundscape
MarchmontGarden1_EQR_720p_0173	urban soundscape
TorringtonSq2_EQR_720p_0084	urban soundscape
TorringtonSq2_EQR_720p_0230	urban soundscape
CamdenMarket1_EQR_720p_0174	urban soundscape
RusselSq3_EQR_720p_0040	urban soundscape
TorringtonSq4_EQR_720p_0222	urban soundscape
StPaulsRow1_0097_0072	urban soundscape
TateModernSq1_0075_0041	urban soundscape
StPaulsRow1_0097_0245	urban soundscape
CamdenTown3_EQR_720p_0007	urban soundscape
TateModern1_EQR_720p_0054	urban soundscape
CamdenTown4_EQR_720p_0025	urban soundscape
EustonTap2_EQR_720p_0109	urban soundscape
MarchmontGarden2_EQR_720p_0143	urban soundscape
PancrasLock2_0058_0263	urban soundscape
TorringtonSq2_EQR_720p_0251	urban soundscape
PancrasLock1_EQR_720p_0206	urban soundscape
StPaulsRow1_0097_0098	urban soundscape
RusselSq1_EQR_720p_0141	urban soundscape
PancrasLock2_0058_0011	urban soundscape
CamdenTown3_EQR_720p_0070	urban soundscape
PancrasLock1_EQR_720p_0239	urban soundscape
MarchmontGarden1_EQR_720p_0112	urban soundscape
RegentsParkJapan1_0060_0110	urban soundscape
RegentsParkJapan1_0060_0100	urban soundscape
EustonTap3_0347_0114	urban soundscape
TateModernSq1_0075_0087	urban soundscape
CamdenTown1_EQR_720p_0046	urban soundscape
MarchmontGarden2_EQR_720p_0174	urban soundscape
RegentsParkFields2_EQR_720p_0043	urban soundscape
StPaulsCross1_EQR_720p_0088	urban soundscape
RegentsParkJapan2_0061_0200	urban soundscape
CamdenTown3_EQR_720p_0068	urban soundscape
StPaulsRow1_0097_0181	urban soundscape
TateModernSq2_0076_0040	urban soundscape
EustonTap1_EQR_720p_0063	urban soundscape
RusselSq2_EQR_720p_0217	urban soundscape
RegentsParkFields2_EQR_720p_0133	urban soundscape
RusselSq1_EQR_720p_0106	urban soundscape
PancrasLock2_0058_0041	urban soundscape
TorringtonSq4_EQR_720p_0035	urban soundscape
PancrasLock2_0058_0185	urban soundscape
TateModernSq1_0075_0164	urban soundscape
RusselSq1_EQR_720p_0084	urban soundscape
TateModern1_EQR_720p_0190	urban soundscape
CamdenTown3_EQR_720p_0053	urban soundscape
CamdenTown3_EQR_720p_0208	urban soundscape
RegentsParkJapan2_0061_0227	urban soundscape
MarchmontGarden3_EQR_720p_0052	urban soundscape
CamdenTown1_EQR_720p_0082	urban soundscape
CamdenTown1_EQR_720p_0149	urban soundscape
CamdenTown4_EQR_720p_0170	urban soundscape
CamdenTown3_EQR_720p_0212	urban soundscape
RegentsParkFields2_EQR_720p_0044	urban soundscape
StPaulsRow1_0097_0134	urban soundscape
MarchmontGarden3_EQR_720p_0034	urban soundscape
RegentsParkJapan1_0060_0271	urban soundscape
StPaulsRow1_0097_0021	urban soundscape
CamdenTown2_EQR_720p_0020	urban soundscape
TateModern3_0093_0147	urban soundscape
EustonTap3_0347_0148	urban soundscape
StPaulsCross1_EQR_720p_0042	urban soundscape
MarchmontGarden3_EQR_720p_0246	urban soundscape
RusselSq2_EQR_720p_0005	urban soundscape
StPaulsCross1_EQR_720p_0120	urban soundscape
CamdenMarket1_EQR_720p_0205	urban soundscape
RegentsParkJapan2_0061_0054	urban soundscape
MarchmontGarden1_EQR_720p_0093	urban soundscape
CamdenTown3_EQR_720p_0144	urban soundscape
PancrasLock2_0058_0045	urban soundscape
StPaulsRow1_0097_0046	urban soundscape
PancrasLock2_0058_0123	urban soundscape
TorringtonSq4_EQR_720p_0078	urban soundscape
MarchmontGarden2_EQR_720p_0030	urban soundscape
TateModern3_0093_0110	urban soundscape
PancrasLock2_0058_0021	urban soundscape
TateModern3_0093_0077	urban soundscape
CamdenTown4_EQR_720p_0037	urban soundscape
RusselSq1_EQR_720p_0076	urban soundscape
TorringtonSq2_EQR_720p_0110	urban soundscape
CamdenMarket1_EQR_720p_0114	urban soundscape
PancrasLock2_0058_0234	urban soundscape
CamdenTown2_EQR_720p_0242	urban soundscape
PancrasLock1_EQR_720p_0264	urban soundscape
RusselSq1_EQR_720p_0246	urban soundscape
PancrasLock2_0058_0257	urban soundscape
TorringtonSq4_EQR_720p_0048	urban soundscape
CamdenTown4_EQR_720p_0178	urban soundscape
TorringtonSq2_EQR_720p_0070	urban soundscape
RegentsParkJapan2_0061_0028	urban soundscape
CamdenTown3_EQR_720p_0200	urban soundscape
PancrasLock1_EQR_720p_0042	urban soundscape
TateModern1_EQR_720p_0084	urban soundscape
RegentsParkJapan2_0061_0139	urban soundscape
MarchmontGarden1_EQR_720p_0283	urban soundscape
EustonTap1_EQR_720p_0145	urban soundscape
MarchmontGarden2_EQR_720p_0115	urban soundscape
RegentsParkPath1_EQR_702_0026	urban soundscape
RusselSq1_EQR_720p_0029	urban soundscape
PancrasLock1_EQR_720p_0265	urban soundscape
TateModernSq1_0075_0146	urban soundscape
CamdenTown4_EQR_720p_0107	urban soundscape
EustonTap2_EQR_720p_0199	urban soundscape
EustonTap1_EQR_720p_0236	urban soundscape
TateModernSq1_0075_0124	urban soundscape
MarchmontGarden3_EQR_720p_0235	urban soundscape
MarchmontGarden2_EQR_720p_0300	urban soundscape
CamdenTown2_EQR_720p_0241	urban soundscape
CamdenTown4_EQR_720p_0101	urban soundscape
TorringtonSq4_EQR_720p_0135	urban soundscape
RusselSq2_EQR_720p_0153	urban soundscape
CamdenTown1_EQR_720p_0051	urban soundscape
RegentsParkJapan1_0060_0079	urban soundscape
MarchmontGarden3_EQR_720p_0089	urban soundscape
CamdenTown1_EQR_720p_0100	urban soundscape
StPaulsRow1_0097_0110	urban soundscape
TorringtonSq4_EQR_720p_0064	urban soundscape
CamdenTown3_EQR_720p_0052	urban soundscape
StPaulsCross1_EQR_720p_0191	urban soundscape
CamdenTown4_EQR_720p_0145	urban soundscape
StPaulsRow1_0097_0216	urban soundscape
TateModern1_EQR_720p_0097	urban soundscape
MarchmontGarden1_EQR_720p_0231	urban soundscape
