id	label
CamdenMarket1_EQR_720p_0000	urban soundscape
CamdenMarket1_EQR_720p_0001	urban soundscape
CamdenMarket1_EQR_720p_0002	urban soundscape
CamdenMarket1_EQR_720p_0003	urban soundscape
CamdenMarket1_EQR_720p_0004	urban soundscape
CamdenMarket1_EQR_720p_0005	urban soundscape
CamdenMarket1_EQR_720p_0006	urban soundscape
CamdenMarket1_EQR_720p_0007	urban soundscape
CamdenMarket1_EQR_720p_0008	urban soundscape
CamdenMarket1_EQR_720p_0009	urban soundscape
CamdenMarket1_EQR_720p_0010	urban soundscape
CamdenMarket1_EQR_720p_0011	urban soundscape
CamdenMarket1_EQR_720p_0012	urban soundscape
CamdenMarket1_EQR_720p_0013	urban soundscape
CamdenMarket1_EQR_720p_0014	urban soundscape
CamdenMarket1_EQR_720p_0015	urban soundscape
CamdenMarket1_EQR_720p_0016	urban soundscape
CamdenMarket1_EQR_720p_0017	urban soundscape
CamdenMarket1_EQR_720p_0018	urban soundscape
CamdenMarket1_EQR_720p_0019	urban soundscape
CamdenMarket1_EQR_720p_0020	urban soundscape
CamdenMarket1_EQR_720p_0021	urban soundscape
CamdenMarket1_EQR_720p_0022	urban soundscape
CamdenMarket1_EQR_720p_0023	urban soundscape
CamdenMarket1_EQR_720p_0024	urban soundscape
CamdenMarket1_EQR_720p_0025	urban soundscape
CamdenMarket1_EQR_720p_0026	urban soundscape
CamdenMarket1_EQR_720p_0027	urban soundscape
CamdenMarket1_EQR_720p_0028	urban soundscape
CamdenMarket1_EQR_720p_0029	urban soundscape
CamdenMarket1_EQR_720p_0030	urban soundscape
CamdenMarket1_EQR_720p_0031	urban soundscape
CamdenMarket1_EQR_720p_0032	urban soundscape
CamdenMarket1_EQR_720p_0033	urban soundscape
CamdenMarket1_EQR_720p_0034	urban soundscape
CamdenMarket1_EQR_720p_0035	urban soundscape
CamdenMarket1_EQR_720p_0036	urban soundscape
CamdenMarket1_EQR_720p_0037	urban soundscape
CamdenMarket1_EQR_720p_0038	urban soundscape
CamdenMarket1_EQR_720p_0039	urban soundscape
CamdenMarket1_EQR_720p_0040	urban soundscape
CamdenMarket1_EQR_720p_0041	urban soundscape
CamdenMarket1_EQR_720p_0042	urban soundscape
CamdenMarket1_EQR_720p_0043	urban soundscape
CamdenMarket1_EQR_720p_0044	urban soundscape
CamdenMarket1_EQR_720p_0045	urban soundscape
CamdenMarket1_EQR_720p_0046	urban soundscape
CamdenMarket1_EQR_720p_0047	urban soundscape
CamdenMarket1_EQR_720p_0048	urban soundscape
CamdenMarket1_EQR_720p_0049	urban soundscape
CamdenMarket1_EQR_720p_0050	urban soundscape
CamdenMarket1_EQR_720p_0051	urban soundscape
CamdenMarket1_EQR_720p_0052	urban soundscape
CamdenMarket1_EQR_720p_0053	urban soundscape
CamdenMarket1_EQR_720p_0054	urban soundscape
CamdenMarket1_EQR_720p_0055	urban soundscape
CamdenMarket1_EQR_720p_0056	urban soundscape
CamdenMarket1_EQR_720p_0057	urban soundscape
CamdenMarket1_EQR_720p_0058	urban soundscape
CamdenMarket1_EQR_720p_0059	urban soundscape
CamdenMarket1_EQR_720p_0060	urban soundscape
CamdenMarket1_EQR_720p_0061	urban soundscape
CamdenMarket1_EQR_720p_0062	urban soundscape
CamdenMarket1_EQR_720p_0063	urban soundscape
CamdenMarket1_EQR_720p_0064	urban soundscape
CamdenMarket1_EQR_720p_0065	urban soundscape
CamdenMarket1_EQR_720p_0066	urban soundscape
CamdenMarket1_EQR_720p_0067	urban soundscape
CamdenMarket1_EQR_720p_0068	urban soundscape
CamdenMarket1_EQR_720p_0069	urban soundscape
CamdenMarket1_EQR_720p_0070	urban soundscape
CamdenMarket1_EQR_720p_0071	urban soundscape
CamdenMarket1_EQR_720p_0072	urban soundscape
CamdenMarket1_EQR_720p_0073	urban soundscape
CamdenMarket1_EQR_720p_0074	urban soundscape
CamdenMarket1_EQR_720p_0075	urban soundscape
CamdenMarket1_EQR_720p_0076	urban soundscape
CamdenMarket1_EQR_720p_0077	urban soundscape
CamdenMarket1_EQR_720p_0078	urban soundscape
CamdenMarket1_EQR_720p_0079	urban soundscape
CamdenMarket1_EQR_720p_0080	urban soundscape
CamdenMarket1_EQR_720p_0081	urban soundscape
CamdenMarket1_EQR_720p_0082	urban soundscape
CamdenMarket1_EQR_720p_0083	urban soundscape
CamdenMarket1_EQR_720p_0084	urban soundscape
CamdenMarket1_EQR_720p_0085	urban soundscape
CamdenMarket1_EQR_720p_0086	urban soundscape
CamdenMarket1_EQR_720p_0087	urban soundscape
CamdenMarket1_EQR_720p_0088	urban soundscape
CamdenTown1_EQR_720p_0014	urban soundscape
CamdenTown1_EQR_720p_0015	urban soundscape
CamdenTown1_EQR_720p_0016	urban soundscape
CamdenTown1_EQR_720p_0017	urban soundscape
CamdenTown1_EQR_720p_0018	urban soundscape
CamdenTown1_EQR_720p_0019	urban soundscape
CamdenTown1_EQR_720p_0020	urban soundscape
CamdenTown1_EQR_720p_0021	urban soundscape
CamdenTown1_EQR_720p_0022	urban soundscape
CamdenTown1_EQR_720p_0023	urban soundscape
CamdenTown1_EQR_720p_0024	urban soundscape
CamdenTown1_EQR_720p_0025	urban soundscape
CamdenTown1_EQR_720p_0026	urban soundscape
CamdenTown1_EQR_720p_0027	urban soundscape
CamdenTown1_EQR_720p_0028	urban soundscape
CamdenTown1_EQR_720p_0029	urban soundscape
CamdenTown1_EQR_720p_0030	urban soundscape
CamdenTown1_EQR_720p_0031	urban soundscape
CamdenTown1_EQR_720p_0032	urban soundscape
CamdenTown1_EQR_720p_0033	urban soundscape
CamdenTown1_EQR_720p_0034	urban soundscape
CamdenTown1_EQR_720p_0035	urban soundscape
CamdenTown1_EQR_720p_0036	urban soundscape
CamdenTown1_EQR_720p_0037	urban soundscape
CamdenTown1_EQR_720p_0038	urban soundscape
CamdenTown1_EQR_720p_0039	urban soundscape
CamdenTown1_EQR_720p_0040	urban soundscape
CamdenTown1_EQR_720p_0041	urban soundscape
CamdenTown1_EQR_720p_0042	urban soundscape
CamdenTown1_EQR_720p_0043	urban soundscape
CamdenTown1_EQR_720p_0044	urban soundscape
CamdenTown1_EQR_720p_0045	urban soundscape
CamdenTown1_EQR_720p_0046	urban soundscape
CamdenTown1_EQR_720p_0047	urban soundscape
CamdenTown1_EQR_720p_0048	urban soundscape
CamdenTown1_EQR_720p_0049	urban soundscape
CamdenTown1_EQR_720p_0050	urban soundscape
CamdenTown1_EQR_720p_0051	urban soundscape
CamdenTown1_EQR_720p_0052	urban soundscape
CamdenTown1_EQR_720p_0053	urban soundscape
CamdenTown1_EQR_720p_0054	urban soundscape
CamdenTown1_EQR_720p_0055	urban soundscape
CamdenTown1_EQR_720p_0056	urban soundscape
CamdenTown1_EQR_720p_0057	urban soundscape
CamdenTown1_EQR_720p_0058	urban soundscape
CamdenTown1_EQR_720p_0059	urban soundscape
CamdenTown1_EQR_720p_0060	urban soundscape
CamdenTown1_EQR_720p_0061	urban soundscape
CamdenTown1_EQR_720p_0062	urban soundscape
CamdenTown1_EQR_720p_0063	urban soundscape
CamdenTown1_EQR_720p_0064	urban soundscape
CamdenTown1_EQR_720p_0065	urban soundscape
CamdenTown1_EQR_720p_0066	urban soundscape
CamdenTown1_EQR_720p_0067	urban soundscape
CamdenTown1_EQR_720p_0068	urban soundscape
CamdenTown1_EQR_720p_0069	urban soundscape
CamdenTown1_EQR_720p_0070	urban soundscape
CamdenTown1_EQR_720p_0071	urban soundscape
CamdenTown1_EQR_720p_0072	urban soundscape
CamdenTown1_EQR_720p_0073	urban soundscape
CamdenTown1_EQR_720p_0074	urban soundscape
CamdenTown1_EQR_720p_0075	urban soundscape
CamdenTown1_EQR_720p_0076	urban soundscape
CamdenTown1_EQR_720p_0077	urban soundscape
CamdenTown1_EQR_720p_0078	urban soundscape
CamdenTown1_EQR_720p_0079	urban soundscape
CamdenTown1_EQR_720p_0080	urban soundscape
CamdenTown1_EQR_720p_0081	urban soundscape
CamdenTown1_EQR_720p_0082	urban soundscape
CamdenTown1_EQR_720p_0083	urban soundscape
CamdenTown1_EQR_720p_0084	urban soundscape
CamdenTown1_EQR_720p_0085	urban soundscape
CamdenTown1_EQR_720p_0086	urban soundscape
CamdenTown1_EQR_720p_0087	urban soundscape
CamdenTown1_EQR_720p_0088	urban soundscape
CamdenTown1_EQR_720p_0089	urban soundscape
CamdenTown1_EQR_720p_0090	urban soundscape
CamdenTown1_EQR_720p_0091	urban soundscape
CamdenTown1_EQR_720p_0092	urban soundscape
CamdenTown1_EQR_720p_0093	urban soundscape
CamdenTown1_EQR_720p_0094	urban soundscape
CamdenTown1_EQR_720p_0095	urban soundscape
CamdenTown1_EQR_720p_0096	urban soundscape
CamdenTown1_EQR_720p_0097	urban soundscape
CamdenTown1_EQR_720p_0098	urban soundscape
CamdenTown1_EQR_720p_0099	urban soundscape
CamdenTown1_EQR_720p_0100	urban soundscape
CamdenTown1_EQR_720p_0101	urban soundscape
CamdenTown1_EQR_720p_0102	urban soundscape
CamdenTown1_EQR_720p_0103	urban soundscape
CamdenTown1_EQR_720p_0104	urban soundscape
CamdenTown1_EQR_720p_0105	urban soundscape
CamdenTown1_EQR_720p_0106	urban soundscape
CamdenTown1_EQR_720p_0107	urban soundscape
CamdenTown1_EQR_720p_0108	urban soundscape
CamdenTown1_EQR_720p_0109	urban soundscape
CamdenTown2_EQR_720p_0000	urban soundscape
CamdenTown2_EQR_720p_0001	urban soundscape
CamdenTown2_EQR_720p_0002	urban soundscape
CamdenTown2_EQR_720p_0003	urban soundscape
CamdenTown2_EQR_720p_0004	urban soundscape
CamdenTown2_EQR_720p_0005	urban soundscape
CamdenTown2_EQR_720p_0006	urban soundscape
CamdenTown2_EQR_720p_0007	urban soundscape
CamdenTown2_EQR_720p_0008	urban soundscape
CamdenTown2_EQR_720p_0009	urban soundscape
CamdenTown2_EQR_720p_0010	urban soundscape
CamdenTown2_EQR_720p_0011	urban soundscape
CamdenTown2_EQR_720p_0012	urban soundscape
CamdenTown2_EQR_720p_0013	urban soundscape
CamdenTown2_EQR_720p_0014	urban soundscape
CamdenTown2_EQR_720p_0015	urban soundscape
CamdenTown2_EQR_720p_0016	urban soundscape
CamdenTown2_EQR_720p_0017	urban soundscape
CamdenTown2_EQR_720p_0018	urban soundscape
CamdenTown2_EQR_720p_0019	urban soundscape
CamdenTown2_EQR_720p_0020	urban soundscape
CamdenTown2_EQR_720p_0021	urban soundscape
CamdenTown2_EQR_720p_0022	urban soundscape
CamdenTown2_EQR_720p_0023	urban soundscape
CamdenTown2_EQR_720p_0024	urban soundscape
CamdenTown2_EQR_720p_0025	urban soundscape
CamdenTown2_EQR_720p_0026	urban soundscape
CamdenTown2_EQR_720p_0027	urban soundscape
CamdenTown2_EQR_720p_0028	urban soundscape
CamdenTown2_EQR_720p_0029	urban soundscape
CamdenTown2_EQR_720p_0030	urban soundscape
CamdenTown2_EQR_720p_0031	urban soundscape
CamdenTown2_EQR_720p_0032	urban soundscape
CamdenTown2_EQR_720p_0033	urban soundscape
CamdenTown2_EQR_720p_0034	urban soundscape
CamdenTown2_EQR_720p_0035	urban soundscape
CamdenTown2_EQR_720p_0036	urban soundscape
CamdenTown2_EQR_720p_0037	urban soundscape
CamdenTown2_EQR_720p_0038	urban soundscape
CamdenTown2_EQR_720p_0039	urban soundscape
CamdenTown2_EQR_720p_0040	urban soundscape
CamdenTown2_EQR_720p_0041	urban soundscape
CamdenTown2_EQR_720p_0042	urban soundscape
CamdenTown2_EQR_720p_0043	urban soundscape
CamdenTown2_EQR_720p_0044	urban soundscape
CamdenTown2_EQR_720p_0045	urban soundscape
CamdenTown2_EQR_720p_0046	urban soundscape
CamdenTown2_EQR_720p_0047	urban soundscape
CamdenTown2_EQR_720p_0048	urban soundscape
CamdenTown2_EQR_720p_0049	urban soundscape
CamdenTown2_EQR_720p_0050	urban soundscape
CamdenTown2_EQR_720p_0051	urban soundscape
CamdenTown2_EQR_720p_0052	urban soundscape
CamdenTown2_EQR_720p_0053	urban soundscape
CamdenTown2_EQR_720p_0054	urban soundscape
CamdenTown2_EQR_720p_0055	urban soundscape
CamdenTown2_EQR_720p_0056	urban soundscape
CamdenTown2_EQR_720p_0057	urban soundscape
CamdenTown2_EQR_720p_0058	urban soundscape
CamdenTown2_EQR_720p_0059	urban soundscape
CamdenTown2_EQR_720p_0060	urban soundscape
CamdenTown2_EQR_720p_0061	urban soundscape
CamdenTown2_EQR_720p_0062	urban soundscape
CamdenTown2_EQR_720p_0063	urban soundscape
CamdenTown2_EQR_720p_0064	urban soundscape
CamdenTown2_EQR_720p_0065	urban soundscape
CamdenTown2_EQR_720p_0066	urban soundscape
CamdenTown2_EQR_720p_0067	urban soundscape
CamdenTown2_EQR_720p_0068	urban soundscape
CamdenTown2_EQR_720p_0069	urban soundscape
CamdenTown2_EQR_720p_0070	urban soundscape
CamdenTown2_EQR_720p_0071	urban soundscape
CamdenTown2_EQR_720p_0072	urban soundscape
CamdenTown2_EQR_720p_0073	urban soundscape
CamdenTown2_EQR_720p_0074	urban soundscape
CamdenTown2_EQR_720p_0075	urban soundscape
CamdenTown2_EQR_720p_0076	urban soundscape
CamdenTown2_EQR_720p_0077	urban soundscape
CamdenTown2_EQR_720p_0078	urban soundscape
CamdenTown2_EQR_720p_0079	urban soundscape
CamdenTown2_EQR_720p_0080	urban soundscape
CamdenTown2_EQR_720p_0081	urban soundscape
CamdenTown2_EQR_720p_0082	urban soundscape
CamdenTown2_EQR_720p_0083	urban soundscape
CamdenTown2_EQR_720p_0084	urban soundscape
CamdenTown2_EQR_720p_0085	urban soundscape
CamdenTown2_EQR_720p_0086	urban soundscape
CamdenTown2_EQR_720p_0087	urban soundscape
CamdenTown2_EQR_720p_0088	urban soundscape
CamdenTown2_EQR_720p_0089	urban soundscape
CamdenTown2_EQR_720p_0090	urban soundscape
CamdenTown2_EQR_720p_0091	urban soundscape
CamdenTown2_EQR_720p_0092	urban soundscape
CamdenTown2_EQR_720p_0093	urban soundscape
CamdenTown2_EQR_720p_0094	urban soundscape
CamdenTown2_EQR_720p_0095	urban soundscape
CamdenTown2_EQR_720p_0096	urban soundscape
CamdenTown2_EQR_720p_0097	urban soundscape
CamdenTown2_EQR_720p_0098	urban soundscape
CamdenTown3_EQR_720p_0001	urban soundscape
CamdenTown3_EQR_720p_0002	urban soundscape
CamdenTown3_EQR_720p_0003	urban soundscape
CamdenTown3_EQR_720p_0004	urban soundscape
CamdenTown3_EQR_720p_0005	urban soundscape
CamdenTown3_EQR_720p_0006	urban soundscape
CamdenTown3_EQR_720p_0007	urban soundscape
CamdenTown3_EQR_720p_0008	urban soundscape
CamdenTown3_EQR_720p_0009	urban soundscape
CamdenTown3_EQR_720p_0010	urban soundscape
CamdenTown3_EQR_720p_0011	urban soundscape
CamdenTown3_EQR_720p_0012	urban soundscape
CamdenTown3_EQR_720p_0013	urban soundscape
CamdenTown3_EQR_720p_0014	urban soundscape
CamdenTown3_EQR_720p_0015	urban soundscape
CamdenTown3_EQR_720p_0016	urban soundscape
CamdenTown3_EQR_720p_0017	urban soundscape
CamdenTown3_EQR_720p_0018	urban soundscape
CamdenTown3_EQR_720p_0019	urban soundscape
CamdenTown3_EQR_720p_0020	urban soundscape
CamdenTown3_EQR_720p_0021	urban soundscape
CamdenTown3_EQR_720p_0022	urban soundscape
CamdenTown3_EQR_720p_0023	urban soundscape
CamdenTown3_EQR_720p_0024	urban soundscape
CamdenTown3_EQR_720p_0025	urban soundscape
CamdenTown3_EQR_720p_0026	urban soundscape
CamdenTown3_EQR_720p_0027	urban soundscape
CamdenTown3_EQR_720p_0028	urban soundscape
CamdenTown3_EQR_720p_0029	urban soundscape
CamdenTown3_EQR_720p_0030	urban soundscape
CamdenTown3_EQR_720p_0031	urban soundscape
CamdenTown3_EQR_720p_0032	urban soundscape
CamdenTown3_EQR_720p_0033	urban soundscape
CamdenTown3_EQR_720p_0034	urban soundscape
CamdenTown3_EQR_720p_0035	urban soundscape
CamdenTown3_EQR_720p_0036	urban soundscape
CamdenTown3_EQR_720p_0037	urban soundscape
CamdenTown3_EQR_720p_0038	urban soundscape
CamdenTown3_EQR_720p_0039	urban soundscape
CamdenTown3_EQR_720p_0040	urban soundscape
CamdenTown3_EQR_720p_0041	urban soundscape
CamdenTown3_EQR_720p_0042	urban soundscape
CamdenTown3_EQR_720p_0043	urban soundscape
CamdenTown3_EQR_720p_0044	urban soundscape
CamdenTown3_EQR_720p_0045	urban soundscape
CamdenTown3_EQR_720p_0046	urban soundscape
CamdenTown3_EQR_720p_0047	urban soundscape
CamdenTown3_EQR_720p_0048	urban soundscape
CamdenTown3_EQR_720p_0049	urban soundscape
CamdenTown3_EQR_720p_0050	urban soundscape
CamdenTown3_EQR_720p_0051	urban soundscape
CamdenTown3_EQR_720p_0052	urban soundscape
CamdenTown3_EQR_720p_0053	urban soundscape
CamdenTown3_EQR_720p_0054	urban soundscape
CamdenTown3_EQR_720p_0055	urban soundscape
CamdenTown3_EQR_720p_0056	urban soundscape
CamdenTown3_EQR_720p_0057	urban soundscape
CamdenTown3_EQR_720p_0058	urban soundscape
CamdenTown3_EQR_720p_0059	urban soundscape
CamdenTown3_EQR_720p_0060	urban soundscape
CamdenTown3_EQR_720p_0061	urban soundscape
CamdenTown3_EQR_720p_0062	urban soundscape
CamdenTown3_EQR_720p_0063	urban soundscape
CamdenTown3_EQR_720p_0064	urban soundscape
CamdenTown3_EQR_720p_0065	urban soundscape
CamdenTown3_EQR_720p_0066	urban soundscape
CamdenTown3_EQR_720p_0067	urban soundscape
CamdenTown3_EQR_720p_0068	urban soundscape
CamdenTown3_EQR_720p_0069	urban soundscape
CamdenTown3_EQR_720p_0070	urban soundscape
CamdenTown3_EQR_720p_0071	urban soundscape
CamdenTown3_EQR_720p_0072	urban soundscape
CamdenTown3_EQR_720p_0073	urban soundscape
CamdenTown3_EQR_720p_0074	urban soundscape
CamdenTown3_EQR_720p_0075	urban soundscape
CamdenTown3_EQR_720p_0076	urban soundscape
CamdenTown3_EQR_720p_0077	urban soundscape
CamdenTown3_EQR_720p_0078	urban soundscape
CamdenTown3_EQR_720p_0079	urban soundscape
CamdenTown3_EQR_720p_0080	urban soundscape
CamdenTown3_EQR_720p_0081	urban soundscape
CamdenTown3_EQR_720p_0082	urban soundscape
CamdenTown3_EQR_720p_0083	urban soundscape
CamdenTown3_EQR_720p_0084	urban soundscape
CamdenTown3_EQR_720p_0085	urban soundscape
CamdenTown3_EQR_720p_0086	urban soundscape
CamdenTown3_EQR_720p_0087	urban soundscape
CamdenTown3_EQR_720p_0088	urban soundscape
CamdenTown3_EQR_720p_0089	urban soundscape
CamdenTown3_EQR_720p_0090	urban soundscape
CamdenTown3_EQR_720p_0091	urban soundscape
CamdenTown3_EQR_720p_0092	urban soundscape
CamdenTown4_EQR_720p_0001	urban soundscape
CamdenTown4_EQR_720p_0002	urban soundscape
CamdenTown4_EQR_720p_0003	urban soundscape
CamdenTown4_EQR_720p_0004	urban soundscape
CamdenTown4_EQR_720p_0005	urban soundscape
CamdenTown4_EQR_720p_0006	urban soundscape
CamdenTown4_EQR_720p_0007	urban soundscape
CamdenTown4_EQR_720p_0008	urban soundscape
CamdenTown4_EQR_720p_0009	urban soundscape
CamdenTown4_EQR_720p_0010	urban soundscape
CamdenTown4_EQR_720p_0011	urban soundscape
CamdenTown4_EQR_720p_0012	urban soundscape
CamdenTown4_EQR_720p_0013	urban soundscape
CamdenTown4_EQR_720p_0014	urban soundscape
CamdenTown4_EQR_720p_0015	urban soundscape
CamdenTown4_EQR_720p_0016	urban soundscape
CamdenTown4_EQR_720p_0017	urban soundscape
CamdenTown4_EQR_720p_0018	urban soundscape
CamdenTown4_EQR_720p_0019	urban soundscape
CamdenTown4_EQR_720p_0020	urban soundscape
CamdenTown4_EQR_720p_0021	urban soundscape
CamdenTown4_EQR_720p_0022	urban soundscape
CamdenTown4_EQR_720p_0023	urban soundscape
CamdenTown4_EQR_720p_0024	urban soundscape
CamdenTown4_EQR_720p_0025	urban soundscape
CamdenTown4_EQR_720p_0026	urban soundscape
CamdenTown4_EQR_720p_0027	urban soundscape
CamdenTown4_EQR_720p_0028	urban soundscape
CamdenTown4_EQR_720p_0029	urban soundscape
CamdenTown4_EQR_720p_0030	urban soundscape
CamdenTown4_EQR_720p_0031	urban soundscape
CamdenTown4_EQR_720p_0032	urban soundscape
CamdenTown4_EQR_720p_0033	urban soundscape
CamdenTown4_EQR_720p_0034	urban soundscape
CamdenTown4_EQR_720p_0035	urban soundscape
CamdenTown4_EQR_720p_0036	urban soundscape
CamdenTown4_EQR_720p_0037	urban soundscape
CamdenTown4_EQR_720p_0038	urban soundscape
CamdenTown4_EQR_720p_0039	urban soundscape
CamdenTown4_EQR_720p_0040	urban soundscape
CamdenTown4_EQR_720p_0041	urban soundscape
CamdenTown4_EQR_720p_0042	urban soundscape
CamdenTown4_EQR_720p_0043	urban soundscape
CamdenTown4_EQR_720p_0044	urban soundscape
CamdenTown4_EQR_720p_0045	urban soundscape
CamdenTown4_EQR_720p_0046	urban soundscape
CamdenTown4_EQR_720p_0047	urban soundscape
CamdenTown4_EQR_720p_0048	urban soundscape
CamdenTown4_EQR_720p_0049	urban soundscape
CamdenTown4_EQR_720p_0050	urban soundscape
CamdenTown4_EQR_720p_0051	urban soundscape
CamdenTown4_EQR_720p_0052	urban soundscape
CamdenTown4_EQR_720p_0053	urban soundscape
CamdenTown4_EQR_720p_0054	urban soundscape
CamdenTown4_EQR_720p_0055	urban soundscape
CamdenTown4_EQR_720p_0056	urban soundscape
CamdenTown4_EQR_720p_0057	urban soundscape
CamdenTown4_EQR_720p_0058	urban soundscape
CamdenTown4_EQR_720p_0059	urban soundscape
CamdenTown4_EQR_720p_0060	urban soundscape
CamdenTown4_EQR_720p_0061	urban soundscape
CamdenTown4_EQR_720p_0062	urban soundscape
CamdenTown4_EQR_720p_0063	urban soundscape
CamdenTown4_EQR_720p_0064	urban soundscape
CamdenTown4_EQR_720p_0065	urban soundscape
CamdenTown4_EQR_720p_0066	urban soundscape
CamdenTown4_EQR_720p_0067	urban soundscape
CamdenTown4_EQR_720p_0068	urban soundscape
CamdenTown4_EQR_720p_0069	urban soundscape
CamdenTown4_EQR_720p_0070	urban soundscape
CamdenTown4_EQR_720p_0071	urban soundscape
CamdenTown4_EQR_720p_0072	urban soundscape
CamdenTown4_EQR_720p_0073	urban soundscape
CamdenTown4_EQR_720p_0074	urban soundscape
CamdenTown4_EQR_720p_0075	urban soundscape
CamdenTown4_EQR_720p_0076	urban soundscape
CamdenTown4_EQR_720p_0077	urban soundscape
CamdenTown4_EQR_720p_0078	urban soundscape
CamdenTown4_EQR_720p_0079	urban soundscape
CamdenTown4_EQR_720p_0080	urban soundscape
CamdenTown4_EQR_720p_0081	urban soundscape
CamdenTown4_EQR_720p_0082	urban soundscape
CamdenTown4_EQR_720p_0083	urban soundscape
CamdenTown4_EQR_720p_0084	urban soundscape
CamdenTown4_EQR_720p_0085	urban soundscape
CamdenTown4_EQR_720p_0086	urban soundscape
CamdenTown4_EQR_720p_0087	urban soundscape
CamdenTown4_EQR_720p_0088	urban soundscape
CamdenTown4_EQR_720p_0089	urban soundscape
CamdenTown4_EQR_720p_0090	urban soundscape
EustonTap1_EQR_720p_0002	urban soundscape
EustonTap1_EQR_720p_0003	urban soundscape
EustonTap1_EQR_720p_0004	urban soundscape
EustonTap1_EQR_720p_0005	urban soundscape
EustonTap1_EQR_720p_0006	urban soundscape
EustonTap1_EQR_720p_0007	urban soundscape
EustonTap1_EQR_720p_0008	urban soundscape
EustonTap1_EQR_720p_0009	urban soundscape
EustonTap1_EQR_720p_0010	urban soundscape
EustonTap1_EQR_720p_0011	urban soundscape
EustonTap1_EQR_720p_0012	urban soundscape
EustonTap1_EQR_720p_0013	urban soundscape
EustonTap1_EQR_720p_0014	urban soundscape
EustonTap1_EQR_720p_0015	urban soundscape
EustonTap1_EQR_720p_0016	urban soundscape
EustonTap1_EQR_720p_0017	urban soundscape
EustonTap1_EQR_720p_0018	urban soundscape
EustonTap1_EQR_720p_0019	urban soundscape
EustonTap1_EQR_720p_0020	urban soundscape
EustonTap1_EQR_720p_0021	urban soundscape
EustonTap1_EQR_720p_0022	urban soundscape
EustonTap1_EQR_720p_0023	urban soundscape
EustonTap1_EQR_720p_0024	urban soundscape
EustonTap1_EQR_720p_0025	urban soundscape
EustonTap1_EQR_720p_0026	urban soundscape
EustonTap1_EQR_720p_0027	urban soundscape
EustonTap1_EQR_720p_0028	urban soundscape
EustonTap1_EQR_720p_0029	urban soundscape
EustonTap1_EQR_720p_0030	urban soundscape
EustonTap1_EQR_720p_0031	urban soundscape
EustonTap1_EQR_720p_0032	urban soundscape
EustonTap1_EQR_720p_0033	urban soundscape
EustonTap1_EQR_720p_0034	urban soundscape
EustonTap1_EQR_720p_0035	urban soundscape
EustonTap1_EQR_720p_0036	urban soundscape
EustonTap1_EQR_720p_0037	urban soundscape
EustonTap1_EQR_720p_0038	urban soundscape
EustonTap1_EQR_720p_0039	urban soundscape
EustonTap1_EQR_720p_0040	urban soundscape
EustonTap1_EQR_720p_0041	urban soundscape
EustonTap1_EQR_720p_0042	urban soundscape
EustonTap1_EQR_720p_0043	urban soundscape
EustonTap1_EQR_720p_0044	urban soundscape
EustonTap1_EQR_720p_0045	urban soundscape
EustonTap1_EQR_720p_0046	urban soundscape
EustonTap1_EQR_720p_0047	urban soundscape
EustonTap1_EQR_720p_0048	urban soundscape
EustonTap1_EQR_720p_0049	urban soundscape
EustonTap1_EQR_720p_0050	urban soundscape
EustonTap1_EQR_720p_0051	urban soundscape
EustonTap1_EQR_720p_0052	urban soundscape
EustonTap1_EQR_720p_0053	urban soundscape
EustonTap1_EQR_720p_0054	urban soundscape
EustonTap1_EQR_720p_0055	urban soundscape
EustonTap1_EQR_720p_0056	urban soundscape
EustonTap1_EQR_720p_0057	urban soundscape
EustonTap1_EQR_720p_0058	urban soundscape
EustonTap1_EQR_720p_0059	urban soundscape
EustonTap1_EQR_720p_0060	urban soundscape
EustonTap1_EQR_720p_0061	urban soundscape
EustonTap1_EQR_720p_0062	urban soundscape
EustonTap1_EQR_720p_0063	urban soundscape
EustonTap1_EQR_720p_0064	urban soundscape
EustonTap1_EQR_720p_0065	urban soundscape
EustonTap1_EQR_720p_0066	urban soundscape
EustonTap1_EQR_720p_0067	urban soundscape
EustonTap1_EQR_720p_0068	urban soundscape
EustonTap1_EQR_720p_0069	urban soundscape
EustonTap1_EQR_720p_0070	urban soundscape
EustonTap1_EQR_720p_0071	urban soundscape
EustonTap1_EQR_720p_0072	urban soundscape
EustonTap1_EQR_720p_0073	urban soundscape
EustonTap1_EQR_720p_0074	urban soundscape
EustonTap1_EQR_720p_0075	urban soundscape
EustonTap1_EQR_720p_0076	urban soundscape
EustonTap1_EQR_720p_0077	urban soundscape
EustonTap1_EQR_720p_0078	urban soundscape
EustonTap1_EQR_720p_0079	urban soundscape
EustonTap1_EQR_720p_0080	urban soundscape
EustonTap1_EQR_720p_0081	urban soundscape
EustonTap1_EQR_720p_0082	urban soundscape
EustonTap1_EQR_720p_0083	urban soundscape
EustonTap1_EQR_720p_0084	urban soundscape
EustonTap1_EQR_720p_0085	urban soundscape
EustonTap1_EQR_720p_0086	urban soundscape
EustonTap1_EQR_720p_0087	urban soundscape
EustonTap1_EQR_720p_0088	urban soundscape
EustonTap1_EQR_720p_0089	urban soundscape
EustonTap1_EQR_720p_0090	urban soundscape
EustonTap1_EQR_720p_0091	urban soundscape
EustonTap2_EQR_720p_0002	urban soundscape
EustonTap2_EQR_720p_0003	urban soundscape
EustonTap2_EQR_720p_0004	urban soundscape
EustonTap2_EQR_720p_0005	urban soundscape
EustonTap2_EQR_720p_0006	urban soundscape
EustonTap2_EQR_720p_0007	urban soundscape
EustonTap2_EQR_720p_0008	urban soundscape
EustonTap2_EQR_720p_0009	urban soundscape
EustonTap2_EQR_720p_0010	urban soundscape
EustonTap2_EQR_720p_0011	urban soundscape
EustonTap2_EQR_720p_0012	urban soundscape
EustonTap2_EQR_720p_0013	urban soundscape
EustonTap2_EQR_720p_0014	urban soundscape
EustonTap2_EQR_720p_0015	urban soundscape
EustonTap2_EQR_720p_0016	urban soundscape
EustonTap2_EQR_720p_0017	urban soundscape
EustonTap2_EQR_720p_0018	urban soundscape
EustonTap2_EQR_720p_0019	urban soundscape
EustonTap2_EQR_720p_0020	urban soundscape
EustonTap2_EQR_720p_0021	urban soundscape
EustonTap2_EQR_720p_0022	urban soundscape
EustonTap2_EQR_720p_0023	urban soundscape
EustonTap2_EQR_720p_0024	urban soundscape
EustonTap2_EQR_720p_0025	urban soundscape
EustonTap2_EQR_720p_0026	urban soundscape
EustonTap2_EQR_720p_0027	urban soundscape
EustonTap2_EQR_720p_0028	urban soundscape
EustonTap2_EQR_720p_0029	urban soundscape
EustonTap2_EQR_720p_0030	urban soundscape
EustonTap2_EQR_720p_0031	urban soundscape
EustonTap2_EQR_720p_0032	urban soundscape
EustonTap2_EQR_720p_0033	urban soundscape
EustonTap2_EQR_720p_0034	urban soundscape
EustonTap2_EQR_720p_0035	urban soundscape
EustonTap2_EQR_720p_0036	urban soundscape
EustonTap2_EQR_720p_0037	urban soundscape
EustonTap2_EQR_720p_0038	urban soundscape
EustonTap2_EQR_720p_0039	urban soundscape
EustonTap2_EQR_720p_0040	urban soundscape
EustonTap2_EQR_720p_0041	urban soundscape
EustonTap2_EQR_720p_0042	urban soundscape
EustonTap2_EQR_720p_0043	urban soundscape
EustonTap2_EQR_720p_0044	urban soundscape
EustonTap2_EQR_720p_0045	urban soundscape
EustonTap2_EQR_720p_0046	urban soundscape
EustonTap2_EQR_720p_0047	urban soundscape
EustonTap2_EQR_720p_0048	urban soundscape
EustonTap2_EQR_720p_0049	urban soundscape
EustonTap2_EQR_720p_0050	urban soundscape
EustonTap2_EQR_720p_0051	urban soundscape
EustonTap2_EQR_720p_0052	urban soundscape
EustonTap2_EQR_720p_0053	urban soundscape
EustonTap2_EQR_720p_0054	urban soundscape
EustonTap2_EQR_720p_0055	urban soundscape
EustonTap2_EQR_720p_0056	urban soundscape
EustonTap2_EQR_720p_0057	urban soundscape
EustonTap2_EQR_720p_0058	urban soundscape
EustonTap2_EQR_720p_0059	urban soundscape
EustonTap2_EQR_720p_0060	urban soundscape
EustonTap2_EQR_720p_0061	urban soundscape
EustonTap2_EQR_720p_0062	urban soundscape
EustonTap2_EQR_720p_0063	urban soundscape
EustonTap2_EQR_720p_0064	urban soundscape
EustonTap2_EQR_720p_0065	urban soundscape
EustonTap2_EQR_720p_0066	urban soundscape
EustonTap2_EQR_720p_0067	urban soundscape
EustonTap2_EQR_720p_0068	urban soundscape
EustonTap2_EQR_720p_0069	urban soundscape
EustonTap2_EQR_720p_0070	urban soundscape
EustonTap2_EQR_720p_0071	urban soundscape
EustonTap2_EQR_720p_0072	urban soundscape
EustonTap2_EQR_720p_0073	urban soundscape
EustonTap2_EQR_720p_0074	urban soundscape
EustonTap2_EQR_720p_0075	urban soundscape
EustonTap2_EQR_720p_0076	urban soundscape
EustonTap2_EQR_720p_0077	urban soundscape
EustonTap2_EQR_720p_0078	urban soundscape
EustonTap2_EQR_720p_0079	urban soundscape
EustonTap2_EQR_720p_0080	urban soundscape
EustonTap2_EQR_720p_0081	urban soundscape
EustonTap2_EQR_720p_0082	urban soundscape
EustonTap2_EQR_720p_0083	urban soundscape
EustonTap2_EQR_720p_0084	urban soundscape
EustonTap2_EQR_720p_0085	urban soundscape
EustonTap2_EQR_720p_0086	urban soundscape
EustonTap2_EQR_720p_0087	urban soundscape
EustonTap3_0347_0011	urban soundscape
EustonTap3_0347_0012	urban soundscape
EustonTap3_0347_0013	urban soundscape
EustonTap3_0347_0014	urban soundscape
EustonTap3_0347_0015	urban soundscape
EustonTap3_0347_0016	urban soundscape
EustonTap3_0347_0017	urban soundscape
EustonTap3_0347_0018	urban soundscape
EustonTap3_0347_0019	urban soundscape
EustonTap3_0347_0020	urban soundscape
EustonTap3_0347_0021	urban soundscape
EustonTap3_0347_0022	urban soundscape
EustonTap3_0347_0023	urban soundscape
EustonTap3_0347_0024	urban soundscape
EustonTap3_0347_0025	urban soundscape
EustonTap3_0347_0026	urban soundscape
EustonTap3_0347_0027	urban soundscape
EustonTap3_0347_0028	urban soundscape
EustonTap3_0347_0029	urban soundscape
EustonTap3_0347_0030	urban soundscape
EustonTap3_0347_0031	urban soundscape
EustonTap3_0347_0032	urban soundscape
EustonTap3_0347_0033	urban soundscape
EustonTap3_0347_0034	urban soundscape
EustonTap3_0347_0035	urban soundscape
EustonTap3_0347_0036	urban soundscape
EustonTap3_0347_0037	urban soundscape
EustonTap3_0347_0038	urban soundscape
EustonTap3_0347_0039	urban soundscape
EustonTap3_0347_0040	urban soundscape
EustonTap3_0347_0041	urban soundscape
EustonTap3_0347_0042	urban soundscape
EustonTap3_0347_0043	urban soundscape
EustonTap3_0347_0044	urban soundscape
EustonTap3_0347_0045	urban soundscape
EustonTap3_0347_0046	urban soundscape
EustonTap3_0347_0047	urban soundscape
EustonTap3_0347_0048	urban soundscape
EustonTap3_0347_0049	urban soundscape
EustonTap3_0347_0050	urban soundscape
EustonTap3_0347_0051	urban soundscape
EustonTap3_0347_0052	urban soundscape
EustonTap3_0347_0053	urban soundscape
EustonTap3_0347_0054	urban soundscape
EustonTap3_0347_0055	urban soundscape
EustonTap3_0347_0056	urban soundscape
EustonTap3_0347_0057	urban soundscape
EustonTap3_0347_0058	urban soundscape
EustonTap3_0347_0059	urban soundscape
EustonTap3_0347_0060	urban soundscape
EustonTap3_0347_0061	urban soundscape
EustonTap3_0347_0062	urban soundscape
MarchmontGarden1_EQR_720p_0014	urban soundscape
MarchmontGarden1_EQR_720p_0015	urban soundscape
MarchmontGarden1_EQR_720p_0016	urban soundscape
MarchmontGarden1_EQR_720p_0017	urban soundscape
MarchmontGarden1_EQR_720p_0018	urban soundscape
MarchmontGarden1_EQR_720p_0019	urban soundscape
MarchmontGarden1_EQR_720p_0020	urban soundscape
MarchmontGarden1_EQR_720p_0021	urban soundscape
MarchmontGarden1_EQR_720p_0022	urban soundscape
MarchmontGarden1_EQR_720p_0023	urban soundscape
MarchmontGarden1_EQR_720p_0024	urban soundscape
MarchmontGarden1_EQR_720p_0025	urban soundscape
MarchmontGarden1_EQR_720p_0026	urban soundscape
MarchmontGarden1_EQR_720p_0027	urban soundscape
MarchmontGarden1_EQR_720p_0028	urban soundscape
MarchmontGarden1_EQR_720p_0029	urban soundscape
MarchmontGarden1_EQR_720p_0030	urban soundscape
MarchmontGarden1_EQR_720p_0031	urban soundscape
MarchmontGarden1_EQR_720p_0032	urban soundscape
MarchmontGarden1_EQR_720p_0033	urban soundscape
MarchmontGarden1_EQR_720p_0034	urban soundscape
MarchmontGarden1_EQR_720p_0035	urban soundscape
MarchmontGarden1_EQR_720p_0036	urban soundscape
MarchmontGarden1_EQR_720p_0037	urban soundscape
MarchmontGarden1_EQR_720p_0038	urban soundscape
MarchmontGarden1_EQR_720p_0039	urban soundscape
MarchmontGarden1_EQR_720p_0040	urban soundscape
MarchmontGarden1_EQR_720p_0041	urban soundscape
MarchmontGarden1_EQR_720p_0042	urban soundscape
MarchmontGarden1_EQR_720p_0043	urban soundscape
MarchmontGarden1_EQR_720p_0044	urban soundscape
MarchmontGarden1_EQR_720p_0045	urban soundscape
MarchmontGarden1_EQR_720p_0046	urban soundscape
MarchmontGarden1_EQR_720p_0047	urban soundscape
MarchmontGarden1_EQR_720p_0048	urban soundscape
MarchmontGarden1_EQR_720p_0049	urban soundscape
MarchmontGarden1_EQR_720p_0050	urban soundscape
MarchmontGarden1_EQR_720p_0051	urban soundscape
MarchmontGarden1_EQR_720p_0052	urban soundscape
MarchmontGarden1_EQR_720p_0053	urban soundscape
MarchmontGarden1_EQR_720p_0054	urban soundscape
MarchmontGarden1_EQR_720p_0055	urban soundscape
MarchmontGarden1_EQR_720p_0056	urban soundscape
MarchmontGarden1_EQR_720p_0057	urban soundscape
MarchmontGarden1_EQR_720p_0058	urban soundscape
MarchmontGarden1_EQR_720p_0059	urban soundscape
MarchmontGarden1_EQR_720p_0060	urban soundscape
MarchmontGarden1_EQR_720p_0061	urban soundscape
MarchmontGarden1_EQR_720p_0062	urban soundscape
MarchmontGarden1_EQR_720p_0063	urban soundscape
MarchmontGarden1_EQR_720p_0064	urban soundscape
MarchmontGarden1_EQR_720p_0065	urban soundscape
MarchmontGarden1_EQR_720p_0066	urban soundscape
MarchmontGarden1_EQR_720p_0067	urban soundscape
MarchmontGarden1_EQR_720p_0068	urban soundscape
MarchmontGarden1_EQR_720p_0069	urban soundscape
MarchmontGarden1_EQR_720p_0070	urban soundscape
MarchmontGarden1_EQR_720p_0071	urban soundscape
MarchmontGarden1_EQR_720p_0072	urban soundscape
MarchmontGarden1_EQR_720p_0073	urban soundscape
MarchmontGarden1_EQR_720p_0074	urban soundscape
MarchmontGarden1_EQR_720p_0075	urban soundscape
MarchmontGarden1_EQR_720p_0076	urban soundscape
MarchmontGarden1_EQR_720p_0077	urban soundscape
MarchmontGarden1_EQR_720p_0078	urban soundscape
MarchmontGarden1_EQR_720p_0079	urban soundscape
MarchmontGarden1_EQR_720p_0080	urban soundscape
MarchmontGarden1_EQR_720p_0081	urban soundscape
MarchmontGarden1_EQR_720p_0082	urban soundscape
MarchmontGarden1_EQR_720p_0083	urban soundscape
MarchmontGarden1_EQR_720p_0084	urban soundscape
MarchmontGarden1_EQR_720p_0085	urban soundscape
MarchmontGarden1_EQR_720p_0086	urban soundscape
MarchmontGarden1_EQR_720p_0087	urban soundscape
MarchmontGarden1_EQR_720p_0088	urban soundscape
MarchmontGarden1_EQR_720p_0089	urban soundscape
MarchmontGarden1_EQR_720p_0090	urban soundscape
MarchmontGarden1_EQR_720p_0091	urban soundscape
MarchmontGarden1_EQR_720p_0092	urban soundscape
MarchmontGarden1_EQR_720p_0093	urban soundscape
MarchmontGarden1_EQR_720p_0094	urban soundscape
MarchmontGarden1_EQR_720p_0095	urban soundscape
MarchmontGarden1_EQR_720p_0096	urban soundscape
MarchmontGarden1_EQR_720p_0097	urban soundscape
MarchmontGarden1_EQR_720p_0098	urban soundscape
MarchmontGarden1_EQR_720p_0099	urban soundscape
MarchmontGarden1_EQR_720p_0100	urban soundscape
MarchmontGarden1_EQR_720p_0101	urban soundscape
MarchmontGarden1_EQR_720p_0102	urban soundscape
MarchmontGarden1_EQR_720p_0103	urban soundscape
MarchmontGarden1_EQR_720p_0104	urban soundscape
MarchmontGarden1_EQR_720p_0105	urban soundscape
MarchmontGarden1_EQR_720p_0106	urban soundscape
MarchmontGarden1_EQR_720p_0107	urban soundscape
MarchmontGarden1_EQR_720p_0108	urban soundscape
MarchmontGarden1_EQR_720p_0109	urban soundscape
MarchmontGarden1_EQR_720p_0110	urban soundscape
MarchmontGarden1_EQR_720p_0111	urban soundscape
MarchmontGarden1_EQR_720p_0112	urban soundscape
MarchmontGarden1_EQR_720p_0113	urban soundscape
MarchmontGarden1_EQR_720p_0114	urban soundscape
MarchmontGarden1_EQR_720p_0115	urban soundscape
MarchmontGarden1_EQR_720p_0116	urban soundscape
MarchmontGarden2_EQR_720p_0001	urban soundscape
MarchmontGarden2_EQR_720p_0002	urban soundscape
MarchmontGarden2_EQR_720p_0003	urban soundscape
MarchmontGarden2_EQR_720p_0004	urban soundscape
MarchmontGarden2_EQR_720p_0005	urban soundscape
MarchmontGarden2_EQR_720p_0006	urban soundscape
MarchmontGarden2_EQR_720p_0007	urban soundscape
MarchmontGarden2_EQR_720p_0008	urban soundscape
MarchmontGarden2_EQR_720p_0009	urban soundscape
MarchmontGarden2_EQR_720p_0010	urban soundscape
MarchmontGarden2_EQR_720p_0011	urban soundscape
MarchmontGarden2_EQR_720p_0012	urban soundscape
MarchmontGarden2_EQR_720p_0013	urban soundscape
MarchmontGarden2_EQR_720p_0014	urban soundscape
MarchmontGarden2_EQR_720p_0015	urban soundscape
MarchmontGarden2_EQR_720p_0016	urban soundscape
MarchmontGarden2_EQR_720p_0017	urban soundscape
MarchmontGarden2_EQR_720p_0018	urban soundscape
MarchmontGarden2_EQR_720p_0019	urban soundscape
MarchmontGarden2_EQR_720p_0020	urban soundscape
MarchmontGarden2_EQR_720p_0021	urban soundscape
MarchmontGarden2_EQR_720p_0022	urban soundscape
MarchmontGarden2_EQR_720p_0023	urban soundscape
MarchmontGarden2_EQR_720p_0024	urban soundscape
MarchmontGarden2_EQR_720p_0025	urban soundscape
MarchmontGarden2_EQR_720p_0026	urban soundscape
MarchmontGarden2_EQR_720p_0027	urban soundscape
MarchmontGarden2_EQR_720p_0028	urban soundscape
MarchmontGarden2_EQR_720p_0029	urban soundscape
MarchmontGarden2_EQR_720p_0030	urban soundscape
MarchmontGarden2_EQR_720p_0031	urban soundscape
MarchmontGarden2_EQR_720p_0032	urban soundscape
MarchmontGarden2_EQR_720p_0033	urban soundscape
MarchmontGarden2_EQR_720p_0034	urban soundscape
MarchmontGarden2_EQR_720p_0035	urban soundscape
MarchmontGarden2_EQR_720p_0036	urban soundscape
MarchmontGarden2_EQR_720p_0037	urban soundscape
MarchmontGarden2_EQR_720p_0038	urban soundscape
MarchmontGarden2_EQR_720p_0039	urban soundscape
MarchmontGarden2_EQR_720p_0040	urban soundscape
MarchmontGarden2_EQR_720p_0041	urban soundscape
MarchmontGarden2_EQR_720p_0042	urban soundscape
MarchmontGarden2_EQR_720p_0043	urban soundscape
MarchmontGarden2_EQR_720p_0044	urban soundscape
MarchmontGarden2_EQR_720p_0045	urban soundscape
MarchmontGarden2_EQR_720p_0046	urban soundscape
MarchmontGarden2_EQR_720p_0047	urban soundscape
MarchmontGarden2_EQR_720p_0048	urban soundscape
MarchmontGarden2_EQR_720p_0049	urban soundscape
MarchmontGarden2_EQR_720p_0050	urban soundscape
MarchmontGarden2_EQR_720p_0051	urban soundscape
MarchmontGarden2_EQR_720p_0052	urban soundscape
MarchmontGarden2_EQR_720p_0053	urban soundscape
MarchmontGarden2_EQR_720p_0054	urban soundscape
MarchmontGarden2_EQR_720p_0055	urban soundscape
MarchmontGarden2_EQR_720p_0056	urban soundscape
MarchmontGarden2_EQR_720p_0057	urban soundscape
MarchmontGarden2_EQR_720p_0058	urban soundscape
MarchmontGarden2_EQR_720p_0059	urban soundscape
MarchmontGarden2_EQR_720p_0060	urban soundscape
MarchmontGarden2_EQR_720p_0061	urban soundscape
MarchmontGarden2_EQR_720p_0062	urban soundscape
MarchmontGarden2_EQR_720p_0063	urban soundscape
MarchmontGarden2_EQR_720p_0064	urban soundscape
MarchmontGarden2_EQR_720p_0065	urban soundscape
MarchmontGarden2_EQR_720p_0066	urban soundscape
MarchmontGarden2_EQR_720p_0067	urban soundscape
MarchmontGarden2_EQR_720p_0068	urban soundscape
MarchmontGarden2_EQR_720p_0069	urban soundscape
MarchmontGarden2_EQR_720p_0070	urban soundscape
MarchmontGarden2_EQR_720p_0071	urban soundscape
MarchmontGarden2_EQR_720p_0072	urban soundscape
MarchmontGarden2_EQR_720p_0073	urban soundscape
MarchmontGarden2_EQR_720p_0074	urban soundscape
MarchmontGarden2_EQR_720p_0075	urban soundscape
MarchmontGarden2_EQR_720p_0076	urban soundscape
MarchmontGarden2_EQR_720p_0077	urban soundscape
MarchmontGarden2_EQR_720p_0078	urban soundscape
MarchmontGarden2_EQR_720p_0079	urban soundscape
MarchmontGarden2_EQR_720p_0080	urban soundscape
MarchmontGarden2_EQR_720p_0081	urban soundscape
MarchmontGarden2_EQR_720p_0082	urban soundscape
MarchmontGarden2_EQR_720p_0083	urban soundscape
MarchmontGarden2_EQR_720p_0084	urban soundscape
MarchmontGarden2_EQR_720p_0085	urban soundscape
MarchmontGarden2_EQR_720p_0086	urban soundscape
MarchmontGarden2_EQR_720p_0087	urban soundscape
MarchmontGarden2_EQR_720p_0088	urban soundscape
MarchmontGarden2_EQR_720p_0089	urban soundscape
MarchmontGarden2_EQR_720p_0090	urban soundscape
MarchmontGarden2_EQR_720p_0091	urban soundscape
MarchmontGarden2_EQR_720p_0092	urban soundscape
MarchmontGarden2_EQR_720p_0093	urban soundscape
MarchmontGarden2_EQR_720p_0094	urban soundscape
MarchmontGarden2_EQR_720p_0095	urban soundscape
MarchmontGarden2_EQR_720p_0096	urban soundscape
MarchmontGarden2_EQR_720p_0097	urban soundscape
MarchmontGarden2_EQR_720p_0098	urban soundscape
MarchmontGarden2_EQR_720p_0099	urban soundscape
MarchmontGarden2_EQR_720p_0100	urban soundscape
MarchmontGarden2_EQR_720p_0101	urban soundscape
MarchmontGarden2_EQR_720p_0102	urban soundscape
MarchmontGarden2_EQR_720p_0103	urban soundscape
MarchmontGarden2_EQR_720p_0104	urban soundscape
MarchmontGarden2_EQR_720p_0105	urban soundscape
MarchmontGarden2_EQR_720p_0106	urban soundscape
MarchmontGarden2_EQR_720p_0107	urban soundscape
MarchmontGarden2_EQR_720p_0108	urban soundscape
MarchmontGarden2_EQR_720p_0109	urban soundscape
MarchmontGarden2_EQR_720p_0110	urban soundscape
MarchmontGarden2_EQR_720p_0111	urban soundscape
MarchmontGarden2_EQR_720p_0112	urban soundscape
MarchmontGarden2_EQR_720p_0113	urban soundscape
MarchmontGarden2_EQR_720p_0114	urban soundscape
MarchmontGarden2_EQR_720p_0115	urban soundscape
MarchmontGarden2_EQR_720p_0116	urban soundscape
MarchmontGarden2_EQR_720p_0117	urban soundscape
MarchmontGarden2_EQR_720p_0118	urban soundscape
MarchmontGarden2_EQR_720p_0119	urban soundscape
MarchmontGarden2_EQR_720p_0120	urban soundscape
MarchmontGarden2_EQR_720p_0121	urban soundscape
MarchmontGarden2_EQR_720p_0122	urban soundscape
MarchmontGarden2_EQR_720p_0123	urban soundscape
MarchmontGarden2_EQR_720p_0124	urban soundscape
MarchmontGarden2_EQR_720p_0125	urban soundscape
MarchmontGarden2_EQR_720p_0126	urban soundscape
MarchmontGarden2_EQR_720p_0127	urban soundscape
MarchmontGarden2_EQR_720p_0128	urban soundscape
MarchmontGarden2_EQR_720p_0129	urban soundscape
MarchmontGarden3_EQR_720p_0002	urban soundscape
MarchmontGarden3_EQR_720p_0003	urban soundscape
MarchmontGarden3_EQR_720p_0004	urban soundscape
MarchmontGarden3_EQR_720p_0005	urban soundscape
MarchmontGarden3_EQR_720p_0006	urban soundscape
MarchmontGarden3_EQR_720p_0007	urban soundscape
MarchmontGarden3_EQR_720p_0008	urban soundscape
MarchmontGarden3_EQR_720p_0009	urban soundscape
MarchmontGarden3_EQR_720p_0010	urban soundscape
MarchmontGarden3_EQR_720p_0011	urban soundscape
MarchmontGarden3_EQR_720p_0012	urban soundscape
MarchmontGarden3_EQR_720p_0013	urban soundscape
MarchmontGarden3_EQR_720p_0014	urban soundscape
MarchmontGarden3_EQR_720p_0015	urban soundscape
MarchmontGarden3_EQR_720p_0016	urban soundscape
MarchmontGarden3_EQR_720p_0017	urban soundscape
MarchmontGarden3_EQR_720p_0018	urban soundscape
MarchmontGarden3_EQR_720p_0019	urban soundscape
MarchmontGarden3_EQR_720p_0020	urban soundscape
MarchmontGarden3_EQR_720p_0021	urban soundscape
MarchmontGarden3_EQR_720p_0022	urban soundscape
MarchmontGarden3_EQR_720p_0023	urban soundscape
MarchmontGarden3_EQR_720p_0024	urban soundscape
MarchmontGarden3_EQR_720p_0025	urban soundscape
MarchmontGarden3_EQR_720p_0026	urban soundscape
MarchmontGarden3_EQR_720p_0027	urban soundscape
MarchmontGarden3_EQR_720p_0028	urban soundscape
MarchmontGarden3_EQR_720p_0029	urban soundscape
MarchmontGarden3_EQR_720p_0030	urban soundscape
MarchmontGarden3_EQR_720p_0031	urban soundscape
MarchmontGarden3_EQR_720p_0032	urban soundscape
MarchmontGarden3_EQR_720p_0033	urban soundscape
MarchmontGarden3_EQR_720p_0034	urban soundscape
MarchmontGarden3_EQR_720p_0035	urban soundscape
MarchmontGarden3_EQR_720p_0036	urban soundscape
MarchmontGarden3_EQR_720p_0037	urban soundscape
MarchmontGarden3_EQR_720p_0038	urban soundscape
MarchmontGarden3_EQR_720p_0039	urban soundscape
MarchmontGarden3_EQR_720p_0040	urban soundscape
MarchmontGarden3_EQR_720p_0041	urban soundscape
MarchmontGarden3_EQR_720p_0042	urban soundscape
MarchmontGarden3_EQR_720p_0043	urban soundscape
MarchmontGarden3_EQR_720p_0044	urban soundscape
MarchmontGarden3_EQR_720p_0045	urban soundscape
MarchmontGarden3_EQR_720p_0046	urban soundscape
MarchmontGarden3_EQR_720p_0047	urban soundscape
MarchmontGarden3_EQR_720p_0048	urban soundscape
MarchmontGarden3_EQR_720p_0049	urban soundscape
MarchmontGarden3_EQR_720p_0050	urban soundscape
MarchmontGarden3_EQR_720p_0051	urban soundscape
MarchmontGarden3_EQR_720p_0052	urban soundscape
MarchmontGarden3_EQR_720p_0053	urban soundscape
MarchmontGarden3_EQR_720p_0054	urban soundscape
MarchmontGarden3_EQR_720p_0055	urban soundscape
MarchmontGarden3_EQR_720p_0056	urban soundscape
MarchmontGarden3_EQR_720p_0057	urban soundscape
MarchmontGarden3_EQR_720p_0058	urban soundscape
MarchmontGarden3_EQR_720p_0059	urban soundscape
MarchmontGarden3_EQR_720p_0060	urban soundscape
MarchmontGarden3_EQR_720p_0061	urban soundscape
MarchmontGarden3_EQR_720p_0062	urban soundscape
MarchmontGarden3_EQR_720p_0063	urban soundscape
MarchmontGarden3_EQR_720p_0064	urban soundscape
MarchmontGarden3_EQR_720p_0065	urban soundscape
MarchmontGarden3_EQR_720p_0066	urban soundscape
MarchmontGarden3_EQR_720p_0067	urban soundscape
MarchmontGarden3_EQR_720p_0068	urban soundscape
MarchmontGarden3_EQR_720p_0069	urban soundscape
MarchmontGarden3_EQR_720p_0070	urban soundscape
MarchmontGarden3_EQR_720p_0071	urban soundscape
MarchmontGarden3_EQR_720p_0072	urban soundscape
MarchmontGarden3_EQR_720p_0073	urban soundscape
MarchmontGarden3_EQR_720p_0074	urban soundscape
MarchmontGarden3_EQR_720p_0075	urban soundscape
MarchmontGarden3_EQR_720p_0076	urban soundscape
MarchmontGarden3_EQR_720p_0077	urban soundscape
MarchmontGarden3_EQR_720p_0078	urban soundscape
MarchmontGarden3_EQR_720p_0079	urban soundscape
MarchmontGarden3_EQR_720p_0080	urban soundscape
MarchmontGarden3_EQR_720p_0081	urban soundscape
MarchmontGarden3_EQR_720p_0082	urban soundscape
MarchmontGarden3_EQR_720p_0083	urban soundscape
MarchmontGarden3_EQR_720p_0084	urban soundscape
MarchmontGarden3_EQR_720p_0085	urban soundscape
MarchmontGarden3_EQR_720p_0086	urban soundscape
MarchmontGarden3_EQR_720p_0087	urban soundscape
MarchmontGarden3_EQR_720p_0088	urban soundscape
MarchmontGarden3_EQR_720p_0089	urban soundscape
MarchmontGarden3_EQR_720p_0090	urban soundscape
MarchmontGarden3_EQR_720p_0091	urban soundscape
MarchmontGarden3_EQR_720p_0092	urban soundscape
MarchmontGarden3_EQR_720p_0093	urban soundscape
MarchmontGarden3_EQR_720p_0094	urban soundscape
MarchmontGarden3_EQR_720p_0095	urban soundscape
MarchmontGarden3_EQR_720p_0096	urban soundscape
MarchmontGarden3_EQR_720p_0097	urban soundscape
MarchmontGarden3_EQR_720p_0098	urban soundscape
MarchmontGarden3_EQR_720p_0099	urban soundscape
MarchmontGarden3_EQR_720p_0100	urban soundscape
MarchmontGarden3_EQR_720p_0101	urban soundscape
MarchmontGarden3_EQR_720p_0102	urban soundscape
MarchmontGarden3_EQR_720p_0103	urban soundscape
MarchmontGarden3_EQR_720p_0104	urban soundscape
MarchmontGarden3_EQR_720p_0105	urban soundscape
MarchmontGarden3_EQR_720p_0106	urban soundscape
MarchmontGarden3_EQR_720p_0107	urban soundscape
MarchmontGarden3_EQR_720p_0108	urban soundscape
MarchmontGarden3_EQR_720p_0109	urban soundscape
MarchmontGarden3_EQR_720p_0110	urban soundscape
MarchmontGarden3_EQR_720p_0111	urban soundscape
MarchmontGarden3_EQR_720p_0112	urban soundscape
MarchmontGarden3_EQR_720p_0113	urban soundscape
MarchmontGarden3_EQR_720p_0114	urban soundscape
MarchmontGarden3_EQR_720p_0115	urban soundscape
PancrasLock1_EQR_720p_0002	urban soundscape
PancrasLock1_EQR_720p_0003	urban soundscape
PancrasLock1_EQR_720p_0004	urban soundscape
PancrasLock1_EQR_720p_0005	urban soundscape
PancrasLock1_EQR_720p_0006	urban soundscape
PancrasLock1_EQR_720p_0007	urban soundscape
PancrasLock1_EQR_720p_0008	urban soundscape
PancrasLock1_EQR_720p_0009	urban soundscape
PancrasLock1_EQR_720p_0010	urban soundscape
PancrasLock1_EQR_720p_0011	urban soundscape
PancrasLock1_EQR_720p_0012	urban soundscape
PancrasLock1_EQR_720p_0013	urban soundscape
PancrasLock1_EQR_720p_0014	urban soundscape
PancrasLock1_EQR_720p_0015	urban soundscape
PancrasLock1_EQR_720p_0016	urban soundscape
PancrasLock1_EQR_720p_0017	urban soundscape
PancrasLock1_EQR_720p_0018	urban soundscape
PancrasLock1_EQR_720p_0019	urban soundscape
PancrasLock1_EQR_720p_0020	urban soundscape
PancrasLock1_EQR_720p_0021	urban soundscape
PancrasLock1_EQR_720p_0022	urban soundscape
PancrasLock1_EQR_720p_0023	urban soundscape
PancrasLock1_EQR_720p_0024	urban soundscape
PancrasLock1_EQR_720p_0025	urban soundscape
PancrasLock1_EQR_720p_0026	urban soundscape
PancrasLock1_EQR_720p_0027	urban soundscape
PancrasLock1_EQR_720p_0028	urban soundscape
PancrasLock1_EQR_720p_0029	urban soundscape
PancrasLock1_EQR_720p_0030	urban soundscape
PancrasLock1_EQR_720p_0031	urban soundscape
PancrasLock1_EQR_720p_0032	urban soundscape
PancrasLock1_EQR_720p_0033	urban soundscape
PancrasLock1_EQR_720p_0034	urban soundscape
PancrasLock1_EQR_720p_0035	urban soundscape
PancrasLock1_EQR_720p_0036	urban soundscape
PancrasLock1_EQR_720p_0037	urban soundscape
PancrasLock1_EQR_720p_0038	urban soundscape
PancrasLock1_EQR_720p_0039	urban soundscape
PancrasLock1_EQR_720p_0040	urban soundscape
PancrasLock1_EQR_720p_0041	urban soundscape
PancrasLock1_EQR_720p_0042	urban soundscape
PancrasLock1_EQR_720p_0043	urban soundscape
PancrasLock1_EQR_720p_0044	urban soundscape
PancrasLock1_EQR_720p_0045	urban soundscape
PancrasLock1_EQR_720p_0046	urban soundscape
PancrasLock1_EQR_720p_0047	urban soundscape
PancrasLock1_EQR_720p_0048	urban soundscape
PancrasLock1_EQR_720p_0049	urban soundscape
PancrasLock1_EQR_720p_0050	urban soundscape
PancrasLock1_EQR_720p_0051	urban soundscape
PancrasLock1_EQR_720p_0052	urban soundscape
PancrasLock1_EQR_720p_0053	urban soundscape
PancrasLock1_EQR_720p_0054	urban soundscape
PancrasLock1_EQR_720p_0055	urban soundscape
PancrasLock1_EQR_720p_0056	urban soundscape
PancrasLock1_EQR_720p_0057	urban soundscape
PancrasLock1_EQR_720p_0058	urban soundscape
PancrasLock1_EQR_720p_0059	urban soundscape
PancrasLock1_EQR_720p_0060	urban soundscape
PancrasLock1_EQR_720p_0061	urban soundscape
PancrasLock1_EQR_720p_0062	urban soundscape
PancrasLock1_EQR_720p_0063	urban soundscape
PancrasLock1_EQR_720p_0064	urban soundscape
PancrasLock1_EQR_720p_0065	urban soundscape
PancrasLock1_EQR_720p_0066	urban soundscape
PancrasLock1_EQR_720p_0067	urban soundscape
PancrasLock1_EQR_720p_0068	urban soundscape
PancrasLock1_EQR_720p_0069	urban soundscape
PancrasLock1_EQR_720p_0070	urban soundscape
PancrasLock1_EQR_720p_0071	urban soundscape
PancrasLock1_EQR_720p_0072	urban soundscape
PancrasLock1_EQR_720p_0073	urban soundscape
PancrasLock1_EQR_720p_0074	urban soundscape
PancrasLock1_EQR_720p_0075	urban soundscape
PancrasLock1_EQR_720p_0076	urban soundscape
PancrasLock1_EQR_720p_0077	urban soundscape
PancrasLock1_EQR_720p_0078	urban soundscape
PancrasLock1_EQR_720p_0079	urban soundscape
PancrasLock1_EQR_720p_0080	urban soundscape
PancrasLock1_EQR_720p_0081	urban soundscape
PancrasLock1_EQR_720p_0082	urban soundscape
PancrasLock1_EQR_720p_0083	urban soundscape
PancrasLock1_EQR_720p_0084	urban soundscape
PancrasLock1_EQR_720p_0085	urban soundscape
PancrasLock1_EQR_720p_0086	urban soundscape
PancrasLock1_EQR_720p_0087	urban soundscape
PancrasLock1_EQR_720p_0088	urban soundscape
PancrasLock1_EQR_720p_0089	urban soundscape
PancrasLock1_EQR_720p_0090	urban soundscape
PancrasLock1_EQR_720p_0091	urban soundscape
PancrasLock1_EQR_720p_0092	urban soundscape
PancrasLock1_EQR_720p_0093	urban soundscape
PancrasLock1_EQR_720p_0094	urban soundscape
PancrasLock1_EQR_720p_0095	urban soundscape
PancrasLock1_EQR_720p_0096	urban soundscape
PancrasLock1_EQR_720p_0097	urban soundscape
PancrasLock1_EQR_720p_0098	urban soundscape
PancrasLock1_EQR_720p_0099	urban soundscape
PancrasLock1_EQR_720p_0100	urban soundscape
PancrasLock1_EQR_720p_0101	urban soundscape
PancrasLock1_EQR_720p_0102	urban soundscape
PancrasLock1_EQR_720p_0103	urban soundscape
PancrasLock1_EQR_720p_0104	urban soundscape
PancrasLock1_EQR_720p_0105	urban soundscape
PancrasLock2_0058_0002	urban soundscape
PancrasLock2_0058_0003	urban soundscape
PancrasLock2_0058_0004	urban soundscape
PancrasLock2_0058_0005	urban soundscape
PancrasLock2_0058_0006	urban soundscape
PancrasLock2_0058_0007	urban soundscape
PancrasLock2_0058_0008	urban soundscape
PancrasLock2_0058_0009	urban soundscape
PancrasLock2_0058_0010	urban soundscape
PancrasLock2_0058_0011	urban soundscape
PancrasLock2_0058_0012	urban soundscape
PancrasLock2_0058_0013	urban soundscape
PancrasLock2_0058_0014	urban soundscape
PancrasLock2_0058_0015	urban soundscape
PancrasLock2_0058_0016	urban soundscape
PancrasLock2_0058_0017	urban soundscape
PancrasLock2_0058_0018	urban soundscape
PancrasLock2_0058_0019	urban soundscape
PancrasLock2_0058_0020	urban soundscape
PancrasLock2_0058_0021	urban soundscape
PancrasLock2_0058_0022	urban soundscape
PancrasLock2_0058_0023	urban soundscape
PancrasLock2_0058_0024	urban soundscape
PancrasLock2_0058_0025	urban soundscape
PancrasLock2_0058_0026	urban soundscape
PancrasLock2_0058_0027	urban soundscape
PancrasLock2_0058_0028	urban soundscape
PancrasLock2_0058_0029	urban soundscape
PancrasLock2_0058_0030	urban soundscape
PancrasLock2_0058_0031	urban soundscape
PancrasLock2_0058_0032	urban soundscape
PancrasLock2_0058_0033	urban soundscape
PancrasLock2_0058_0034	urban soundscape
PancrasLock2_0058_0035	urban soundscape
PancrasLock2_0058_0036	urban soundscape
PancrasLock2_0058_0037	urban soundscape
PancrasLock2_0058_0038	urban soundscape
PancrasLock2_0058_0039	urban soundscape
PancrasLock2_0058_0040	urban soundscape
PancrasLock2_0058_0041	urban soundscape
PancrasLock2_0058_0042	urban soundscape
PancrasLock2_0058_0043	urban soundscape
PancrasLock2_0058_0044	urban soundscape
PancrasLock2_0058_0045	urban soundscape
PancrasLock2_0058_0046	urban soundscape
PancrasLock2_0058_0047	urban soundscape
PancrasLock2_0058_0048	urban soundscape
PancrasLock2_0058_0049	urban soundscape
PancrasLock2_0058_0050	urban soundscape
PancrasLock2_0058_0051	urban soundscape
PancrasLock2_0058_0052	urban soundscape
PancrasLock2_0058_0053	urban soundscape
PancrasLock2_0058_0054	urban soundscape
PancrasLock2_0058_0055	urban soundscape
PancrasLock2_0058_0056	urban soundscape
PancrasLock2_0058_0057	urban soundscape
PancrasLock2_0058_0058	urban soundscape
PancrasLock2_0058_0059	urban soundscape
PancrasLock2_0058_0060	urban soundscape
PancrasLock2_0058_0061	urban soundscape
PancrasLock2_0058_0062	urban soundscape
PancrasLock2_0058_0063	urban soundscape
PancrasLock2_0058_0064	urban soundscape
PancrasLock2_0058_0065	urban soundscape
PancrasLock2_0058_0066	urban soundscape
PancrasLock2_0058_0067	urban soundscape
PancrasLock2_0058_0068	urban soundscape
PancrasLock2_0058_0069	urban soundscape
PancrasLock2_0058_0070	urban soundscape
PancrasLock2_0058_0071	urban soundscape
PancrasLock2_0058_0072	urban soundscape
PancrasLock2_0058_0073	urban soundscape
PancrasLock2_0058_0074	urban soundscape
PancrasLock2_0058_0075	urban soundscape
PancrasLock2_0058_0076	urban soundscape
PancrasLock2_0058_0077	urban soundscape
PancrasLock2_0058_0078	urban soundscape
PancrasLock2_0058_0079	urban soundscape
PancrasLock2_0058_0080	urban soundscape
PancrasLock2_0058_0081	urban soundscape
PancrasLock2_0058_0082	urban soundscape
PancrasLock2_0058_0083	urban soundscape
PancrasLock2_0058_0084	urban soundscape
PancrasLock2_0058_0085	urban soundscape
PancrasLock2_0058_0086	urban soundscape
PancrasLock2_0058_0087	urban soundscape
PancrasLock2_0058_0088	urban soundscape
PancrasLock2_0058_0089	urban soundscape
PancrasLock2_0058_0090	urban soundscape
PancrasLock2_0058_0091	urban soundscape
PancrasLock2_0058_0092	urban soundscape
PancrasLock2_0058_0093	urban soundscape
PancrasLock2_0058_0094	urban soundscape
PancrasLock2_0058_0095	urban soundscape
PancrasLock2_0058_0096	urban soundscape
PancrasLock2_0058_0097	urban soundscape
PancrasLock2_0058_0098	urban soundscape
PancrasLock2_0058_0099	urban soundscape
PancrasLock2_0058_0100	urban soundscape
PancrasLock2_0058_0101	urban soundscape
PancrasLock2_0058_0102	urban soundscape
PancrasLock2_0058_0103	urban soundscape
PancrasLock2_0058_0104	urban soundscape
PancrasLock2_0058_0105	urban soundscape
PancrasLock2_0058_0106	urban soundscape
PancrasLock2_0058_0107	urban soundscape
PancrasLock2_0058_0108	urban soundscape
PancrasLock2_0058_0109	urban soundscape
PancrasLock2_0058_0110	urban soundscape
PancrasLock2_0058_0111	urban soundscape
PancrasLock2_0058_0112	urban soundscape
PancrasLock2_0058_0113	urban soundscape
PancrasLock2_0058_0114	urban soundscape
PancrasLock2_0058_0115	urban soundscape
PancrasLock2_0058_0116	urban soundscape
PancrasLock2_0058_0117	urban soundscape
PancrasLock2_0058_0118	urban soundscape
PancrasLock2_0058_0119	urban soundscape
PancrasLock2_0058_0120	urban soundscape
RegentsParkFields2_EQR_720p_0001	urban soundscape
RegentsParkFields2_EQR_720p_0002	urban soundscape
RegentsParkFields2_EQR_720p_0003	urban soundscape
RegentsParkFields2_EQR_720p_0004	urban soundscape
RegentsParkFields2_EQR_720p_0005	urban soundscape
RegentsParkFields2_EQR_720p_0006	urban soundscape
RegentsParkFields2_EQR_720p_0007	urban soundscape
RegentsParkFields2_EQR_720p_0008	urban soundscape
RegentsParkFields2_EQR_720p_0009	urban soundscape
RegentsParkFields2_EQR_720p_0010	urban soundscape
RegentsParkFields2_EQR_720p_0011	urban soundscape
RegentsParkFields2_EQR_720p_0012	urban soundscape
RegentsParkFields2_EQR_720p_0013	urban soundscape
RegentsParkFields2_EQR_720p_0014	urban soundscape
RegentsParkFields2_EQR_720p_0015	urban soundscape
RegentsParkFields2_EQR_720p_0016	urban soundscape
RegentsParkFields2_EQR_720p_0017	urban soundscape
RegentsParkFields2_EQR_720p_0018	urban soundscape
RegentsParkFields2_EQR_720p_0019	urban soundscape
RegentsParkFields2_EQR_720p_0020	urban soundscape
RegentsParkFields2_EQR_720p_0021	urban soundscape
RegentsParkFields2_EQR_720p_0022	urban soundscape
RegentsParkFields2_EQR_720p_0023	urban soundscape
RegentsParkFields2_EQR_720p_0024	urban soundscape
RegentsParkFields2_EQR_720p_0025	urban soundscape
RegentsParkFields2_EQR_720p_0026	urban soundscape
RegentsParkFields2_EQR_720p_0027	urban soundscape
RegentsParkFields2_EQR_720p_0028	urban soundscape
RegentsParkFields2_EQR_720p_0029	urban soundscape
RegentsParkFields2_EQR_720p_0030	urban soundscape
RegentsParkFields2_EQR_720p_0031	urban soundscape
RegentsParkFields2_EQR_720p_0032	urban soundscape
RegentsParkFields2_EQR_720p_0033	urban soundscape
RegentsParkFields2_EQR_720p_0034	urban soundscape
RegentsParkFields2_EQR_720p_0035	urban soundscape
RegentsParkFields2_EQR_720p_0036	urban soundscape
RegentsParkFields2_EQR_720p_0037	urban soundscape
RegentsParkFields2_EQR_720p_0038	urban soundscape
RegentsParkFields2_EQR_720p_0039	urban soundscape
RegentsParkFields2_EQR_720p_0040	urban soundscape
RegentsParkFields2_EQR_720p_0041	urban soundscape
RegentsParkFields2_EQR_720p_0042	urban soundscape
RegentsParkFields2_EQR_720p_0043	urban soundscape
RegentsParkFields2_EQR_720p_0044	urban soundscape
RegentsParkFields2_EQR_720p_0045	urban soundscape
RegentsParkFields2_EQR_720p_0046	urban soundscape
RegentsParkFields2_EQR_720p_0047	urban soundscape
RegentsParkFields2_EQR_720p_0048	urban soundscape
RegentsParkFields2_EQR_720p_0049	urban soundscape
RegentsParkFields2_EQR_720p_0050	urban soundscape
RegentsParkFields2_EQR_720p_0051	urban soundscape
RegentsParkFields2_EQR_720p_0052	urban soundscape
RegentsParkFields2_EQR_720p_0053	urban soundscape
RegentsParkFields2_EQR_720p_0054	urban soundscape
RegentsParkFields2_EQR_720p_0055	urban soundscape
RegentsParkFields2_EQR_720p_0056	urban soundscape
RegentsParkFields2_EQR_720p_0057	urban soundscape
RegentsParkFields2_EQR_720p_0058	urban soundscape
RegentsParkFields2_EQR_720p_0059	urban soundscape
RegentsParkFields2_EQR_720p_0060	urban soundscape
RegentsParkFields2_EQR_720p_0061	urban soundscape
RegentsParkFields2_EQR_720p_0062	urban soundscape
RegentsParkFields2_EQR_720p_0063	urban soundscape
RegentsParkFields2_EQR_720p_0064	urban soundscape
RegentsParkFields2_EQR_720p_0065	urban soundscape
RegentsParkFields2_EQR_720p_0066	urban soundscape
RegentsParkFields2_EQR_720p_0067	urban soundscape
RegentsParkFields2_EQR_720p_0068	urban soundscape
RegentsParkFields2_EQR_720p_0069	urban soundscape
RegentsParkFields2_EQR_720p_0070	urban soundscape
RegentsParkFields2_EQR_720p_0071	urban soundscape
RegentsParkFields2_EQR_720p_0072	urban soundscape
RegentsParkFields2_EQR_720p_0073	urban soundscape
RegentsParkFields2_EQR_720p_0074	urban soundscape
RegentsParkFields2_EQR_720p_0075	urban soundscape
RegentsParkFields2_EQR_720p_0076	urban soundscape
RegentsParkFields2_EQR_720p_0077	urban soundscape
RegentsParkFields2_EQR_720p_0078	urban soundscape
RegentsParkFields2_EQR_720p_0079	urban soundscape
RegentsParkFields2_EQR_720p_0080	urban soundscape
RegentsParkFields2_EQR_720p_0081	urban soundscape
RegentsParkFields2_EQR_720p_0082	urban soundscape
RegentsParkFields2_EQR_720p_0083	urban soundscape
RegentsParkFields2_EQR_720p_0084	urban soundscape
RegentsParkFields2_EQR_720p_0085	urban soundscape
RegentsParkFields2_EQR_720p_0086	urban soundscape
RegentsParkFields2_EQR_720p_0087	urban soundscape
RegentsParkFields2_EQR_720p_0088	urban soundscape
RegentsParkFields2_EQR_720p_0089	urban soundscape
RegentsParkFields2_EQR_720p_0090	urban soundscape
RegentsParkFields2_EQR_720p_0091	urban soundscape
RegentsParkFields2_EQR_720p_0092	urban soundscape
RegentsParkJapan1_0060_0002	urban soundscape
RegentsParkJapan1_0060_0003	urban soundscape
RegentsParkJapan1_0060_0004	urban soundscape
RegentsParkJapan1_0060_0005	urban soundscape
RegentsParkJapan1_0060_0006	urban soundscape
RegentsParkJapan1_0060_0007	urban soundscape
RegentsParkJapan1_0060_0008	urban soundscape
RegentsParkJapan1_0060_0009	urban soundscape
RegentsParkJapan1_0060_0010	urban soundscape
RegentsParkJapan1_0060_0011	urban soundscape
RegentsParkJapan1_0060_0012	urban soundscape
RegentsParkJapan1_0060_0013	urban soundscape
RegentsParkJapan1_0060_0014	urban soundscape
RegentsParkJapan1_0060_0015	urban soundscape
RegentsParkJapan1_0060_0016	urban soundscape
RegentsParkJapan1_0060_0017	urban soundscape
RegentsParkJapan1_0060_0018	urban soundscape
RegentsParkJapan1_0060_0019	urban soundscape
RegentsParkJapan1_0060_0020	urban soundscape
RegentsParkJapan1_0060_0021	urban soundscape
RegentsParkJapan1_0060_0022	urban soundscape
RegentsParkJapan1_0060_0023	urban soundscape
RegentsParkJapan1_0060_0024	urban soundscape
RegentsParkJapan1_0060_0025	urban soundscape
RegentsParkJapan1_0060_0026	urban soundscape
RegentsParkJapan1_0060_0027	urban soundscape
RegentsParkJapan1_0060_0028	urban soundscape
RegentsParkJapan1_0060_0029	urban soundscape
RegentsParkJapan1_0060_0030	urban soundscape
RegentsParkJapan1_0060_0031	urban soundscape
RegentsParkJapan1_0060_0032	urban soundscape
RegentsParkJapan1_0060_0033	urban soundscape
RegentsParkJapan1_0060_0034	urban soundscape
RegentsParkJapan1_0060_0035	urban soundscape
RegentsParkJapan1_0060_0036	urban soundscape
RegentsParkJapan1_0060_0037	urban soundscape
RegentsParkJapan1_0060_0038	urban soundscape
RegentsParkJapan1_0060_0039	urban soundscape
RegentsParkJapan1_0060_0040	urban soundscape
RegentsParkJapan1_0060_0041	urban soundscape
RegentsParkJapan1_0060_0042	urban soundscape
RegentsParkJapan1_0060_0043	urban soundscape
RegentsParkJapan1_0060_0044	urban soundscape
RegentsParkJapan1_0060_0045	urban soundscape
RegentsParkJapan1_0060_0046	urban soundscape
RegentsParkJapan1_0060_0047	urban soundscape
RegentsParkJapan1_0060_0048	urban soundscape
RegentsParkJapan1_0060_0049	urban soundscape
RegentsParkJapan1_0060_0050	urban soundscape
RegentsParkJapan1_0060_0051	urban soundscape
RegentsParkJapan1_0060_0052	urban soundscape
RegentsParkJapan1_0060_0053	urban soundscape
RegentsParkJapan1_0060_0054	urban soundscape
RegentsParkJapan1_0060_0055	urban soundscape
RegentsParkJapan1_0060_0056	urban soundscape
RegentsParkJapan1_0060_0057	urban soundscape
RegentsParkJapan1_0060_0058	urban soundscape
RegentsParkJapan1_0060_0059	urban soundscape
RegentsParkJapan1_0060_0060	urban soundscape
RegentsParkJapan1_0060_0061	urban soundscape
RegentsParkJapan1_0060_0062	urban soundscape
RegentsParkJapan1_0060_0063	urban soundscape
RegentsParkJapan1_0060_0064	urban soundscape
RegentsParkJapan1_0060_0065	urban soundscape
RegentsParkJapan1_0060_0066	urban soundscape
RegentsParkJapan1_0060_0067	urban soundscape
RegentsParkJapan1_0060_0068	urban soundscape
RegentsParkJapan1_0060_0069	urban soundscape
RegentsParkJapan1_0060_0070	urban soundscape
RegentsParkJapan1_0060_0071	urban soundscape
RegentsParkJapan1_0060_0072	urban soundscape
RegentsParkJapan1_0060_0073	urban soundscape
RegentsParkJapan1_0060_0074	urban soundscape
RegentsParkJapan1_0060_0075	urban soundscape
RegentsParkJapan1_0060_0076	urban soundscape
RegentsParkJapan1_0060_0077	urban soundscape
RegentsParkJapan1_0060_0078	urban soundscape
RegentsParkJapan1_0060_0079	urban soundscape
RegentsParkJapan1_0060_0080	urban soundscape
RegentsParkJapan1_0060_0081	urban soundscape
RegentsParkJapan1_0060_0082	urban soundscape
RegentsParkJapan1_0060_0083	urban soundscape
RegentsParkJapan1_0060_0084	urban soundscape
RegentsParkJapan1_0060_0085	urban soundscape
RegentsParkJapan1_0060_0086	urban soundscape
RegentsParkJapan1_0060_0087	urban soundscape
RegentsParkJapan1_0060_0088	urban soundscape
RegentsParkJapan1_0060_0089	urban soundscape
RegentsParkJapan1_0060_0090	urban soundscape
RegentsParkJapan1_0060_0091	urban soundscape
RegentsParkJapan1_0060_0092	urban soundscape
RegentsParkJapan1_0060_0093	urban soundscape
RegentsParkJapan1_0060_0094	urban soundscape
RegentsParkJapan1_0060_0095	urban soundscape
RegentsParkJapan1_0060_0096	urban soundscape
RegentsParkJapan1_0060_0097	urban soundscape
RegentsParkJapan1_0060_0098	urban soundscape
RegentsParkJapan1_0060_0099	urban soundscape
RegentsParkJapan1_0060_0100	urban soundscape
RegentsParkJapan1_0060_0101	urban soundscape
RegentsParkJapan1_0060_0102	urban soundscape
RegentsParkJapan1_0060_0103	urban soundscape
RegentsParkJapan1_0060_0104	urban soundscape
RegentsParkJapan1_0060_0105	urban soundscape
RegentsParkJapan1_0060_0106	urban soundscape
RegentsParkJapan1_0060_0107	urban soundscape
RegentsParkJapan1_0060_0108	urban soundscape
RegentsParkJapan1_0060_0109	urban soundscape
RegentsParkJapan2_0061_0002	urban soundscape
RegentsParkJapan2_0061_0003	urban soundscape
RegentsParkJapan2_0061_0004	urban soundscape
RegentsParkJapan2_0061_0005	urban soundscape
RegentsParkJapan2_0061_0006	urban soundscape
RegentsParkJapan2_0061_0007	urban soundscape
RegentsParkJapan2_0061_0008	urban soundscape
RegentsParkJapan2_0061_0009	urban soundscape
RegentsParkJapan2_0061_0010	urban soundscape
RegentsParkJapan2_0061_0011	urban soundscape
RegentsParkJapan2_0061_0012	urban soundscape
RegentsParkJapan2_0061_0013	urban soundscape
RegentsParkJapan2_0061_0014	urban soundscape
RegentsParkJapan2_0061_0015	urban soundscape
RegentsParkJapan2_0061_0016	urban soundscape
RegentsParkJapan2_0061_0017	urban soundscape
RegentsParkJapan2_0061_0018	urban soundscape
RegentsParkJapan2_0061_0019	urban soundscape
RegentsParkJapan2_0061_0020	urban soundscape
RegentsParkJapan2_0061_0021	urban soundscape
RegentsParkJapan2_0061_0022	urban soundscape
RegentsParkJapan2_0061_0023	urban soundscape
RegentsParkJapan2_0061_0024	urban soundscape
RegentsParkJapan2_0061_0025	urban soundscape
RegentsParkJapan2_0061_0026	urban soundscape
RegentsParkJapan2_0061_0027	urban soundscape
RegentsParkJapan2_0061_0028	urban soundscape
RegentsParkJapan2_0061_0029	urban soundscape
RegentsParkJapan2_0061_0030	urban soundscape
RegentsParkJapan2_0061_0031	urban soundscape
RegentsParkJapan2_0061_0032	urban soundscape
RegentsParkJapan2_0061_0033	urban soundscape
RegentsParkJapan2_0061_0034	urban soundscape
RegentsParkJapan2_0061_0035	urban soundscape
RegentsParkJapan2_0061_0036	urban soundscape
RegentsParkJapan2_0061_0037	urban soundscape
RegentsParkJapan2_0061_0038	urban soundscape
RegentsParkJapan2_0061_0039	urban soundscape
RegentsParkJapan2_0061_0040	urban soundscape
RegentsParkJapan2_0061_0041	urban soundscape
RegentsParkJapan2_0061_0042	urban soundscape
RegentsParkJapan2_0061_0043	urban soundscape
RegentsParkJapan2_0061_0044	urban soundscape
RegentsParkJapan2_0061_0045	urban soundscape
RegentsParkJapan2_0061_0046	urban soundscape
RegentsParkJapan2_0061_0047	urban soundscape
RegentsParkJapan2_0061_0048	urban soundscape
RegentsParkJapan2_0061_0049	urban soundscape
RegentsParkJapan2_0061_0050	urban soundscape
RegentsParkJapan2_0061_0051	urban soundscape
RegentsParkJapan2_0061_0052	urban soundscape
RegentsParkJapan2_0061_0053	urban soundscape
RegentsParkJapan2_0061_0054	urban soundscape
RegentsParkJapan2_0061_0055	urban soundscape
RegentsParkJapan2_0061_0056	urban soundscape
RegentsParkJapan2_0061_0057	urban soundscape
RegentsParkJapan2_0061_0058	urban soundscape
RegentsParkJapan2_0061_0059	urban soundscape
RegentsParkJapan2_0061_0060	urban soundscape
RegentsParkJapan2_0061_0061	urban soundscape
RegentsParkJapan2_0061_0062	urban soundscape
RegentsParkJapan2_0061_0063	urban soundscape
RegentsParkJapan2_0061_0064	urban soundscape
RegentsParkJapan2_0061_0065	urban soundscape
RegentsParkJapan2_0061_0066	urban soundscape
RegentsParkJapan2_0061_0067	urban soundscape
RegentsParkJapan2_0061_0068	urban soundscape
RegentsParkJapan2_0061_0069	urban soundscape
RegentsParkJapan2_0061_0070	urban soundscape
RegentsParkJapan2_0061_0071	urban soundscape
RegentsParkJapan2_0061_0072	urban soundscape
RegentsParkJapan2_0061_0073	urban soundscape
RegentsParkJapan2_0061_0074	urban soundscape
RegentsParkJapan2_0061_0075	urban soundscape
RegentsParkJapan2_0061_0076	urban soundscape
RegentsParkJapan2_0061_0077	urban soundscape
RegentsParkJapan2_0061_0078	urban soundscape
RegentsParkJapan2_0061_0079	urban soundscape
RegentsParkJapan2_0061_0080	urban soundscape
RegentsParkJapan2_0061_0081	urban soundscape
RegentsParkJapan2_0061_0082	urban soundscape
RegentsParkJapan2_0061_0083	urban soundscape
RegentsParkJapan2_0061_0084	urban soundscape
RegentsParkJapan2_0061_0085	urban soundscape
RegentsParkJapan2_0061_0086	urban soundscape
RegentsParkJapan2_0061_0087	urban soundscape
RegentsParkJapan2_0061_0088	urban soundscape
RegentsParkJapan2_0061_0089	urban soundscape
RegentsParkJapan2_0061_0090	urban soundscape
RegentsParkJapan2_0061_0091	urban soundscape
RegentsParkJapan2_0061_0092	urban soundscape
RegentsParkJapan2_0061_0093	urban soundscape
RegentsParkJapan2_0061_0094	urban soundscape
RegentsParkJapan2_0061_0095	urban soundscape
RegentsParkJapan2_0061_0096	urban soundscape
RegentsParkJapan2_0061_0097	urban soundscape
RegentsParkJapan2_0061_0098	urban soundscape
RegentsParkJapan2_0061_0099	urban soundscape
RegentsParkJapan2_0061_0100	urban soundscape
RegentsParkJapan2_0061_0101	urban soundscape
RegentsParkJapan2_0061_0102	urban soundscape
RegentsParkJapan2_0061_0103	urban soundscape
RegentsParkJapan2_0061_0104	urban soundscape
RegentsParkJapan2_0061_0105	urban soundscape
RegentsParkJapan2_0061_0106	urban soundscape
RegentsParkJapan2_0061_0107	urban soundscape
RegentsParkJapan2_0061_0108	urban soundscape
RegentsParkJapan2_0061_0109	urban soundscape
RegentsParkJapan2_0061_0110	urban soundscape
RegentsParkPath1_EQR_702_0000	urban soundscape
RegentsParkPath1_EQR_702_0001	urban soundscape
RegentsParkPath1_EQR_702_0002	urban soundscape
RegentsParkPath1_EQR_702_0003	urban soundscape
RegentsParkPath1_EQR_702_0004	urban soundscape
RegentsParkPath1_EQR_702_0005	urban soundscape
RegentsParkPath1_EQR_702_0006	urban soundscape
RegentsParkPath1_EQR_702_0007	urban soundscape
RegentsParkPath1_EQR_702_0008	urban soundscape
RegentsParkPath1_EQR_702_0009	urban soundscape
RegentsParkPath1_EQR_702_0010	urban soundscape
RegentsParkPath1_EQR_702_0011	urban soundscape
RegentsParkPath1_EQR_702_0012	urban soundscape
RegentsParkPath1_EQR_702_0013	urban soundscape
RegentsParkPath1_EQR_702_0014	urban soundscape
RegentsParkPath1_EQR_702_0015	urban soundscape
RegentsParkPath1_EQR_702_0016	urban soundscape
RegentsParkPath1_EQR_702_0017	urban soundscape
RegentsParkPath1_EQR_702_0018	urban soundscape
RegentsParkPath1_EQR_702_0019	urban soundscape
RegentsParkPath1_EQR_702_0020	urban soundscape
RegentsParkPath1_EQR_702_0021	urban soundscape
RegentsParkPath1_EQR_702_0022	urban soundscape
RegentsParkPath1_EQR_702_0023	urban soundscape
RegentsParkPath1_EQR_702_0024	urban soundscape
RegentsParkPath1_EQR_702_0025	urban soundscape
RegentsParkPath1_EQR_702_0026	urban soundscape
RegentsParkPath1_EQR_702_0027	urban soundscape
RegentsParkPath1_EQR_702_0028	urban soundscape
RegentsParkPath1_EQR_702_0029	urban soundscape
RegentsParkPath1_EQR_702_0030	urban soundscape
RegentsParkPath1_EQR_702_0031	urban soundscape
RegentsParkPath1_EQR_702_0032	urban soundscape
RegentsParkPath1_EQR_702_0033	urban soundscape
RegentsParkPath1_EQR_702_0034	urban soundscape
RegentsParkPath1_EQR_702_0035	urban soundscape
RegentsParkPath1_EQR_702_0036	urban soundscape
RegentsParkPath1_EQR_702_0037	urban soundscape
RegentsParkPath1_EQR_702_0038	urban soundscape
RegentsParkPath1_EQR_702_0039	urban soundscape
RegentsParkPath1_EQR_702_0040	urban soundscape
RegentsParkPath1_EQR_702_0041	urban soundscape
RegentsParkPath1_EQR_702_0042	urban soundscape
RegentsParkPath1_EQR_702_0043	urban soundscape
RegentsParkPath1_EQR_702_0044	urban soundscape
RegentsParkPath1_EQR_702_0045	urban soundscape
RegentsParkPath1_EQR_702_0046	urban soundscape
RegentsParkPath1_EQR_702_0047	urban soundscape
RegentsParkPath1_EQR_702_0048	urban soundscape
RegentsParkPath1_EQR_702_0049	urban soundscape
RegentsParkPath1_EQR_702_0050	urban soundscape
RegentsParkPath1_EQR_702_0051	urban soundscape
RegentsParkPath1_EQR_702_0052	urban soundscape
RegentsParkPath1_EQR_702_0053	urban soundscape
RegentsParkPath1_EQR_702_0054	urban soundscape
RegentsParkPath1_EQR_702_0055	urban soundscape
RegentsParkPath1_EQR_702_0056	urban soundscape
RegentsParkPath1_EQR_702_0057	urban soundscape
RegentsParkPath1_EQR_702_0058	urban soundscape
RegentsParkPath1_EQR_702_0059	urban soundscape
RegentsParkPath1_EQR_702_0060	urban soundscape
RegentsParkPath1_EQR_702_0061	urban soundscape
RegentsParkPath1_EQR_702_0062	urban soundscape
RegentsParkPath1_EQR_702_0063	urban soundscape
RegentsParkPath1_EQR_702_0064	urban soundscape
RegentsParkPath1_EQR_702_0065	urban soundscape
RegentsParkPath1_EQR_702_0066	urban soundscape
RegentsParkPath1_EQR_702_0067	urban soundscape
RegentsParkPath1_EQR_702_0068	urban soundscape
RegentsParkPath1_EQR_702_0069	urban soundscape
RegentsParkPath1_EQR_702_0070	urban soundscape
RegentsParkPath1_EQR_702_0071	urban soundscape
RegentsParkPath1_EQR_702_0072	urban soundscape
RegentsParkPath1_EQR_702_0073	urban soundscape
RegentsParkPath1_EQR_702_0074	urban soundscape
RegentsParkPath1_EQR_702_0075	urban soundscape
RegentsParkPath1_EQR_702_0076	urban soundscape
RegentsParkPath1_EQR_702_0077	urban soundscape
RegentsParkPath1_EQR_702_0078	urban soundscape
RegentsParkPath1_EQR_702_0079	urban soundscape
RegentsParkPath1_EQR_702_0080	urban soundscape
RegentsParkPath1_EQR_702_0081	urban soundscape
RegentsParkPath1_EQR_702_0082	urban soundscape
RegentsParkPath1_EQR_702_0083	urban soundscape
RegentsParkPath1_EQR_702_0084	urban soundscape
RegentsParkPath1_EQR_702_0085	urban soundscape
RegentsParkPath1_EQR_702_0086	urban soundscape
RegentsParkPath1_EQR_702_0087	urban soundscape
RegentsParkPath1_EQR_702_0088	urban soundscape
RegentsParkPath1_EQR_702_0089	urban soundscape
RegentsParkPath1_EQR_702_0090	urban soundscape
RegentsParkPath1_EQR_702_0091	urban soundscape
RegentsParkPath1_EQR_702_0092	urban soundscape
RegentsParkPath1_EQR_702_0093	urban soundscape
RusselSq1_EQR_720p_0002	urban soundscape
RusselSq1_EQR_720p_0003	urban soundscape
RusselSq1_EQR_720p_0004	urban soundscape
RusselSq1_EQR_720p_0005	urban soundscape
RusselSq1_EQR_720p_0006	urban soundscape
RusselSq1_EQR_720p_0007	urban soundscape
RusselSq1_EQR_720p_0008	urban soundscape
RusselSq1_EQR_720p_0009	urban soundscape
RusselSq1_EQR_720p_0010	urban soundscape
RusselSq1_EQR_720p_0011	urban soundscape
RusselSq1_EQR_720p_0012	urban soundscape
RusselSq1_EQR_720p_0013	urban soundscape
RusselSq1_EQR_720p_0014	urban soundscape
RusselSq1_EQR_720p_0015	urban soundscape
RusselSq1_EQR_720p_0016	urban soundscape
RusselSq1_EQR_720p_0017	urban soundscape
RusselSq1_EQR_720p_0018	urban soundscape
RusselSq1_EQR_720p_0019	urban soundscape
RusselSq1_EQR_720p_0020	urban soundscape
RusselSq1_EQR_720p_0021	urban soundscape
RusselSq1_EQR_720p_0022	urban soundscape
RusselSq1_EQR_720p_0023	urban soundscape
RusselSq1_EQR_720p_0024	urban soundscape
RusselSq1_EQR_720p_0025	urban soundscape
RusselSq1_EQR_720p_0026	urban soundscape
RusselSq1_EQR_720p_0027	urban soundscape
RusselSq1_EQR_720p_0028	urban soundscape
RusselSq1_EQR_720p_0029	urban soundscape
RusselSq1_EQR_720p_0030	urban soundscape
RusselSq1_EQR_720p_0031	urban soundscape
RusselSq1_EQR_720p_0032	urban soundscape
RusselSq1_EQR_720p_0033	urban soundscape
RusselSq1_EQR_720p_0034	urban soundscape
RusselSq1_EQR_720p_0035	urban soundscape
RusselSq1_EQR_720p_0036	urban soundscape
RusselSq1_EQR_720p_0037	urban soundscape
RusselSq1_EQR_720p_0038	urban soundscape
RusselSq1_EQR_720p_0039	urban soundscape
RusselSq1_EQR_720p_0040	urban soundscape
RusselSq1_EQR_720p_0041	urban soundscape
RusselSq1_EQR_720p_0042	urban soundscape
RusselSq1_EQR_720p_0043	urban soundscape
RusselSq1_EQR_720p_0044	urban soundscape
RusselSq1_EQR_720p_0045	urban soundscape
RusselSq1_EQR_720p_0046	urban soundscape
RusselSq1_EQR_720p_0047	urban soundscape
RusselSq1_EQR_720p_0048	urban soundscape
RusselSq1_EQR_720p_0049	urban soundscape
RusselSq1_EQR_720p_0050	urban soundscape
RusselSq1_EQR_720p_0051	urban soundscape
RusselSq1_EQR_720p_0052	urban soundscape
RusselSq1_EQR_720p_0053	urban soundscape
RusselSq1_EQR_720p_0054	urban soundscape
RusselSq1_EQR_720p_0055	urban soundscape
RusselSq1_EQR_720p_0056	urban soundscape
RusselSq1_EQR_720p_0057	urban soundscape
RusselSq1_EQR_720p_0058	urban soundscape
RusselSq1_EQR_720p_0059	urban soundscape
RusselSq1_EQR_720p_0060	urban soundscape
RusselSq1_EQR_720p_0061	urban soundscape
RusselSq1_EQR_720p_0062	urban soundscape
RusselSq1_EQR_720p_0063	urban soundscape
RusselSq1_EQR_720p_0064	urban soundscape
RusselSq1_EQR_720p_0065	urban soundscape
RusselSq1_EQR_720p_0066	urban soundscape
RusselSq1_EQR_720p_0067	urban soundscape
RusselSq1_EQR_720p_0068	urban soundscape
RusselSq1_EQR_720p_0069	urban soundscape
RusselSq1_EQR_720p_0070	urban soundscape
RusselSq1_EQR_720p_0071	urban soundscape
RusselSq1_EQR_720p_0072	urban soundscape
RusselSq1_EQR_720p_0073	urban soundscape
RusselSq1_EQR_720p_0074	urban soundscape
RusselSq1_EQR_720p_0075	urban soundscape
RusselSq1_EQR_720p_0076	urban soundscape
RusselSq1_EQR_720p_0077	urban soundscape
RusselSq1_EQR_720p_0078	urban soundscape
RusselSq1_EQR_720p_0079	urban soundscape
RusselSq1_EQR_720p_0080	urban soundscape
RusselSq1_EQR_720p_0081	urban soundscape
RusselSq1_EQR_720p_0082	urban soundscape
RusselSq1_EQR_720p_0083	urban soundscape
RusselSq1_EQR_720p_0084	urban soundscape
RusselSq1_EQR_720p_0085	urban soundscape
RusselSq1_EQR_720p_0086	urban soundscape
RusselSq1_EQR_720p_0087	urban soundscape
RusselSq1_EQR_720p_0088	urban soundscape
RusselSq1_EQR_720p_0089	urban soundscape
RusselSq1_EQR_720p_0090	urban soundscape
RusselSq1_EQR_720p_0091	urban soundscape
RusselSq1_EQR_720p_0092	urban soundscape
RusselSq1_EQR_720p_0093	urban soundscape
RusselSq1_EQR_720p_0094	urban soundscape
RusselSq1_EQR_720p_0095	urban soundscape
RusselSq1_EQR_720p_0096	urban soundscape
RusselSq1_EQR_720p_0097	urban soundscape
RusselSq1_EQR_720p_0098	urban soundscape
RusselSq1_EQR_720p_0099	urban soundscape
RusselSq1_EQR_720p_0100	urban soundscape
RusselSq1_EQR_720p_0101	urban soundscape
RusselSq1_EQR_720p_0102	urban soundscape
RusselSq1_EQR_720p_0103	urban soundscape
RusselSq1_EQR_720p_0104	urban soundscape
RusselSq1_EQR_720p_0105	urban soundscape
RusselSq1_EQR_720p_0106	urban soundscape
RusselSq1_EQR_720p_0107	urban soundscape
RusselSq1_EQR_720p_0108	urban soundscape
RusselSq2_EQR_720p_0002	urban soundscape
RusselSq2_EQR_720p_0003	urban soundscape
RusselSq2_EQR_720p_0004	urban soundscape
RusselSq2_EQR_720p_0005	urban soundscape
RusselSq2_EQR_720p_0006	urban soundscape
RusselSq2_EQR_720p_0007	urban soundscape
RusselSq2_EQR_720p_0008	urban soundscape
RusselSq2_EQR_720p_0009	urban soundscape
RusselSq2_EQR_720p_0010	urban soundscape
RusselSq2_EQR_720p_0011	urban soundscape
RusselSq2_EQR_720p_0012	urban soundscape
RusselSq2_EQR_720p_0013	urban soundscape
RusselSq2_EQR_720p_0014	urban soundscape
RusselSq2_EQR_720p_0015	urban soundscape
RusselSq2_EQR_720p_0016	urban soundscape
RusselSq2_EQR_720p_0017	urban soundscape
RusselSq2_EQR_720p_0018	urban soundscape
RusselSq2_EQR_720p_0019	urban soundscape
RusselSq2_EQR_720p_0020	urban soundscape
RusselSq2_EQR_720p_0021	urban soundscape
RusselSq2_EQR_720p_0022	urban soundscape
RusselSq2_EQR_720p_0023	urban soundscape
RusselSq2_EQR_720p_0024	urban soundscape
RusselSq2_EQR_720p_0025	urban soundscape
RusselSq2_EQR_720p_0026	urban soundscape
RusselSq2_EQR_720p_0027	urban soundscape
RusselSq2_EQR_720p_0028	urban soundscape
RusselSq2_EQR_720p_0029	urban soundscape
RusselSq2_EQR_720p_0030	urban soundscape
RusselSq2_EQR_720p_0031	urban soundscape
RusselSq2_EQR_720p_0032	urban soundscape
RusselSq2_EQR_720p_0033	urban soundscape
RusselSq2_EQR_720p_0034	urban soundscape
RusselSq2_EQR_720p_0035	urban soundscape
RusselSq2_EQR_720p_0036	urban soundscape
RusselSq2_EQR_720p_0037	urban soundscape
RusselSq2_EQR_720p_0038	urban soundscape
RusselSq2_EQR_720p_0039	urban soundscape
RusselSq2_EQR_720p_0040	urban soundscape
RusselSq2_EQR_720p_0041	urban soundscape
RusselSq2_EQR_720p_0042	urban soundscape
RusselSq2_EQR_720p_0043	urban soundscape
RusselSq2_EQR_720p_0044	urban soundscape
RusselSq2_EQR_720p_0045	urban soundscape
RusselSq2_EQR_720p_0046	urban soundscape
RusselSq2_EQR_720p_0047	urban soundscape
RusselSq2_EQR_720p_0048	urban soundscape
RusselSq2_EQR_720p_0049	urban soundscape
RusselSq2_EQR_720p_0050	urban soundscape
RusselSq2_EQR_720p_0051	urban soundscape
RusselSq2_EQR_720p_0052	urban soundscape
RusselSq2_EQR_720p_0053	urban soundscape
RusselSq2_EQR_720p_0054	urban soundscape
RusselSq2_EQR_720p_0055	urban soundscape
RusselSq2_EQR_720p_0056	urban soundscape
RusselSq2_EQR_720p_0057	urban soundscape
RusselSq2_EQR_720p_0058	urban soundscape
RusselSq2_EQR_720p_0059	urban soundscape
RusselSq2_EQR_720p_0060	urban soundscape
RusselSq2_EQR_720p_0061	urban soundscape
RusselSq2_EQR_720p_0062	urban soundscape
RusselSq2_EQR_720p_0063	urban soundscape
RusselSq2_EQR_720p_0064	urban soundscape
RusselSq2_EQR_720p_0065	urban soundscape
RusselSq2_EQR_720p_0066	urban soundscape
RusselSq2_EQR_720p_0067	urban soundscape
RusselSq2_EQR_720p_0068	urban soundscape
RusselSq2_EQR_720p_0069	urban soundscape
RusselSq2_EQR_720p_0070	urban soundscape
RusselSq2_EQR_720p_0071	urban soundscape
RusselSq2_EQR_720p_0072	urban soundscape
RusselSq2_EQR_720p_0073	urban soundscape
RusselSq2_EQR_720p_0074	urban soundscape
RusselSq2_EQR_720p_0075	urban soundscape
RusselSq2_EQR_720p_0076	urban soundscape
RusselSq2_EQR_720p_0077	urban soundscape
RusselSq2_EQR_720p_0078	urban soundscape
RusselSq2_EQR_720p_0079	urban soundscape
RusselSq2_EQR_720p_0080	urban soundscape
RusselSq2_EQR_720p_0081	urban soundscape
RusselSq2_EQR_720p_0082	urban soundscape
RusselSq2_EQR_720p_0083	urban soundscape
RusselSq2_EQR_720p_0084	urban soundscape
RusselSq2_EQR_720p_0085	urban soundscape
RusselSq2_EQR_720p_0086	urban soundscape
RusselSq2_EQR_720p_0087	urban soundscape
RusselSq2_EQR_720p_0088	urban soundscape
RusselSq2_EQR_720p_0089	urban soundscape
RusselSq2_EQR_720p_0090	urban soundscape
RusselSq2_EQR_720p_0091	urban soundscape
RusselSq2_EQR_720p_0092	urban soundscape
RusselSq2_EQR_720p_0093	urban soundscape
RusselSq2_EQR_720p_0094	urban soundscape
RusselSq2_EQR_720p_0095	urban soundscape
RusselSq2_EQR_720p_0096	urban soundscape
RusselSq2_EQR_720p_0097	urban soundscape
RusselSq2_EQR_720p_0098	urban soundscape
RusselSq2_EQR_720p_0099	urban soundscape
RusselSq2_EQR_720p_0100	urban soundscape
RusselSq2_EQR_720p_0101	urban soundscape
RusselSq2_EQR_720p_0102	urban soundscape
RusselSq3_EQR_720p_0003	urban soundscape
RusselSq3_EQR_720p_0004	urban soundscape
RusselSq3_EQR_720p_0005	urban soundscape
RusselSq3_EQR_720p_0006	urban soundscape
RusselSq3_EQR_720p_0007	urban soundscape
RusselSq3_EQR_720p_0008	urban soundscape
RusselSq3_EQR_720p_0009	urban soundscape
RusselSq3_EQR_720p_0010	urban soundscape
RusselSq3_EQR_720p_0011	urban soundscape
RusselSq3_EQR_720p_0012	urban soundscape
RusselSq3_EQR_720p_0013	urban soundscape
RusselSq3_EQR_720p_0014	urban soundscape
RusselSq3_EQR_720p_0015	urban soundscape
RusselSq3_EQR_720p_0016	urban soundscape
RusselSq3_EQR_720p_0017	urban soundscape
RusselSq3_EQR_720p_0018	urban soundscape
RusselSq3_EQR_720p_0019	urban soundscape
RusselSq3_EQR_720p_0020	urban soundscape
RusselSq3_EQR_720p_0021	urban soundscape
RusselSq3_EQR_720p_0022	urban soundscape
RusselSq3_EQR_720p_0023	urban soundscape
RusselSq3_EQR_720p_0024	urban soundscape
RusselSq3_EQR_720p_0025	urban soundscape
RusselSq3_EQR_720p_0026	urban soundscape
RusselSq3_EQR_720p_0027	urban soundscape
RusselSq3_EQR_720p_0028	urban soundscape
RusselSq3_EQR_720p_0029	urban soundscape
RusselSq3_EQR_720p_0030	urban soundscape
RusselSq3_EQR_720p_0031	urban soundscape
RusselSq3_EQR_720p_0032	urban soundscape
RusselSq3_EQR_720p_0033	urban soundscape
RusselSq3_EQR_720p_0034	urban soundscape
RusselSq3_EQR_720p_0035	urban soundscape
RusselSq3_EQR_720p_0036	urban soundscape
RusselSq3_EQR_720p_0037	urban soundscape
RusselSq3_EQR_720p_0038	urban soundscape
RusselSq3_EQR_720p_0039	urban soundscape
RusselSq3_EQR_720p_0040	urban soundscape
RusselSq3_EQR_720p_0041	urban soundscape
StPaulsCross1_EQR_720p_0002	urban soundscape
StPaulsCross1_EQR_720p_0003	urban soundscape
StPaulsCross1_EQR_720p_0004	urban soundscape
StPaulsCross1_EQR_720p_0005	urban soundscape
StPaulsCross1_EQR_720p_0006	urban soundscape
StPaulsCross1_EQR_720p_0007	urban soundscape
StPaulsCross1_EQR_720p_0008	urban soundscape
StPaulsCross1_EQR_720p_0009	urban soundscape
StPaulsCross1_EQR_720p_0010	urban soundscape
StPaulsCross1_EQR_720p_0011	urban soundscape
StPaulsCross1_EQR_720p_0012	urban soundscape
StPaulsCross1_EQR_720p_0013	urban soundscape
StPaulsCross1_EQR_720p_0014	urban soundscape
StPaulsCross1_EQR_720p_0015	urban soundscape
StPaulsCross1_EQR_720p_0016	urban soundscape
StPaulsCross1_EQR_720p_0017	urban soundscape
StPaulsCross1_EQR_720p_0018	urban soundscape
StPaulsCross1_EQR_720p_0019	urban soundscape
StPaulsCross1_EQR_720p_0020	urban soundscape
StPaulsCross1_EQR_720p_0021	urban soundscape
StPaulsCross1_EQR_720p_0022	urban soundscape
StPaulsCross1_EQR_720p_0023	urban soundscape
StPaulsCross1_EQR_720p_0024	urban soundscape
StPaulsCross1_EQR_720p_0025	urban soundscape
StPaulsCross1_EQR_720p_0026	urban soundscape
StPaulsCross1_EQR_720p_0027	urban soundscape
StPaulsCross1_EQR_720p_0028	urban soundscape
StPaulsCross1_EQR_720p_0029	urban soundscape
StPaulsCross1_EQR_720p_0030	urban soundscape
StPaulsCross1_EQR_720p_0031	urban soundscape
StPaulsCross1_EQR_720p_0032	urban soundscape
StPaulsCross1_EQR_720p_0033	urban soundscape
StPaulsCross1_EQR_720p_0034	urban soundscape
StPaulsCross1_EQR_720p_0035	urban soundscape
StPaulsCross1_EQR_720p_0036	urban soundscape
StPaulsCross1_EQR_720p_0037	urban soundscape
StPaulsCross1_EQR_720p_0038	urban soundscape
StPaulsCross1_EQR_720p_0039	urban soundscape
StPaulsCross1_EQR_720p_0040	urban soundscape
StPaulsCross1_EQR_720p_0041	urban soundscape
StPaulsCross1_EQR_720p_0042	urban soundscape
StPaulsCross1_EQR_720p_0043	urban soundscape
StPaulsCross1_EQR_720p_0044	urban soundscape
StPaulsCross1_EQR_720p_0045	urban soundscape
StPaulsCross1_EQR_720p_0046	urban soundscape
StPaulsCross1_EQR_720p_0047	urban soundscape
StPaulsCross1_EQR_720p_0048	urban soundscape
StPaulsCross1_EQR_720p_0049	urban soundscape
StPaulsCross1_EQR_720p_0050	urban soundscape
StPaulsCross1_EQR_720p_0051	urban soundscape
StPaulsCross1_EQR_720p_0052	urban soundscape
StPaulsCross1_EQR_720p_0053	urban soundscape
StPaulsCross1_EQR_720p_0054	urban soundscape
StPaulsCross1_EQR_720p_0055	urban soundscape
StPaulsCross1_EQR_720p_0056	urban soundscape
StPaulsCross1_EQR_720p_0057	urban soundscape
StPaulsCross1_EQR_720p_0058	urban soundscape
StPaulsCross1_EQR_720p_0059	urban soundscape
StPaulsCross1_EQR_720p_0060	urban soundscape
StPaulsCross1_EQR_720p_0061	urban soundscape
StPaulsCross1_EQR_720p_0062	urban soundscape
StPaulsCross1_EQR_720p_0063	urban soundscape
StPaulsCross1_EQR_720p_0064	urban soundscape
StPaulsCross1_EQR_720p_0065	urban soundscape
StPaulsCross1_EQR_720p_0066	urban soundscape
StPaulsCross1_EQR_720p_0067	urban soundscape
StPaulsCross1_EQR_720p_0068	urban soundscape
StPaulsCross1_EQR_720p_0069	urban soundscape
StPaulsCross1_EQR_720p_0070	urban soundscape
StPaulsCross1_EQR_720p_0071	urban soundscape
StPaulsCross1_EQR_720p_0072	urban soundscape
StPaulsCross1_EQR_720p_0073	urban soundscape
StPaulsCross1_EQR_720p_0074	urban soundscape
StPaulsCross1_EQR_720p_0075	urban soundscape
StPaulsCross1_EQR_720p_0076	urban soundscape
StPaulsCross1_EQR_720p_0077	urban soundscape
StPaulsCross1_EQR_720p_0078	urban soundscape
StPaulsCross1_EQR_720p_0079	urban soundscape
StPaulsCross1_EQR_720p_0080	urban soundscape
StPaulsCross1_EQR_720p_0081	urban soundscape
StPaulsCross1_EQR_720p_0082	urban soundscape
StPaulsCross1_EQR_720p_0083	urban soundscape
StPaulsCross1_EQR_720p_0084	urban soundscape
StPaulsCross1_EQR_720p_0085	urban soundscape
StPaulsCross1_EQR_720p_0086	urban soundscape
StPaulsCross1_EQR_720p_0087	urban soundscape
StPaulsCross1_EQR_720p_0088	urban soundscape
StPaulsCross1_EQR_720p_0089	urban soundscape
StPaulsCross1_EQR_720p_0090	urban soundscape
StPaulsCross1_EQR_720p_0091	urban soundscape
StPaulsRow1_0097_0001	urban soundscape
StPaulsRow1_0097_0002	urban soundscape
StPaulsRow1_0097_0003	urban soundscape
StPaulsRow1_0097_0004	urban soundscape
StPaulsRow1_0097_0005	urban soundscape
StPaulsRow1_0097_0006	urban soundscape
StPaulsRow1_0097_0007	urban soundscape
StPaulsRow1_0097_0008	urban soundscape
StPaulsRow1_0097_0009	urban soundscape
StPaulsRow1_0097_0010	urban soundscape
StPaulsRow1_0097_0011	urban soundscape
StPaulsRow1_0097_0012	urban soundscape
StPaulsRow1_0097_0013	urban soundscape
StPaulsRow1_0097_0014	urban soundscape
StPaulsRow1_0097_0015	urban soundscape
StPaulsRow1_0097_0016	urban soundscape
StPaulsRow1_0097_0017	urban soundscape
StPaulsRow1_0097_0018	urban soundscape
StPaulsRow1_0097_0019	urban soundscape
StPaulsRow1_0097_0020	urban soundscape
StPaulsRow1_0097_0021	urban soundscape
StPaulsRow1_0097_0022	urban soundscape
StPaulsRow1_0097_0023	urban soundscape
StPaulsRow1_0097_0024	urban soundscape
StPaulsRow1_0097_0025	urban soundscape
StPaulsRow1_0097_0026	urban soundscape
StPaulsRow1_0097_0027	urban soundscape
StPaulsRow1_0097_0028	urban soundscape
StPaulsRow1_0097_0029	urban soundscape
StPaulsRow1_0097_0030	urban soundscape
StPaulsRow1_0097_0031	urban soundscape
StPaulsRow1_0097_0032	urban soundscape
StPaulsRow1_0097_0033	urban soundscape
StPaulsRow1_0097_0034	urban soundscape
StPaulsRow1_0097_0035	urban soundscape
StPaulsRow1_0097_0036	urban soundscape
StPaulsRow1_0097_0037	urban soundscape
StPaulsRow1_0097_0038	urban soundscape
StPaulsRow1_0097_0039	urban soundscape
StPaulsRow1_0097_0040	urban soundscape
StPaulsRow1_0097_0041	urban soundscape
StPaulsRow1_0097_0042	urban soundscape
StPaulsRow1_0097_0043	urban soundscape
StPaulsRow1_0097_0044	urban soundscape
StPaulsRow1_0097_0045	urban soundscape
StPaulsRow1_0097_0046	urban soundscape
StPaulsRow1_0097_0047	urban soundscape
StPaulsRow1_0097_0048	urban soundscape
StPaulsRow1_0097_0049	urban soundscape
StPaulsRow1_0097_0050	urban soundscape
StPaulsRow1_0097_0051	urban soundscape
StPaulsRow1_0097_0052	urban soundscape
StPaulsRow1_0097_0053	urban soundscape
StPaulsRow1_0097_0054	urban soundscape
StPaulsRow1_0097_0055	urban soundscape
StPaulsRow1_0097_0056	urban soundscape
StPaulsRow1_0097_0057	urban soundscape
StPaulsRow1_0097_0058	urban soundscape
StPaulsRow1_0097_0059	urban soundscape
StPaulsRow1_0097_0060	urban soundscape
StPaulsRow1_0097_0061	urban soundscape
StPaulsRow1_0097_0062	urban soundscape
StPaulsRow1_0097_0063	urban soundscape
StPaulsRow1_0097_0064	urban soundscape
StPaulsRow1_0097_0065	urban soundscape
StPaulsRow1_0097_0066	urban soundscape
StPaulsRow1_0097_0067	urban soundscape
StPaulsRow1_0097_0068	urban soundscape
StPaulsRow1_0097_0069	urban soundscape
StPaulsRow1_0097_0070	urban soundscape
StPaulsRow1_0097_0071	urban soundscape
StPaulsRow1_0097_0072	urban soundscape
StPaulsRow1_0097_0073	urban soundscape
StPaulsRow1_0097_0074	urban soundscape
StPaulsRow1_0097_0075	urban soundscape
StPaulsRow1_0097_0076	urban soundscape
StPaulsRow1_0097_0077	urban soundscape
StPaulsRow1_0097_0078	urban soundscape
StPaulsRow1_0097_0079	urban soundscape
StPaulsRow1_0097_0080	urban soundscape
StPaulsRow1_0097_0081	urban soundscape
StPaulsRow1_0097_0082	urban soundscape
StPaulsRow1_0097_0083	urban soundscape
StPaulsRow1_0097_0084	urban soundscape
StPaulsRow1_0097_0085	urban soundscape
StPaulsRow1_0097_0086	urban soundscape
StPaulsRow1_0097_0087	urban soundscape
StPaulsRow1_0097_0088	urban soundscape
StPaulsRow1_0097_0089	urban soundscape
StPaulsRow1_0097_0090	urban soundscape
StPaulsRow1_0097_0091	urban soundscape
StPaulsRow1_0097_0092	urban soundscape
StPaulsRow1_0097_0093	urban soundscape
StPaulsRow1_0097_0094	urban soundscape
StPaulsRow1_0097_0095	urban soundscape
StPaulsRow1_0097_0096	urban soundscape
StPaulsRow1_0097_0097	urban soundscape
StPaulsRow1_0097_0098	urban soundscape
StPaulsRow1_0097_0099	urban soundscape
StPaulsRow1_0097_0100	urban soundscape
StPaulsRow1_0097_0101	urban soundscape
StPaulsRow1_0097_0102	urban soundscape
StPaulsRow1_0097_0103	urban soundscape
StPaulsRow1_0097_0104	urban soundscape
StPaulsRow1_0097_0105	urban soundscape
StPaulsRow1_0097_0106	urban soundscape
StPaulsRow1_0097_0107	urban soundscape
TateModern1_EQR_720p_0001	urban soundscape
TateModern1_EQR_720p_0002	urban soundscape
TateModern1_EQR_720p_0003	urban soundscape
TateModern1_EQR_720p_0004	urban soundscape
TateModern1_EQR_720p_0005	urban soundscape
TateModern1_EQR_720p_0006	urban soundscape
TateModern1_EQR_720p_0007	urban soundscape
TateModern1_EQR_720p_0008	urban soundscape
TateModern1_EQR_720p_0009	urban soundscape
TateModern1_EQR_720p_0010	urban soundscape
TateModern1_EQR_720p_0011	urban soundscape
TateModern1_EQR_720p_0012	urban soundscape
TateModern1_EQR_720p_0013	urban soundscape
TateModern1_EQR_720p_0014	urban soundscape
TateModern1_EQR_720p_0015	urban soundscape
TateModern1_EQR_720p_0016	urban soundscape
TateModern1_EQR_720p_0017	urban soundscape
TateModern1_EQR_720p_0018	urban soundscape
TateModern1_EQR_720p_0019	urban soundscape
TateModern1_EQR_720p_0020	urban soundscape
TateModern1_EQR_720p_0021	urban soundscape
TateModern1_EQR_720p_0022	urban soundscape
TateModern1_EQR_720p_0023	urban soundscape
TateModern1_EQR_720p_0024	urban soundscape
TateModern1_EQR_720p_0025	urban soundscape
TateModern1_EQR_720p_0026	urban soundscape
TateModern1_EQR_720p_0027	urban soundscape
TateModern1_EQR_720p_0028	urban soundscape
TateModern1_EQR_720p_0029	urban soundscape
TateModern1_EQR_720p_0030	urban soundscape
TateModern1_EQR_720p_0031	urban soundscape
TateModern1_EQR_720p_0032	urban soundscape
TateModern1_EQR_720p_0033	urban soundscape
TateModern1_EQR_720p_0034	urban soundscape
TateModern1_EQR_720p_0035	urban soundscape
TateModern1_EQR_720p_0036	urban soundscape
TateModern1_EQR_720p_0037	urban soundscape
TateModern1_EQR_720p_0038	urban soundscape
TateModern1_EQR_720p_0039	urban soundscape
TateModern1_EQR_720p_0040	urban soundscape
TateModern1_EQR_720p_0041	urban soundscape
TateModern1_EQR_720p_0042	urban soundscape
TateModern1_EQR_720p_0043	urban soundscape
TateModern1_EQR_720p_0044	urban soundscape
TateModern1_EQR_720p_0045	urban soundscape
TateModern1_EQR_720p_0046	urban soundscape
TateModern1_EQR_720p_0047	urban soundscape
TateModern1_EQR_720p_0048	urban soundscape
TateModern1_EQR_720p_0049	urban soundscape
TateModern1_EQR_720p_0050	urban soundscape
TateModern1_EQR_720p_0051	urban soundscape
TateModern1_EQR_720p_0052	urban soundscape
TateModern1_EQR_720p_0053	urban soundscape
TateModern1_EQR_720p_0054	urban soundscape
TateModern1_EQR_720p_0055	urban soundscape
TateModern1_EQR_720p_0056	urban soundscape
TateModern1_EQR_720p_0057	urban soundscape
TateModern1_EQR_720p_0058	urban soundscape
TateModern1_EQR_720p_0059	urban soundscape
TateModern1_EQR_720p_0060	urban soundscape
TateModern1_EQR_720p_0061	urban soundscape
TateModern1_EQR_720p_0062	urban soundscape
TateModern1_EQR_720p_0063	urban soundscape
TateModern1_EQR_720p_0064	urban soundscape
TateModern1_EQR_720p_0065	urban soundscape
TateModern1_EQR_720p_0066	urban soundscape
TateModern1_EQR_720p_0067	urban soundscape
TateModern1_EQR_720p_0068	urban soundscape
TateModern1_EQR_720p_0069	urban soundscape
TateModern1_EQR_720p_0070	urban soundscape
TateModern1_EQR_720p_0071	urban soundscape
TateModern1_EQR_720p_0072	urban soundscape
TateModern1_EQR_720p_0073	urban soundscape
TateModern1_EQR_720p_0074	urban soundscape
TateModern1_EQR_720p_0075	urban soundscape
TateModern1_EQR_720p_0076	urban soundscape
TateModern1_EQR_720p_0077	urban soundscape
TateModern1_EQR_720p_0078	urban soundscape
TateModern1_EQR_720p_0079	urban soundscape
TateModern1_EQR_720p_0080	urban soundscape
TateModern1_EQR_720p_0081	urban soundscape
TateModern1_EQR_720p_0082	urban soundscape
TateModern1_EQR_720p_0083	urban soundscape
TateModern1_EQR_720p_0084	urban soundscape
TateModern1_EQR_720p_0085	urban soundscape
TateModern1_EQR_720p_0086	urban soundscape
TateModern1_EQR_720p_0087	urban soundscape
TateModern1_EQR_720p_0088	urban soundscape
TateModern1_EQR_720p_0089	urban soundscape
TateModern1_EQR_720p_0090	urban soundscape
TateModern1_EQR_720p_0091	urban soundscape
TateModern1_EQR_720p_0092	urban soundscape
TateModern1_EQR_720p_0093	urban soundscape
TateModern1_EQR_720p_0094	urban soundscape
TateModern1_EQR_720p_0095	urban soundscape
TateModern1_EQR_720p_0096	urban soundscape
TateModern1_EQR_720p_0097	urban soundscape
TateModern1_EQR_720p_0098	urban soundscape
TateModern1_EQR_720p_0099	urban soundscape
TateModern3_0093_0001	urban soundscape
TateModern3_0093_0002	urban soundscape
TateModern3_0093_0003	urban soundscape
TateModern3_0093_0004	urban soundscape
TateModern3_0093_0005	urban soundscape
TateModern3_0093_0006	urban soundscape
TateModern3_0093_0007	urban soundscape
TateModern3_0093_0008	urban soundscape
TateModern3_0093_0009	urban soundscape
TateModern3_0093_0010	urban soundscape
TateModern3_0093_0011	urban soundscape
TateModern3_0093_0012	urban soundscape
TateModern3_0093_0013	urban soundscape
TateModern3_0093_0014	urban soundscape
TateModern3_0093_0015	urban soundscape
TateModern3_0093_0016	urban soundscape
TateModern3_0093_0017	urban soundscape
TateModern3_0093_0018	urban soundscape
TateModern3_0093_0019	urban soundscape
TateModern3_0093_0020	urban soundscape
TateModern3_0093_0021	urban soundscape
TateModern3_0093_0022	urban soundscape
TateModern3_0093_0023	urban soundscape
TateModern3_0093_0024	urban soundscape
TateModern3_0093_0025	urban soundscape
TateModern3_0093_0026	urban soundscape
TateModern3_0093_0027	urban soundscape
TateModern3_0093_0028	urban soundscape
TateModern3_0093_0029	urban soundscape
TateModern3_0093_0030	urban soundscape
TateModern3_0093_0031	urban soundscape
TateModern3_0093_0032	urban soundscape
TateModern3_0093_0033	urban soundscape
TateModern3_0093_0034	urban soundscape
TateModern3_0093_0035	urban soundscape
TateModern3_0093_0036	urban soundscape
TateModern3_0093_0037	urban soundscape
TateModern3_0093_0038	urban soundscape
TateModern3_0093_0039	urban soundscape
TateModern3_0093_0040	urban soundscape
TateModern3_0093_0041	urban soundscape
TateModern3_0093_0042	urban soundscape
TateModern3_0093_0043	urban soundscape
TateModern3_0093_0044	urban soundscape
TateModern3_0093_0045	urban soundscape
TateModern3_0093_0046	urban soundscape
TateModern3_0093_0047	urban soundscape
TateModern3_0093_0048	urban soundscape
TateModern3_0093_0049	urban soundscape
TateModern3_0093_0050	urban soundscape
TateModern3_0093_0051	urban soundscape
TateModern3_0093_0052	urban soundscape
TateModern3_0093_0053	urban soundscape
TateModern3_0093_0054	urban soundscape
TateModern3_0093_0055	urban soundscape
TateModern3_0093_0056	urban soundscape
TateModern3_0093_0057	urban soundscape
TateModern3_0093_0058	urban soundscape
TateModern3_0093_0059	urban soundscape
TateModern3_0093_0060	urban soundscape
TateModern3_0093_0061	urban soundscape
TateModern3_0093_0062	urban soundscape
TateModern3_0093_0063	urban soundscape
TateModern3_0093_0064	urban soundscape
TateModern3_0093_0065	urban soundscape
TateModern3_0093_0066	urban soundscape
TateModern3_0093_0067	urban soundscape
TateModern3_0093_0068	urban soundscape
TateModern3_0093_0069	urban soundscape
TateModern3_0093_0070	urban soundscape
TateModern3_0093_0071	urban soundscape
TateModern3_0093_0072	urban soundscape
TateModern3_0093_0073	urban soundscape
TateModern3_0093_0074	urban soundscape
TateModern3_0093_0075	urban soundscape
TateModern3_0093_0076	urban soundscape
TateModern3_0093_0077	urban soundscape
TateModern3_0093_0078	urban soundscape
TateModern3_0093_0079	urban soundscape
TateModern3_0093_0080	urban soundscape
TateModern3_0093_0081	urban soundscape
TateModern3_0093_0082	urban soundscape
TateModern3_0093_0083	urban soundscape
TateModern3_0093_0084	urban soundscape
TateModern3_0093_0085	urban soundscape
TateModern3_0093_0086	urban soundscape
TateModern3_0093_0087	urban soundscape
TateModern3_0093_0088	urban soundscape
TateModern3_0093_0089	urban soundscape
TateModern3_0093_0090	urban soundscape
TateModern3_0093_0091	urban soundscape
TateModern3_0093_0092	urban soundscape
TateModern3_0093_0093	urban soundscape
TateModern3_0093_0094	urban soundscape
TateModern3_0093_0095	urban soundscape
TateModern3_0093_0096	urban soundscape
TateModern3_0093_0097	urban soundscape
TateModern3_0093_0098	urban soundscape
TateModern3_0093_0099	urban soundscape
TateModern3_0093_0100	urban soundscape
TateModern3_0093_0101	urban soundscape
TateModern3_0093_0102	urban soundscape
TateModern3_0093_0103	urban soundscape
TateModern3_0093_0104	urban soundscape
TateModern3_0093_0105	urban soundscape
TateModern3_0093_0106	urban soundscape
TateModern3_0093_0107	urban soundscape
TateModern3_0093_0108	urban soundscape
TateModern3_0093_0109	urban soundscape
TateModern3_0093_0110	urban soundscape
TateModernSq1_0075_0002	urban soundscape
TateModernSq1_0075_0003	urban soundscape
TateModernSq1_0075_0004	urban soundscape
TateModernSq1_0075_0005	urban soundscape
TateModernSq1_0075_0006	urban soundscape
TateModernSq1_0075_0007	urban soundscape
TateModernSq1_0075_0008	urban soundscape
TateModernSq1_0075_0009	urban soundscape
TateModernSq1_0075_0010	urban soundscape
TateModernSq1_0075_0011	urban soundscape
TateModernSq1_0075_0012	urban soundscape
TateModernSq1_0075_0013	urban soundscape
TateModernSq1_0075_0014	urban soundscape
TateModernSq1_0075_0015	urban soundscape
TateModernSq1_0075_0016	urban soundscape
TateModernSq1_0075_0017	urban soundscape
TateModernSq1_0075_0018	urban soundscape
TateModernSq1_0075_0019	urban soundscape
TateModernSq1_0075_0020	urban soundscape
TateModernSq1_0075_0021	urban soundscape
TateModernSq1_0075_0022	urban soundscape
TateModernSq1_0075_0023	urban soundscape
TateModernSq1_0075_0024	urban soundscape
TateModernSq1_0075_0025	urban soundscape
TateModernSq1_0075_0026	urban soundscape
TateModernSq1_0075_0027	urban soundscape
TateModernSq1_0075_0028	urban soundscape
TateModernSq1_0075_0029	urban soundscape
TateModernSq1_0075_0030	urban soundscape
TateModernSq1_0075_0031	urban soundscape
TateModernSq1_0075_0032	urban soundscape
TateModernSq1_0075_0033	urban soundscape
TateModernSq1_0075_0034	urban soundscape
TateModernSq1_0075_0035	urban soundscape
TateModernSq1_0075_0036	urban soundscape
TateModernSq1_0075_0037	urban soundscape
TateModernSq1_0075_0038	urban soundscape
TateModernSq1_0075_0039	urban soundscape
TateModernSq1_0075_0040	urban soundscape
TateModernSq1_0075_0041	urban soundscape
TateModernSq1_0075_0042	urban soundscape
TateModernSq1_0075_0043	urban soundscape
TateModernSq1_0075_0044	urban soundscape
TateModernSq1_0075_0045	urban soundscape
TateModernSq1_0075_0046	urban soundscape
TateModernSq1_0075_0047	urban soundscape
TateModernSq1_0075_0048	urban soundscape
TateModernSq1_0075_0049	urban soundscape
TateModernSq1_0075_0050	urban soundscape
TateModernSq1_0075_0051	urban soundscape
TateModernSq1_0075_0052	urban soundscape
TateModernSq1_0075_0053	urban soundscape
TateModernSq1_0075_0054	urban soundscape
TateModernSq1_0075_0055	urban soundscape
TateModernSq1_0075_0056	urban soundscape
TateModernSq1_0075_0057	urban soundscape
TateModernSq1_0075_0058	urban soundscape
TateModernSq1_0075_0059	urban soundscape
TateModernSq1_0075_0060	urban soundscape
TateModernSq1_0075_0061	urban soundscape
TateModernSq1_0075_0062	urban soundscape
TateModernSq1_0075_0063	urban soundscape
TateModernSq1_0075_0064	urban soundscape
TateModernSq1_0075_0065	urban soundscape
TateModernSq1_0075_0066	urban soundscape
TateModernSq1_0075_0067	urban soundscape
TateModernSq1_0075_0068	urban soundscape
TateModernSq1_0075_0069	urban soundscape
TateModernSq1_0075_0070	urban soundscape
TateModernSq2_0076_0001	urban soundscape
TateModernSq2_0076_0002	urban soundscape
TateModernSq2_0076_0003	urban soundscape
TateModernSq2_0076_0004	urban soundscape
TateModernSq2_0076_0005	urban soundscape
TateModernSq2_0076_0006	urban soundscape
TateModernSq2_0076_0007	urban soundscape
TateModernSq2_0076_0008	urban soundscape
TateModernSq2_0076_0009	urban soundscape
TateModernSq2_0076_0010	urban soundscape
TateModernSq2_0076_0011	urban soundscape
TateModernSq2_0076_0012	urban soundscape
TateModernSq2_0076_0013	urban soundscape
TateModernSq2_0076_0014	urban soundscape
TateModernSq2_0076_0015	urban soundscape
TateModernSq2_0076_0016	urban soundscape
TateModernSq2_0076_0017	urban soundscape
TateModernSq2_0076_0018	urban soundscape
TateModernSq2_0076_0019	urban soundscape
TateModernSq2_0076_0020	urban soundscape
TateModernSq2_0076_0021	urban soundscape
TateModernSq2_0076_0022	urban soundscape
TateModernSq2_0076_0023	urban soundscape
TateModernSq2_0076_0024	urban soundscape
TateModernSq2_0076_0025	urban soundscape
TateModernSq2_0076_0026	urban soundscape
TateModernSq2_0076_0027	urban soundscape
TateModernSq2_0076_0028	urban soundscape
TateModernSq2_0076_0029	urban soundscape
TateModernSq2_0076_0030	urban soundscape
TateModernSq2_0076_0031	urban soundscape
TateModernSq2_0076_0032	urban soundscape
TateModernSq2_0076_0033	urban soundscape
TateModernSq2_0076_0034	urban soundscape
TateModernSq2_0076_0035	urban soundscape
TateModernSq2_0076_0036	urban soundscape
TateModernSq2_0076_0037	urban soundscape
TateModernSq2_0076_0038	urban soundscape
TateModernSq2_0076_0039	urban soundscape
TateModernSq2_0076_0040	urban soundscape
TateModernSq2_0076_0041	urban soundscape
TateModernSq2_0076_0042	urban soundscape
TateModernSq2_0076_0043	urban soundscape
TateModernSq2_0076_0044	urban soundscape
TateModernSq2_0076_0045	urban soundscape
TateModernSq2_0076_0046	urban soundscape
TateModernSq2_0076_0047	urban soundscape
TateModernSq2_0076_0048	urban soundscape
TateModernSq2_0076_0049	urban soundscape
TateModernSq2_0076_0050	urban soundscape
TateModernSq2_0076_0051	urban soundscape
TateModernSq2_0076_0052	urban soundscape
TateModernSq2_0076_0053	urban soundscape
TateModernSq2_0076_0054	urban soundscape
TateModernSq2_0076_0055	urban soundscape
TateModernSq2_0076_0056	urban soundscape
TateModernSq2_0076_0057	urban soundscape
TateModernSq2_0076_0058	urban soundscape
TateModernSq2_0076_0059	urban soundscape
TateModernSq2_0076_0060	urban soundscape
TateModernSq2_0076_0061	urban soundscape
TateModernSq2_0076_0062	urban soundscape
TateModernSq2_0076_0063	urban soundscape
TateModernSq2_0076_0064	urban soundscape
TateModernSq2_0076_0065	urban soundscape
TateModernSq2_0076_0066	urban soundscape
TateModernSq2_0076_0067	urban soundscape
TateModernSq2_0076_0068	urban soundscape
TateModernSq2_0076_0069	urban soundscape
TateModernSq2_0076_0070	urban soundscape
TateModernSq2_0076_0071	urban soundscape
TateModernSq2_0076_0072	urban soundscape
TateModernSq2_0076_0073	urban soundscape
TateModernSq2_0076_0074	urban soundscape
TateModernSq2_0076_0075	urban soundscape
TateModernSq2_0076_0076	urban soundscape
TateModernSq2_0076_0077	urban soundscape
TateModernSq2_0076_0078	urban soundscape
TateModernSq2_0076_0079	urban soundscape
TateModernSq2_0076_0080	urban soundscape
TateModernSq2_0076_0081	urban soundscape
TateModernSq2_0076_0082	urban soundscape
TateModernSq2_0076_0083	urban soundscape
TateModernSq2_0076_0084	urban soundscape
TateModernSq2_0076_0085	urban soundscape
TateModernSq2_0076_0086	urban soundscape
TateModernSq2_0076_0087	urban soundscape
TateModernSq2_0076_0088	urban soundscape
TorringtonSq2_EQR_720p_0001	urban soundscape
TorringtonSq2_EQR_720p_0002	urban soundscape
TorringtonSq2_EQR_720p_0003	urban soundscape
TorringtonSq2_EQR_720p_0004	urban soundscape
TorringtonSq2_EQR_720p_0005	urban soundscape
TorringtonSq2_EQR_720p_0006	urban soundscape
TorringtonSq2_EQR_720p_0007	urban soundscape
TorringtonSq2_EQR_720p_0008	urban soundscape
TorringtonSq2_EQR_720p_0009	urban soundscape
TorringtonSq2_EQR_720p_0010	urban soundscape
TorringtonSq2_EQR_720p_0011	urban soundscape
TorringtonSq2_EQR_720p_0012	urban soundscape
TorringtonSq2_EQR_720p_0013	urban soundscape
TorringtonSq2_EQR_720p_0014	urban soundscape
TorringtonSq2_EQR_720p_0015	urban soundscape
TorringtonSq2_EQR_720p_0016	urban soundscape
TorringtonSq2_EQR_720p_0017	urban soundscape
TorringtonSq2_EQR_720p_0018	urban soundscape
TorringtonSq2_EQR_720p_0019	urban soundscape
TorringtonSq2_EQR_720p_0020	urban soundscape
TorringtonSq2_EQR_720p_0021	urban soundscape
TorringtonSq2_EQR_720p_0022	urban soundscape
TorringtonSq2_EQR_720p_0023	urban soundscape
TorringtonSq2_EQR_720p_0024	urban soundscape
TorringtonSq2_EQR_720p_0025	urban soundscape
TorringtonSq2_EQR_720p_0026	urban soundscape
TorringtonSq2_EQR_720p_0027	urban soundscape
TorringtonSq2_EQR_720p_0028	urban soundscape
TorringtonSq2_EQR_720p_0029	urban soundscape
TorringtonSq2_EQR_720p_0030	urban soundscape
TorringtonSq2_EQR_720p_0031	urban soundscape
TorringtonSq2_EQR_720p_0032	urban soundscape
TorringtonSq2_EQR_720p_0033	urban soundscape
TorringtonSq2_EQR_720p_0034	urban soundscape
TorringtonSq2_EQR_720p_0035	urban soundscape
TorringtonSq2_EQR_720p_0036	urban soundscape
TorringtonSq2_EQR_720p_0037	urban soundscape
TorringtonSq2_EQR_720p_0038	urban soundscape
TorringtonSq2_EQR_720p_0039	urban soundscape
TorringtonSq2_EQR_720p_0040	urban soundscape
TorringtonSq2_EQR_720p_0041	urban soundscape
TorringtonSq2_EQR_720p_0042	urban soundscape
TorringtonSq2_EQR_720p_0043	urban soundscape
TorringtonSq2_EQR_720p_0044	urban soundscape
TorringtonSq2_EQR_720p_0045	urban soundscape
TorringtonSq2_EQR_720p_0046	urban soundscape
TorringtonSq2_EQR_720p_0047	urban soundscape
TorringtonSq2_EQR_720p_0048	urban soundscape
TorringtonSq2_EQR_720p_0049	urban soundscape
TorringtonSq2_EQR_720p_0050	urban soundscape
TorringtonSq2_EQR_720p_0051	urban soundscape
TorringtonSq2_EQR_720p_0052	urban soundscape
TorringtonSq2_EQR_720p_0053	urban soundscape
TorringtonSq2_EQR_720p_0054	urban soundscape
TorringtonSq2_EQR_720p_0055	urban soundscape
TorringtonSq2_EQR_720p_0056	urban soundscape
TorringtonSq2_EQR_720p_0057	urban soundscape
TorringtonSq2_EQR_720p_0058	urban soundscape
TorringtonSq2_EQR_720p_0059	urban soundscape
TorringtonSq2_EQR_720p_0060	urban soundscape
TorringtonSq2_EQR_720p_0061	urban soundscape
TorringtonSq2_EQR_720p_0062	urban soundscape
TorringtonSq2_EQR_720p_0063	urban soundscape
TorringtonSq2_EQR_720p_0064	urban soundscape
TorringtonSq2_EQR_720p_0065	urban soundscape
TorringtonSq2_EQR_720p_0066	urban soundscape
TorringtonSq2_EQR_720p_0067	urban soundscape
TorringtonSq2_EQR_720p_0068	urban soundscape
TorringtonSq2_EQR_720p_0069	urban soundscape
TorringtonSq2_EQR_720p_0070	urban soundscape
TorringtonSq2_EQR_720p_0071	urban soundscape
TorringtonSq2_EQR_720p_0072	urban soundscape
TorringtonSq2_EQR_720p_0073	urban soundscape
TorringtonSq2_EQR_720p_0074	urban soundscape
TorringtonSq2_EQR_720p_0075	urban soundscape
TorringtonSq2_EQR_720p_0076	urban soundscape
TorringtonSq2_EQR_720p_0077	urban soundscape
TorringtonSq2_EQR_720p_0078	urban soundscape
TorringtonSq2_EQR_720p_0079	urban soundscape
TorringtonSq2_EQR_720p_0080	urban soundscape
TorringtonSq2_EQR_720p_0081	urban soundscape
TorringtonSq2_EQR_720p_0082	urban soundscape
TorringtonSq2_EQR_720p_0083	urban soundscape
TorringtonSq2_EQR_720p_0084	urban soundscape
TorringtonSq2_EQR_720p_0085	urban soundscape
TorringtonSq2_EQR_720p_0086	urban soundscape
TorringtonSq2_EQR_720p_0087	urban soundscape
TorringtonSq2_EQR_720p_0088	urban soundscape
TorringtonSq2_EQR_720p_0089	urban soundscape
TorringtonSq2_EQR_720p_0090	urban soundscape
TorringtonSq2_EQR_720p_0091	urban soundscape
TorringtonSq2_EQR_720p_0092	urban soundscape
TorringtonSq2_EQR_720p_0093	urban soundscape
TorringtonSq2_EQR_720p_0094	urban soundscape
TorringtonSq2_EQR_720p_0095	urban soundscape
TorringtonSq2_EQR_720p_0096	urban soundscape
TorringtonSq2_EQR_720p_0097	urban soundscape
TorringtonSq2_EQR_720p_0098	urban soundscape
TorringtonSq2_EQR_720p_0099	urban soundscape
TorringtonSq2_EQR_720p_0100	urban soundscape
TorringtonSq2_EQR_720p_0101	urban soundscape
TorringtonSq2_EQR_720p_0102	urban soundscape
TorringtonSq2_EQR_720p_0103	urban soundscape
TorringtonSq2_EQR_720p_0104	urban soundscape
TorringtonSq2_EQR_720p_0105	urban soundscape
TorringtonSq3_EQR_720p_0004	urban soundscape
TorringtonSq3_EQR_720p_0005	urban soundscape
TorringtonSq3_EQR_720p_0006	urban soundscape
TorringtonSq3_EQR_720p_0007	urban soundscape
TorringtonSq3_EQR_720p_0008	urban soundscape
TorringtonSq3_EQR_720p_0009	urban soundscape
TorringtonSq3_EQR_720p_0010	urban soundscape
TorringtonSq3_EQR_720p_0011	urban soundscape
TorringtonSq3_EQR_720p_0012	urban soundscape
TorringtonSq3_EQR_720p_0013	urban soundscape
TorringtonSq3_EQR_720p_0014	urban soundscape
TorringtonSq3_EQR_720p_0015	urban soundscape
TorringtonSq3_EQR_720p_0016	urban soundscape
TorringtonSq3_EQR_720p_0017	urban soundscape
TorringtonSq3_EQR_720p_0018	urban soundscape
TorringtonSq3_EQR_720p_0019	urban soundscape
TorringtonSq3_EQR_720p_0020	urban soundscape
TorringtonSq3_EQR_720p_0021	urban soundscape
TorringtonSq3_EQR_720p_0022	urban soundscape
TorringtonSq3_EQR_720p_0023	urban soundscape
TorringtonSq3_EQR_720p_0024	urban soundscape
TorringtonSq3_EQR_720p_0025	urban soundscape
TorringtonSq3_EQR_720p_0026	urban soundscape
TorringtonSq3_EQR_720p_0027	urban soundscape
TorringtonSq3_EQR_720p_0028	urban soundscape
TorringtonSq3_EQR_720p_0029	urban soundscape
TorringtonSq4_EQR_720p_0003	urban soundscape
TorringtonSq4_EQR_720p_0004	urban soundscape
TorringtonSq4_EQR_720p_0005	urban soundscape
TorringtonSq4_EQR_720p_0006	urban soundscape
TorringtonSq4_EQR_720p_0007	urban soundscape
TorringtonSq4_EQR_720p_0008	urban soundscape
TorringtonSq4_EQR_720p_0009	urban soundscape
TorringtonSq4_EQR_720p_0010	urban soundscape
TorringtonSq4_EQR_720p_0011	urban soundscape
TorringtonSq4_EQR_720p_0012	urban soundscape
TorringtonSq4_EQR_720p_0013	urban soundscape
TorringtonSq4_EQR_720p_0014	urban soundscape
TorringtonSq4_EQR_720p_0015	urban soundscape
TorringtonSq4_EQR_720p_0016	urban soundscape
TorringtonSq4_EQR_720p_0017	urban soundscape
TorringtonSq4_EQR_720p_0018	urban soundscape
TorringtonSq4_EQR_720p_0019	urban soundscape
TorringtonSq4_EQR_720p_0020	urban soundscape
TorringtonSq4_EQR_720p_0021	urban soundscape
TorringtonSq4_EQR_720p_0022	urban soundscape
TorringtonSq4_EQR_720p_0023	urban soundscape
TorringtonSq4_EQR_720p_0024	urban soundscape
TorringtonSq4_EQR_720p_0025	urban soundscape
TorringtonSq4_EQR_720p_0026	urban soundscape
TorringtonSq4_EQR_720p_0027	urban soundscape
TorringtonSq4_EQR_720p_0028	urban soundscape
TorringtonSq4_EQR_720p_0029	urban soundscape
TorringtonSq4_EQR_720p_0030	urban soundscape
TorringtonSq4_EQR_720p_0031	urban soundscape
TorringtonSq4_EQR_720p_0032	urban soundscape
TorringtonSq4_EQR_720p_0033	urban soundscape
TorringtonSq4_EQR_720p_0034	urban soundscape
TorringtonSq4_EQR_720p_0035	urban soundscape
TorringtonSq4_EQR_720p_0036	urban soundscape
TorringtonSq4_EQR_720p_0037	urban soundscape
TorringtonSq4_EQR_720p_0038	urban soundscape
TorringtonSq4_EQR_720p_0039	urban soundscape
TorringtonSq4_EQR_720p_0040	urban soundscape
TorringtonSq4_EQR_720p_0041	urban soundscape
TorringtonSq4_EQR_720p_0042	urban soundscape
TorringtonSq4_EQR_720p_0043	urban soundscape
TorringtonSq4_EQR_720p_0044	urban soundscape
TorringtonSq4_EQR_720p_0045	urban soundscape
TorringtonSq4_EQR_720p_0046	urban soundscape
TorringtonSq4_EQR_720p_0047	urban soundscape
TorringtonSq4_EQR_720p_0048	urban soundscape
TorringtonSq4_EQR_720p_0049	urban soundscape
TorringtonSq4_EQR_720p_0050	urban soundscape
TorringtonSq4_EQR_720p_0051	urban soundscape
TorringtonSq4_EQR_720p_0052	urban soundscape
TorringtonSq4_EQR_720p_0053	urban soundscape
TorringtonSq4_EQR_720p_0054	urban soundscape
TorringtonSq4_EQR_720p_0055	urban soundscape
TorringtonSq4_EQR_720p_0056	urban soundscape
TorringtonSq4_EQR_720p_0057	urban soundscape
TorringtonSq4_EQR_720p_0058	urban soundscape
TorringtonSq4_EQR_720p_0059	urban soundscape
TorringtonSq4_EQR_720p_0060	urban soundscape
TorringtonSq4_EQR_720p_0061	urban soundscape
TorringtonSq4_EQR_720p_0062	urban soundscape
TorringtonSq4_EQR_720p_0063	urban soundscape
TorringtonSq4_EQR_720p_0064	urban soundscape
TorringtonSq4_EQR_720p_0065	urban soundscape
TorringtonSq4_EQR_720p_0066	urban soundscape
TorringtonSq4_EQR_720p_0067	urban soundscape
TorringtonSq4_EQR_720p_0068	urban soundscape
TorringtonSq4_EQR_720p_0069	urban soundscape
TorringtonSq4_EQR_720p_0070	urban soundscape
TorringtonSq4_EQR_720p_0071	urban soundscape
TorringtonSq4_EQR_720p_0072	urban soundscape
TorringtonSq4_EQR_720p_0073	urban soundscape
TorringtonSq4_EQR_720p_0074	urban soundscape
TorringtonSq4_EQR_720p_0075	urban soundscape
TorringtonSq4_EQR_720p_0076	urban soundscape
TorringtonSq4_EQR_720p_0077	urban soundscape
TorringtonSq4_EQR_720p_0078	urban soundscape
TorringtonSq4_EQR_720p_0079	urban soundscape
TorringtonSq4_EQR_720p_0080	urban soundscape
TorringtonSq4_EQR_720p_0081	urban soundscape
TorringtonSq4_EQR_720p_0082	urban soundscape
TorringtonSq4_EQR_720p_0083	urban soundscape
TorringtonSq4_EQR_720p_0084	urban soundscape
TorringtonSq4_EQR_720p_0085	urban soundscape
TorringtonSq4_EQR_720p_0086	urban soundscape
TorringtonSq4_EQR_720p_0087	urban soundscape
